POS_enc,Class_enc,PPG,RPG,APG,SPG,BPG,TOVPG,MPG,GSPG,3PAr,FTr,AST_TOV,TS%,impact_per_min,Drafted
0,0,7.529411764705882,1.6764705882352942,1.3235294117647058,0.38235294117647056,0.029411764705882353,0.6176470588235294,18.647058823529413,0.20588235294117646,0.5024390243902439,0.17073170731707318,1.8442622950819672,0.5807622504537205,0.4722309381863821,0
0,3,9.685714285714285,2.0285714285714285,1.2571428571428571,0.45714285714285713,0.08571428571428572,0.8857142857142857,29.085714285714285,0.7428571428571429,0.5734767025089605,0.16129032258064516,1.2753623188405798,0.5672690763052208,0.37493881546744984,0
0,3,8.193548387096774,3.4838709677419355,2.4516129032258065,1.0,0.7096774193548387,2.3225806451612905,24.322580645161292,0.3548387096774194,0.2656826568265683,0.19557195571955718,1.0119840213049267,0.43150312584941564,0.43587372870162455,0
0,3,15.055555555555555,4.277777777777778,1.9166666666666667,0.6944444444444444,0.027777777777777776,1.8055555555555556,36.52777777777778,1.0,0.7208791208791209,0.16263736263736264,1.0058309037900874,0.5558290261711379,0.4633702411648718,0
2,0,9.71875,8.3125,0.28125,0.59375,1.9375,1.53125,23.375,0.96875,0.0,0.5844748858447488,0.17241379310344826,0.564797326747058,0.4259850905218317,0
0,0,10.176470588235293,2.5,4.088235294117647,1.1764705882352942,0.029411764705882353,2.176470588235294,34.029411764705884,1.0,0.32450331125827814,0.2947019867549669,1.7958656330749354,0.5070934458904912,0.4179593243709065,0
0,2,13.393939393939394,4.181818181818182,2.090909090909091,1.121212121212121,0.48484848484848486,1.4242424242424243,35.515151515151516,1.0,0.4945945945945946,0.2,1.3717693836978129,0.5489864864864865,0.43478260869565216,0
0,3,11.25,3.5,3.4722222222222223,1.1666666666666667,0.08333333333333333,1.8055555555555556,32.888888888888886,1.0,0.4560810810810811,0.3344594594594595,1.8221574344023324,0.5963599952880198,0.44627820815089253,0
0,2,7.111111111111111,4.055555555555555,2.4166666666666665,1.0277777777777777,0.1388888888888889,1.8888888888888888,25.13888888888889,0.6666666666666666,0.24338624338624337,0.4074074074074074,1.2150837988826815,0.574300071787509,0.3775038520801232,0
0,2,13.774193548387096,2.193548387096774,3.032258064516129,1.096774193548387,0.12903225806451613,1.6774193548387097,30.70967741935484,1.0,0.5449438202247191,0.15168539325842698,1.7059891107078038,0.562197177164525,0.5454926185739712,0
1,3,15.823529411764707,6.352941176470588,2.5294117647058822,1.4705882352941178,0.4411764705882353,1.6470588235294117,29.558823529411764,1.0,0.3190883190883191,0.3561253561253561,1.4478114478114477,0.6625615763546798,0.6188020626735422,1
0,2,8.875,5.28125,1.6875,0.9375,0.875,1.375,28.90625,0.84375,0.12735849056603774,0.33490566037735847,1.1440677966101693,0.5837855615852655,0.3641456582633053,0
0,0,17.484848484848484,3.3333333333333335,4.333333333333333,1.9090909090909092,0.21212121212121213,3.727272727272727,33.75757575757576,1.0,0.280561122244489,0.280561122244489,1.1322248614410133,0.5146271851587585,0.6444106327754408,0
1,1,10.264705882352942,4.117647058823529,1.7941176470588236,0.6764705882352942,0.20588235294117646,1.9705882352941178,26.41176470588235,0.9705882352941176,0.4507042253521127,0.3591549295774648,0.8664772727272727,0.5305886645585016,0.4548480142001332,0
0,3,8.972972972972974,2.4324324324324325,5.972972972972973,1.2972972972972974,0.02702702702702703,2.4054054054054053,32.810810810810814,1.0,0.39636363636363636,0.3781818181818182,2.3840345199568502,0.5175208878912583,0.4541348443787468,0
1,3,8.870967741935484,2.774193548387097,1.2258064516129032,0.41935483870967744,0.2903225806451613,0.8709677419354839,22.967741935483872,0.4838709677419355,0.3615023474178404,0.3755868544600939,1.2624584717607974,0.5539887187751813,0.4377010208362467,0
1,1,9.857142857142858,5.071428571428571,1.9285714285714286,0.9285714285714286,0.8571428571428571,2.142857142857143,25.607142857142858,0.39285714285714285,0.29957805907172996,0.3080168776371308,0.8598726114649682,0.512782401902497,0.4584606835232009,0
0,1,15.38888888888889,3.1666666666666665,4.888888888888889,0.9444444444444444,0.027777777777777776,2.4722222222222223,36.30555555555556,1.0,0.5509259259259259,0.3287037037037037,1.900647948164147,0.5601844361753762,0.5569967953609034,0
1,2,10.666666666666666,5.96969696969697,1.1515151515151516,0.9696969696969697,0.9393939393939394,1.4545454545454546,31.484848484848484,1.0,0.38686131386861317,0.24087591240875914,0.7407407407407407,0.5807814149947201,0.3741725031181042,0
1,2,19.764705882352942,8.705882352941176,1.6470588235294117,0.9117647058823529,1.6470588235294117,1.8235294117647058,33.088235294117645,1.0,0.3572815533980582,0.2737864077669903,0.856269113149847,0.5822819908498544,0.6451612903225807,1
0,1,19.76,7.36,1.32,1.44,1.0,1.88,32.88,0.96,0.412532637075718,0.3002610966057441,0.6666666666666667,0.5696494464944649,0.6391752577319587,0
0,0,13.914285714285715,2.142857142857143,2.0,0.8857142857142857,0.05714285714285714,1.4857142857142858,30.485714285714284,0.7428571428571429,0.4373522458628842,0.16784869976359337,1.2612612612612613,0.536060232476224,0.5203176085941149,0
2,0,7.588235294117647,4.088235294117647,0.2647058823529412,0.11764705882352941,0.7352941176470589,1.588235294117647,14.588235294117647,0.3235294117647059,0.0,0.8176470588235294,0.156794425087108,0.5580550268212494,0.5346415698838606,0
1,2,13.608695652173912,6.391304347826087,1.9565217391304348,0.30434782608695654,0.8260869565217391,1.391304347826087,27.73913043478261,0.782608695652174,0.5155038759689923,0.28294573643410853,1.3119533527696792,0.539431959189301,0.559112915820709,0
1,2,14.461538461538462,8.423076923076923,1.1153846153846154,0.6923076923076923,1.7692307692307692,0.9230769230769231,30.846153846153847,0.9615384615384616,0.016736401673640166,0.6401673640167364,1.0902255639097744,0.6137372682162444,0.5033557046979865,0
1,2,9.09375,5.3125,0.90625,0.53125,0.78125,1.71875,26.875,0.78125,0.5476190476190477,0.10204081632653061,0.4982817869415807,0.4736328125,0.3707136237256719,0
0,3,14.06060606060606,4.0,2.090909090909091,0.8484848484848485,0.0,0.8787878787878788,34.42424242424242,1.0,0.6215469613259669,0.3453038674033149,2.136222910216718,0.5563549160671463,0.46783112437461605,0
0,3,14.083333333333334,3.5555555555555554,2.75,0.6944444444444444,0.16666666666666666,1.9722222222222223,30.0,1.0,0.47417840375586856,0.13380281690140844,1.327077747989276,0.5619845703644587,0.5592469545957919,0
0,2,19.083333333333332,3.4722222222222223,4.027777777777778,1.8333333333333333,0.027777777777777776,2.8055555555555554,32.77777777777778,1.0,0.5162393162393163,0.3247863247863248,1.3862332695984705,0.513760095722405,0.7029401824940857,0
1,3,11.28125,6.28125,2.53125,1.21875,0.4375,2.21875,31.46875,1.0,0.10725552050473186,0.41324921135646686,1.091644204851752,0.4817958573563955,0.4375371213621065,0
0,2,14.052631578947368,2.8947368421052633,4.473684210526316,1.7105263157894737,0.21052631578947367,1.9210526315789473,33.23684210526316,1.0,0.5721153846153846,0.2668269230769231,2.2135416666666665,0.5743911883658893,0.5557309756867698,0
1,2,13.441176470588236,7.176470588235294,1.2352941176470589,1.0294117647058822,0.20588235294117646,2.235294117647059,35.1764705882353,1.0,0.36318407960199006,0.3208955223880597,0.5289672544080605,0.4980817856831459,0.4160413540103384,0
0,1,20.41176470588235,3.176470588235294,2.764705882352941,0.9705882352941176,0.058823529411764705,2.5,31.5,0.9117647058823529,0.5339805825242718,0.2174757281553398,1.0633484162895928,0.6149429361309988,0.7334326135517497,0
1,0,14.71875,7.09375,3.0,1.03125,0.5625,3.0,31.0,0.875,0.33246753246753247,0.3220779220779221,0.9677419354838709,0.5357630357630357,0.5697347266881029,0
0,2,9.692307692307692,3.8846153846153846,1.0384615384615385,0.9230769230769231,0.6153846153846154,1.1923076923076923,18.76923076923077,0.2692307692307692,0.2087912087912088,0.34615384615384615,0.8035714285714286,0.6008010680907877,0.5686913982878107,0
1,3,12.647058823529411,6.088235294117647,2.088235294117647,0.47058823529411764,0.6764705882352942,1.588235294117647,28.88235294117647,1.0,0.058823529411764705,0.35294117647058826,1.2369337979094077,0.6081692690653995,0.508422975441445,0
1,0,10.53125,6.6875,3.03125,0.9375,0.25,2.25,31.09375,0.9375,0.3745928338762215,0.30944625407166126,1.2898936170212765,0.4830848623853211,0.43478260869565216,0
0,3,17.925925925925927,3.5555555555555554,1.8148148148148149,0.9629629629629629,0.1111111111111111,2.2962962962962963,32.22222222222222,0.2962962962962963,0.582010582010582,0.2857142857142857,0.7573415765069552,0.5687159240458733,0.6107482525495588,0
1,3,11.875,4.5,0.75,0.5625,0.5625,0.9375,32.46875,1.0,0.6917808219178082,0.21232876712328766,0.7228915662650601,0.5950889501378102,0.3876415275379006,0
0,0,11.34375,2.9375,2.1875,1.21875,0.1875,2.1875,32.84375,0.9375,0.5654761904761905,0.16071428571428573,0.9562841530054644,0.5045030020013342,0.41073800037943464,0
0,2,11.970588235294118,1.9705882352941178,5.176470588235294,1.7058823529411764,0.029411764705882353,3.0294117647058822,30.029411764705884,0.9705882352941176,0.6482558139534884,0.21220930232558138,1.6541353383458648,0.5410507284909072,0.569113627489262,0
1,3,7.794117647058823,6.764705882352941,0.9117647058823529,0.7058823529411765,0.7647058823529411,1.088235294117647,27.5,0.6176470588235294,0.09473684210526316,0.5052631578947369,0.7673267326732673,0.5705304857044436,0.31543052003410055,0
0,0,8.72972972972973,1.6216216216216217,1.972972972972973,0.6486486486486487,0.08108108108108109,1.2432432432432432,23.54054054054054,0.5135135135135135,0.3487544483985765,0.3167259786476868,1.4688128772635816,0.5044352823588205,0.4527266491368469,0
1,2,11.93939393939394,4.545454545454546,3.727272727272727,1.3333333333333333,0.24242424242424243,2.878787878787879,32.42424242424242,0.9696969696969697,0.10238907849829351,0.5324232081911263,1.2512716174974565,0.5447406260369428,0.48169197801173946,0
1,1,13.09375,4.5,0.875,0.3125,0.53125,1.3125,23.71875,0.9375,0.24489795918367346,0.36394557823129253,0.6194690265486725,0.6142254016652985,0.5864602466544214,0
1,2,19.444444444444443,10.305555555555555,1.6944444444444444,1.25,1.0555555555555556,2.3055555555555554,32.638888888888886,1.0,0.17519685039370078,0.4035433070866142,0.7043879907621248,0.5850885991307254,0.6456813168165619,0
1,3,7.368421052631579,5.921052631578948,0.6052631578947368,0.15789473684210525,0.5,1.0789473684210527,18.157894736842106,0.47368421052631576,0.0,0.4666666666666667,0.5133928571428571,0.595643294758339,0.4367252810608244,0
0,3,14.833333333333334,2.2777777777777777,5.333333333333333,1.1111111111111112,0.027777777777777776,1.6944444444444444,32.5,1.0,0.37280701754385964,0.24342105263157895,2.9721362229102164,0.5288804373662942,0.6186094069529653,0
0,3,7.787878787878788,4.96969696969697,3.0606060606060606,0.9696969696969697,0.09090909090909091,2.303030303030303,22.96969696969697,0.48484848484848486,0.29535864978902954,0.42616033755274263,1.2736443883984867,0.4565804434337692,0.47024825955602256,0
0,3,16.764705882352942,3.088235294117647,4.117647058823529,0.9411764705882353,0.08823529411764706,2.264705882352941,35.088235294117645,1.0,0.5570175438596491,0.21929824561403508,1.7412935323383083,0.57,0.5934470076897359,0
0,1,15.470588235294118,2.6470588235294117,2.764705882352941,1.0,0.23529411764705882,2.0,31.705882352941178,0.9705882352941176,0.6278481012658228,0.28860759493670884,1.3165266106442577,0.5907988139096055,0.5733308673941186,0
1,3,8.823529411764707,6.4411764705882355,1.7647058823529411,1.1470588235294117,0.4117647058823529,1.4411764705882353,31.235294117647058,1.0,0.4772727272727273,0.24675324675324675,1.1450381679389312,0.4393158388003749,0.33790125774357055,0
0,3,12.28125,4.0,2.46875,1.28125,0.40625,1.5,33.875,1.0,0.5579268292682927,0.22865853658536586,1.54296875,0.5443213296398892,0.4341427520235467,0
0,1,9.5,2.53125,3.1875,0.84375,0.15625,2.21875,30.4375,0.96875,0.5440613026819924,0.20689655172413793,1.3746630727762803,0.5337828346677904,0.4154727793696275,0
0,2,9.088235294117647,2.676470588235294,2.3529411764705883,0.8823529411764706,0.058823529411764705,2.088235294117647,24.470588235294116,0.4117647058823529,0.30514705882352944,0.3382352941176471,1.075268817204301,0.494431643625192,0.46564519990423753,0
0,0,11.848484848484848,3.3636363636363638,2.212121212121212,1.0606060606060606,0.030303030303030304,2.696969696969697,29.515151515151516,1.0,0.2798507462686567,0.4552238805970149,0.7908992416034669,0.6077468291469783,0.4747774480712165,0
1,3,8.566666666666666,4.066666666666666,1.1,0.9333333333333333,0.5333333333333333,1.6,24.566666666666666,0.9333333333333333,0.35911602209944754,0.32044198895027626,0.6470588235294118,0.6222157660275034,0.39189189189189183,0
1,2,9.814814814814815,3.4814814814814814,1.037037037037037,0.8148148148148148,0.37037037037037035,1.037037037037037,22.37037037037037,0.5185185185185185,0.4744186046511628,0.32558139534883723,0.9120521172638436,0.5390561432058584,0.4829404977748475,0
0,3,15.63888888888889,4.75,2.138888888888889,0.5277777777777778,0.3055555555555556,1.7777777777777777,30.944444444444443,0.9444444444444444,0.5203426124197003,0.3533190578158458,1.1390532544378698,0.5216827279466271,0.572655690765927,0
1,3,10.441176470588236,5.823529411764706,1.2352941176470589,1.1470588235294117,0.5882352941176471,1.6470588235294117,26.441176470588236,1.0,0.41496598639455784,0.3129251700680272,0.7070707070707071,0.530674479789524,0.4399379432624113,0
0,2,12.324324324324325,3.135135135135135,5.297297297297297,1.1891891891891893,0.08108108108108109,2.081081081081081,32.86486486486486,1.0,0.5943661971830986,0.22816901408450704,2.4287484510532837,0.5836575875486382,0.5345576781175699,0
1,1,9.40625,4.3125,1.15625,0.8125,0.09375,1.40625,28.8125,0.96875,0.43462897526501765,0.21554770318021202,0.7676348547717842,0.48573457268267495,0.3653264159100735,0
0,0,10.5625,2.96875,3.09375,1.21875,0.15625,2.21875,26.78125,0.90625,0.30120481927710846,0.46987951807228917,1.3342318059299192,0.5624334398296059,0.5080213903743315,0
0,3,14.576923076923077,4.5,2.3461538461538463,1.0384615384615385,0.07692307692307693,2.269230769230769,31.384615384615383,1.0,0.5047318611987381,0.2618296529968454,0.9902597402597403,0.5360375650599684,0.537503053994625,0
1,1,9.696969696969697,4.545454545454546,0.5454545454545454,0.24242424242424243,1.0303030303030303,1.2424242424242424,21.818181818181817,0.5151515151515151,0.18614718614718614,0.4155844155844156,0.4063205417607223,0.5855658029571073,0.46730264067468547,0
0,3,18.03125,5.0,1.28125,0.78125,0.6875,1.71875,32.625,1.0,0.46153846153846156,0.21266968325791855,0.70446735395189,0.5968636213174445,0.5901451489686783,0
0,2,14.576923076923077,3.1923076923076925,5.846153846153846,0.7307692307692307,0.2692307692307692,3.1923076923076925,36.88461538461539,0.9615384615384616,0.5555555555555556,0.17251461988304093,1.775700934579439,0.5150016306120231,0.5522046589018302,0
1,2,12.541666666666666,4.125,1.0,0.9166666666666666,0.375,2.2083333333333335,27.5,0.875,0.18143459915611815,0.3628691983122363,0.43321299638989164,0.5475913258623198,0.49064009661835745,0
0,3,7.771428571428571,4.171428571428572,1.7428571428571429,0.5428571428571428,0.02857142857142857,1.2857142857142858,23.65714285714286,0.6285714285714286,0.3894230769230769,0.15865384615384615,1.2577319587628863,0.6111810174366349,0.40048105832832226,0
2,2,8.294117647058824,3.4705882352941178,0.5588235294117647,0.38235294117647056,0.47058823529411764,1.1470588235294117,21.058823529411764,0.4411764705882353,0.0,0.20909090909090908,0.4481132075471698,0.5869130869130869,0.4184042257436753,0
1,0,8.222222222222221,5.083333333333333,1.2777777777777777,0.8611111111111112,0.3333333333333333,0.7777777777777778,29.555555555555557,0.8055555555555556,0.5504201680672269,0.18907563025210083,1.4556962025316456,0.574088440651668,0.32034469838890967,0
1,3,15.542857142857143,8.2,1.8571428571428572,1.1714285714285715,1.542857142857143,1.9428571428571428,29.857142857142858,1.0,0.22857142857142856,0.35324675324675325,0.9090909090909092,0.6114558043341426,0.5808297567954219,0
0,1,11.333333333333334,4.0,2.9393939393939394,1.5757575757575757,0.24242424242424243,1.696969696969697,31.09090909090909,0.9090909090909091,0.475177304964539,0.3262411347517731,1.6357504215851602,0.5798809228479285,0.4575925386184786,0
1,3,8.67741935483871,4.225806451612903,1.096774193548387,0.6129032258064516,0.5161290322580645,0.9354838709677419,26.387096774193548,1.0,0.5532786885245902,0.13114754098360656,1.0591900311526479,0.5211562306261625,0.36901717208622575,0
1,3,15.1875,7.625,0.9375,0.875,1.9375,2.28125,26.65625,1.0,0.15593220338983052,0.7423728813559322,0.39370078740157477,0.6209116925592805,0.6026629292221444,0
0,2,17.060606060606062,3.090909090909091,2.9393939393939394,1.1515151515151516,0.30303030303030304,2.272727272727273,33.303030303030305,0.9696969696969697,0.36995515695067266,0.3744394618834081,1.2388250319284801,0.5418880418880418,0.5987480722126463,0
0,3,16.272727272727273,3.0,2.3333333333333335,0.9696969696969697,0.06060606060606061,2.3333333333333335,35.96969696969697,1.0,0.6497326203208557,0.39037433155080214,0.958904109589041,0.6126779846659365,0.5158363437788792,0
0,1,10.727272727272727,3.1515151515151514,2.727272727272727,1.4545454545454546,0.15151515151515152,1.9696969696969697,33.15151515151515,0.9393939393939394,0.32764505119453924,0.3515358361774744,1.3177159590043923,0.5231733270276662,0.4046295452474255,0
1,1,14.666666666666666,7.181818181818182,3.393939393939394,1.121212121212121,0.21212121212121213,3.272727272727273,35.93939393939394,1.0,0.41092636579572445,0.342042755344418,1.0062893081761006,0.4996283755884053,0.501135121500042,0
0,3,9.21875,4.0,2.125,1.1875,0.21875,1.125,30.90625,0.78125,0.4314516129032258,0.375,1.7346938775510203,0.5105219437906686,0.36585365853658536,0
1,3,12.902439024390244,4.0,2.8536585365853657,0.43902439024390244,0.6341463414634146,1.853658536585366,24.878048780487806,0.975609756097561,0.011494252873563218,0.22298850574712645,1.4606741573033706,0.5537179701892481,0.6307977736549164,0
1,3,10.84,5.0,0.84,0.52,0.76,0.88,25.12,0.8,0.540084388185654,0.12658227848101267,0.8571428571428571,0.5415667466027179,0.46312450436161773,0
0,2,10.323529411764707,3.9705882352941178,2.2058823529411766,0.7647058823529411,0.17647058823529413,2.235294117647059,22.970588235294116,0.5,0.4766666666666667,0.25666666666666665,0.9445843828715366,0.5256379537558404,0.5430902600713923,0
1,2,9.545454545454545,4.484848484848484,1.8484848484848484,0.6060606060606061,0.24242424242424243,1.7272727272727273,25.818181818181817,0.9393939393939394,0.3548387096774194,0.3548387096774194,1.011608623548922,0.6277901785714286,0.4396118321056939,0
0,3,10.727272727272727,2.606060606060606,5.424242424242424,1.0303030303030303,0.12121212121212122,1.9696969696969697,33.15151515151515,1.0,0.38461538461538464,0.4725274725274725,2.6207906295754024,0.5367540029112081,0.4857377198578328,0
0,2,12.13888888888889,2.2222222222222223,1.8055555555555556,0.6666666666666666,0.19444444444444445,1.6666666666666667,23.805555555555557,0.1388888888888889,0.3245382585751979,0.27440633245382584,1.022012578616352,0.5144081363593559,0.5833139669997676,0
1,2,14.942857142857143,7.542857142857143,2.3714285714285714,0.6571428571428571,0.8,1.8,30.0,1.0,0.17403314917127072,0.5027624309392266,1.2481203007518795,0.5915218964893232,0.5752254390128143,0
0,2,15.44,2.96,3.6,1.12,0.0,3.48,31.68,0.88,0.3463855421686747,0.2289156626506024,1.005586592178771,0.528130472854641,0.5991189427312775,0
0,3,15.324324324324325,8.18918918918919,7.4324324324324325,2.0,0.5405405405405406,3.4054054054054053,33.75675675675676,0.972972972972973,0.08333333333333333,0.5045045045045045,2.120277563608327,0.5225228546151578,0.6721481599744552,0
0,3,11.03125,5.3125,2.375,1.0625,0.15625,2.0625,30.0625,0.90625,0.45180722891566266,0.20783132530120482,1.0982658959537572,0.48708466718180815,0.4444674678823042,0
0,3,15.96875,7.84375,5.03125,2.5,0.5,2.3125,34.25,1.0,0.16587677725118483,0.2914691943127962,2.0854922279792745,0.5366294211543309,0.611353711790393,0
0,3,13.818181818181818,4.212121212121212,2.5454545454545454,1.0303030303030303,0.24242424242424243,1.7878787878787878,36.878787878787875,0.9696969696969697,0.5566502463054187,0.23399014778325122,1.348314606741573,0.5091558731576596,0.44251413586822913,0
0,0,9.741935483870968,2.935483870967742,2.935483870967742,0.6774193548387096,0.03225806451612903,2.096774193548387,33.12903225806452,0.967741935483871,0.5703422053231939,0.18631178707224336,1.3362701908957415,0.5306438009558617,0.381516357635181,0
0,2,13.89655172413793,4.758620689655173,0.8620689655172413,0.6896551724137931,0.2413793103448276,2.3793103448275863,34.03448275862069,0.9655172413793104,0.3629032258064516,0.19086021505376344,0.34770514603616126,0.49970241047515124,0.43236690574805536,0
0,3,9.142857142857142,7.035714285714286,2.0714285714285716,0.6428571428571429,0.4642857142857143,1.5357142857142858,29.392857142857142,0.9642857142857143,0.1511111111111111,0.39111111111111113,1.2663755458515285,0.48536326406795083,0.3802373456042625,0
0,2,19.0,4.176470588235294,7.647058823529412,1.588235294117647,0.058823529411764705,2.411764705882353,34.64705882352941,1.0,0.28270042194092826,0.35443037974683544,3.044496487119438,0.5895021170973865,0.7668867445403758,0
0,3,9.484848484848484,2.727272727272727,2.757575757575758,1.6666666666666667,0.06060606060606061,1.4545454545454546,26.272727272727273,0.06060606060606061,0.5992063492063492,0.21031746031746032,1.773879142300195,0.5684294638965568,0.4642077444559347,0
0,2,12.944444444444445,4.138888888888889,7.5,1.7777777777777777,0.1388888888888889,2.5,32.333333333333336,1.0,0.33714285714285713,0.3171428571428571,2.8846153846153846,0.5841941630729114,0.6303528605686878,0
0,3,9.366666666666667,4.9,1.4333333333333333,0.5,0.43333333333333335,1.0666666666666667,24.033333333333335,0.13333333333333333,0.4906832298136646,0.5714285714285714,1.2285714285714284,0.697339686321223,0.4475138121546961,0
0,3,10.911764705882353,2.1176470588235294,3.676470588235294,1.2352941176470589,0.11764705882352941,2.5588235294117645,27.38235294117647,0.7941176470588235,0.6909090909090909,0.45454545454545453,1.3827433628318584,0.5621212121212121,0.5308219178082191,0
0,3,14.304347826086957,3.9130434782608696,1.173913043478261,0.8260869565217391,0.08695652173913043,2.0,32.78260869565217,0.9565217391304348,0.532608695652174,0.13043478260869565,0.5590062111801243,0.5636650219298246,0.47071268015337836,0
0,2,20.142857142857142,6.321428571428571,5.25,1.1071428571428572,0.21428571428571427,3.3214285714285716,35.142857142857146,1.0,0.19069767441860466,0.3325581395348837,1.534446764091858,0.5721009494441288,0.7205107417916496,1
0,0,9.303030303030303,4.9393939393939394,2.6666666666666665,0.9696969696969697,0.696969696969697,1.393939393939394,29.424242424242426,1.0,0.6628787878787878,0.10606060606060606,1.7849898580121701,0.5555153445280834,0.4054192753771938,0
0,1,12.333333333333334,3.6333333333333333,1.8666666666666667,1.0333333333333334,0.13333333333333333,1.1,29.333333333333332,0.6333333333333333,0.5142857142857142,0.40714285714285714,1.5555555555555554,0.5603343833292949,0.4824462061155153,0
0,3,16.466666666666665,5.333333333333333,4.933333333333334,1.0,0.2,1.6666666666666667,30.933333333333334,0.9333333333333333,0.4012345679012346,0.41975308641975306,2.792452830188679,0.643497290537724,0.6895810955961331,1
0,3,7.7272727272727275,1.606060606060606,2.212121212121212,0.6666666666666666,0.12121212121212122,1.121212121212121,24.060606060606062,0.6060606060606061,0.5547169811320755,0.11320754716981132,1.8114143920595531,0.45830337886412653,0.41138843597140345,0
1,3,14.166666666666666,6.25,0.8611111111111112,0.75,0.5833333333333334,0.8611111111111112,31.694444444444443,1.0,0.6267029972752044,0.2970027247956403,0.8959537572254336,0.6145170618854829,0.4726542023414293,1
0,1,14.875,5.40625,1.65625,1.5625,0.03125,1.75,31.65625,0.71875,0.5944444444444444,0.43333333333333335,0.8952702702702702,0.555244494214259,0.5205668175555993,0
1,1,7.794117647058823,3.7058823529411766,0.35294117647058826,0.35294117647058826,0.7352941176470589,0.7058823529411765,19.38235294117647,0.7352941176470589,0.18232044198895028,0.36464088397790057,0.43795620437956206,0.6308322224338222,0.4181763285024154,0
0,3,11.966666666666667,5.8,3.8,1.1333333333333333,0.4,2.3,33.666666666666664,1.0,0.23048327137546468,0.5390334572490706,1.5833333333333333,0.5393629807692307,0.46692991115498517,0
1,1,10.0,4.161290322580645,0.7419354838709677,0.8064516129032258,0.3548387096774194,1.1612903225806452,19.032258064516128,0.2903225806451613,0.36283185840707965,0.415929203539823,0.588235294117647,0.5797426690604428,0.5614567526555387,0
0,0,10.857142857142858,7.628571428571429,3.657142857142857,0.9428571428571428,0.37142857142857144,2.3142857142857145,31.428571428571427,1.0,0.366120218579235,0.22950819672131148,1.5147928994082838,0.47151081993249955,0.46035342093339376,0
1,1,7.2894736842105265,4.973684210526316,0.7631578947368421,0.23684210526315788,0.7631578947368421,1.105263157894737,21.31578947368421,0.42105263157894735,0.40476190476190477,0.2261904761904762,0.6331877729257641,0.499855637361051,0.3760137625952322,0
0,2,10.135135135135135,4.864864864864865,1.8108108108108107,1.054054054054054,0.40540540540540543,1.2162162162162162,29.45945945945946,1.0,0.3628048780487805,0.31097560975609756,1.3757700205338808,0.5028427376099549,0.40413276035475904,0
1,2,9.148148148148149,6.185185185185185,1.3703703703703705,1.037037037037037,1.2592592592592593,1.1481481481481481,28.14814814814815,1.0,0.08875739644970414,0.6745562130177515,1.0979228486646884,0.5635152400073006,0.37236134784318864,0
1,0,9.710526315789474,7.052631578947368,0.868421052631579,0.4473684210526316,0.3157894736842105,1.5526315789473684,21.63157894736842,0.02631578947368421,0.0,0.5483870967741935,0.5254777070063694,0.6849569349569349,0.48680067813029787,0
0,2,9.393939393939394,5.0606060606060606,1.1515151515151516,0.9090909090909091,0.30303030303030304,1.0,26.21212121212121,0.36363636363636365,0.4856115107913669,0.24100719424460432,1.046831955922865,0.5040978275009756,0.4007831394679259,0
1,0,16.363636363636363,8.666666666666666,2.393939393939394,0.7878787878787878,2.878787878787879,2.242424242424242,33.93939393939394,1.0,0.11730205278592376,0.5659824046920822,1.0219922380336353,0.6339218632607062,0.5510549274459183,1
0,3,8.483870967741936,2.161290322580645,1.7741935483870968,0.6129032258064516,0.12903225806451613,1.0,24.741935483870968,0.1935483870967742,0.5688888888888889,0.29777777777777775,1.6129032258064515,0.5167400188619931,0.41293338527463963,0
1,0,11.454545454545455,5.181818181818182,1.0303030303030303,0.3939393939393939,0.7878787878787878,1.3636363636363635,24.393939393939394,0.9696969696969697,0.5439739413680782,0.3355048859934853,0.7039337474120083,0.5364441416893733,0.5097117406903376,0
0,3,18.694444444444443,6.388888888888889,2.9444444444444446,1.5555555555555556,0.2777777777777778,1.9722222222222223,33.138888888888886,0.9722222222222222,0.3952483801295896,0.367170626349892,1.420911528150134,0.6256972852361473,0.6510111983954537,1
0,3,10.058823529411764,4.970588235294118,1.4705882352941178,0.8235294117647058,0.23529411764705882,1.7647058823529411,26.970588235294116,0.5588235294117647,0.4075471698113208,0.3584905660377358,0.7886435331230285,0.5573663624511082,0.42590178183398525,0
0,1,9.75,2.892857142857143,3.5357142857142856,1.3928571428571428,0.07142857142857142,2.107142857142857,27.714285714285715,1.0,0.5791505791505791,0.19305019305019305,1.6019417475728153,0.48576512455516013,0.47765793528505385,0
1,2,11.193548387096774,6.67741935483871,0.5483870967741935,0.6451612903225806,1.032258064516129,1.5806451612903225,25.516129032258064,1.0,0.2606837606837607,0.4658119658119658,0.3262955854126679,0.6153355085827777,0.4583805566049616,0
0,3,14.93939393939394,3.484848484848485,5.424242424242424,1.5757575757575757,0.5454545454545454,2.4242424242424243,30.727272727272727,1.0,0.37089201877934275,0.1572769953051643,2.148859543817527,0.5411873188723983,0.6605721026245945,0
0,2,9.5625,4.09375,2.40625,0.875,0.40625,1.71875,31.3125,1.0,0.5703422053231939,0.23193916349809887,1.3230240549828178,0.5278774496273807,0.38101870274572225,0
0,2,13.0,3.5,1.5625,0.5,0.125,2.21875,28.03125,0.71875,0.6094986807387863,0.18469656992084432,0.6738544474393531,0.5075646656905808,0.5176627416129749,0
0,0,12.176470588235293,1.9705882352941178,3.5294117647058822,1.088235294117647,0.0,2.911764705882353,28.823529411764707,1.0,0.367816091954023,0.3764367816091954,1.171875,0.5103047036781383,0.5430140329469187,0
0,3,9.96,4.72,3.68,0.48,0.04,1.72,33.04,0.96,0.2532188841201717,0.2532188841201717,2.021978021978022,0.4807692307692308,0.4115872057936029,0
0,3,8.67741935483871,2.5161290322580645,3.4193548387096775,1.096774193548387,0.12903225806451613,2.193548387096774,30.93548387096774,1.0,0.2441860465116279,0.25193798449612403,1.4908579465541492,0.4692951849267271,0.38977237293420647,0
2,3,12.17142857142857,6.942857142857143,0.9142857142857143,0.37142857142857144,0.5142857142857142,1.3428571428571427,27.114285714285714,1.0,0.04792332268370607,0.25878594249201275,0.6336633663366337,0.6109453877925655,0.48083989501312335,0
0,3,16.486486486486488,6.135135135135135,2.027027027027027,0.8918918918918919,0.4594594594594595,1.8918918918918919,31.756756756756758,1.0,0.35258964143426297,0.17131474103585656,1.01763907734057,0.5649822169531713,0.5811487231695937,1
2,3,17.257142857142856,7.6,1.2571428571428571,0.37142857142857144,3.057142857142857,1.4857142857142858,34.68571428571428,1.0,0.1447721179624665,0.39946380697050937,0.7927927927927927,0.6886172929587742,0.5322381930184804,0
2,1,11.676470588235293,5.235294117647059,0.4117647058823529,0.29411764705882354,0.7058823529411765,1.2941176470588236,23.5,0.5882352941176471,0.00398406374501992,0.6175298804780877,0.2953586497890295,0.6218671679197996,0.5122133599202392,0
0,2,15.030303030303031,2.787878787878788,4.96969696969697,0.8787878787878788,0.21212121212121213,1.8484848484848484,30.87878787878788,1.0,0.16094986807387862,0.5171503957783641,2.5505443234836704,0.5330582065170665,0.6456030519417001,0
0,3,15.11111111111111,3.1944444444444446,2.9166666666666665,0.6111111111111112,0.1111111111111111,1.5277777777777777,32.833333333333336,1.0,0.6737400530503979,0.32625994694960214,1.7918088737201365,0.6309148264984227,0.5474021592442645,0
0,1,11.566666666666666,2.966666666666667,2.7333333333333334,2.1,0.26666666666666666,2.8,28.4,0.9,0.43521594684385384,0.42524916943521596,0.942528735632184,0.48555916265532295,0.5017543859649123,0
0,0,16.5,5.375,2.34375,0.78125,0.8125,2.125,34.0625,1.0,0.31645569620253167,0.4911392405063291,1.0533707865168538,0.5495878091431426,0.5515916575192097,1
0,3,10.5,1.8529411764705883,5.411764705882353,1.4411764705882353,0.029411764705882353,2.1176470588235294,29.852941176470587,0.6764705882352942,0.50390625,0.421875,2.440318302387268,0.58809963099631,0.5312254516889238,0
1,1,13.678571428571429,8.428571428571429,0.8214285714285714,0.8214285714285714,1.1428571428571428,1.0714285714285714,32.892857142857146,1.0,0.25,0.34121621621621623,0.7012195121951219,0.5625073434379039,0.4394890668975968,0
0,2,13.333333333333334,2.566666666666667,3.3666666666666667,0.8333333333333334,0.06666666666666667,2.033333333333333,31.066666666666666,1.0,0.5259938837920489,0.26605504587155965,1.578125,0.5475251861585634,0.5358288770053475,0
0,2,15.742857142857142,4.571428571428571,3.4571428571428573,0.8857142857142857,0.2,1.9142857142857144,35.885714285714286,1.0,0.45642201834862384,0.2889908256880734,1.7163120567375887,0.5605974279667915,0.5335450575625248,0
1,2,12.242424242424242,8.727272727272727,0.36363636363636365,0.2727272727272727,0.5151515151515151,1.0303030303030303,25.454545454545453,0.696969696969697,0.003401360544217687,0.30952380952380953,0.32171581769436997,0.6047179978445695,0.4933001304399383,0
1,2,11.78125,7.0,1.0625,0.40625,0.875,2.0,28.46875,0.96875,0.01384083044982699,0.34256055363321797,0.5059523809523809,0.5668150108251142,0.44957339750601616,0
0,1,8.724137931034482,2.793103448275862,2.0344827586206895,1.3103448275862069,0.20689655172413793,1.0,30.20689655172414,0.8620689655172413,0.45,0.1318181818181818,1.849529780564263,0.5434782608695652,0.35498919103424725,0
0,0,8.971428571428572,3.6285714285714286,2.142857142857143,0.9428571428571428,0.05714285714285714,1.8857142857142857,23.17142857142857,0.42857142857142855,0.32142857142857145,0.44047619047619047,1.079136690647482,0.5218720914771972,0.4775936157151626,0
0,1,17.11111111111111,4.777777777777778,2.3703703703703702,1.1111111111111112,0.48148148148148145,1.7777777777777777,35.48148148148148,0.9629629629629629,0.4,0.3527777777777778,1.26232741617357,0.555448687121285,0.5475174352034974,0
0,2,14.685714285714285,3.0285714285714285,2.5142857142857142,0.9428571428571428,0.2571428571428571,2.914285714285714,28.142857142857142,0.45714285714285713,0.4120734908136483,0.5748031496062992,0.8341232227488151,0.5383777442600972,0.6090035407182599,0
0,0,16.838709677419356,5.193548387096774,1.3870967741935485,0.7096774193548387,0.3225806451612903,2.096774193548387,33.29032258064516,1.0,0.3677581863979849,0.491183879093199,0.631424375917768,0.5405965202982601,0.5458409815476766,1
2,1,12.972222222222221,7.0,0.6666666666666666,0.5555555555555556,1.6666666666666667,1.75,23.555555555555557,0.9444444444444444,0.0,0.3978102189781022,0.36036036036036034,0.7252453720959126,0.5765617660873649,0
0,3,12.794117647058824,3.7058823529411766,2.9411764705882355,1.1764705882352942,0.11764705882352941,1.4411764705882353,35.970588235294116,1.0,0.4092219020172911,0.2334293948126801,1.9083969465648856,0.5684194020489233,0.43623613829093283,0
1,1,9.714285714285714,4.257142857142857,1.0571428571428572,0.8285714285714286,0.8857142857142857,0.7714285714285715,17.942857142857143,0.02857142857142857,0.42857142857142855,0.29343629343629346,1.2131147540983607,0.5813158254684722,0.5969912905779888,0
1,3,7.026315789473684,5.394736842105263,0.8947368421052632,0.6578947368421053,1.0263157894736843,0.6842105263157895,21.92105263157895,0.39473684210526316,0.6341463414634146,0.15609756097560976,1.1409395973154361,0.6093664414825634,0.3597036328871892,0
1,2,11.588235294117647,11.588235294117647,0.47058823529411764,1.2058823529411764,1.0294117647058822,1.0294117647058822,29.852941176470587,1.0,0.0,0.6986301369863014,0.4166666666666667,0.5160310142497905,0.4025923016496465,0
1,3,8.333333333333334,6.757575757575758,0.696969696969697,0.6666666666666666,0.9696969696969697,0.9090909090909091,28.87878787878788,1.0,0.20276497695852536,0.47465437788018433,0.6906906906906908,0.5241689539493748,0.3116176931925128,0
0,2,17.90909090909091,2.9393939393939394,2.787878787878788,0.9696969696969697,0.42424242424242425,2.4242424242424243,33.84848484848485,1.0,0.4289044289044289,0.358974358974359,1.1044417767106842,0.594854658185039,0.6096581272873337,0
0,2,11.0,3.161290322580645,4.806451612903226,1.2258064516129032,0.1935483870967742,2.7419354838709675,34.67741935483871,0.8387096774193549,0.4577922077922078,0.3474025974025974,1.6912599318955734,0.4801734820322181,0.45450329282997864,0
2,1,9.36111111111111,5.388888888888889,1.1388888888888888,0.2222222222222222,2.0555555555555554,1.2222222222222223,22.805555555555557,0.6388888888888888,0.11961722488038277,0.45454545454545453,0.8613445378151259,0.6718500797448166,0.4584040747028862,0
0,1,15.055555555555555,3.5555555555555554,2.0,1.3888888888888888,0.1388888888888889,1.0,29.805555555555557,1.0,0.639080459770115,0.14022988505747128,1.8181818181818181,0.5867833015763035,0.5703139513282556,0
2,2,8.567567567567568,9.891891891891891,1.135135135135135,0.5675675675675675,1.3783783783783783,1.3783783783783783,30.27027027027027,1.0,0.0040650406504065045,0.3902439024390244,0.7678244972577696,0.5498889814043852,0.31948028833318504,0
0,2,8.411764705882353,2.2058823529411766,1.3529411764705883,0.5588235294117647,0.058823529411764705,1.1764705882352942,21.08823529411765,0.20588235294117646,0.591743119266055,0.19724770642201836,1.0599078341013823,0.6035792672632112,0.4608550805108273,0
0,1,13.567567567567568,4.216216216216216,2.5945945945945947,1.0810810810810811,0.4594594594594595,1.4864864864864864,32.13513513513514,1.0,0.42592592592592593,0.3148148148148148,1.6354344122657583,0.5832326424388884,0.5013834157793241,0
0,2,13.702702702702704,4.351351351351352,4.1891891891891895,2.0,0.05405405405405406,2.7837837837837838,31.08108108108108,1.0,0.2810810810810811,0.5459459459459459,1.4526710402999063,0.5524320083682008,0.5738060154286211,0
0,3,14.647058823529411,4.088235294117647,2.823529411764706,1.911764705882353,0.14705882352941177,1.911764705882353,34.970588235294116,1.0,0.33176470588235296,0.2917647058823529,1.4035087719298247,0.5192259571273667,0.49815498154981547,0
1,3,12.28125,4.6875,1.875,0.5625,0.53125,2.78125,33.9375,1.0,0.5152542372881356,0.4067796610169492,0.6507592190889371,0.5649798734905118,0.4159015791406537,0
2,0,12.942857142857143,6.228571428571429,1.1714285714285715,0.8571428571428571,1.4285714285714286,1.7142857142857142,25.285714285714285,0.9714285714285714,0.05067567567567568,0.2939189189189189,0.6456692913385828,0.6775756850544454,0.5559932470455824,1
0,2,13.40625,5.46875,0.75,0.59375,0.34375,1.3125,26.875,1.0,0.6311475409836066,0.20765027322404372,0.5309734513274336,0.5370018025235329,0.5247914735866542,0
0,3,18.1875,4.1875,3.4375,1.3125,0.03125,2.4375,35.125,1.0,0.4298850574712644,0.4367816091954023,1.354679802955665,0.5611261087543385,0.6139105748757984,0
0,2,14.76923076923077,3.769230769230769,2.1153846153846154,0.6538461538461539,0.6153846153846154,1.9230769230769231,32.5,0.8846153846153846,0.5166666666666667,0.37333333333333335,1.0456273764258557,0.549702244617499,0.5179329872581406,0
0,3,10.96875,3.125,1.46875,1.40625,0.3125,2.0625,30.1875,1.0,0.1947565543071161,0.35580524344569286,0.6791907514450867,0.5683290155440415,0.41064795707800245,0
1,1,16.78125,7.9375,1.6875,1.09375,0.625,1.9375,32.1875,1.0,0.3747178329571106,0.26410835214446954,0.8282208588957055,0.5429946610580813,0.5720092915214866,0
1,0,12.615384615384615,6.461538461538462,2.1025641025641026,1.3333333333333333,0.8717948717948718,1.8205128205128205,29.102564102564102,1.0,0.3089887640449438,0.43820224719101125,1.0947930574098799,0.5793142426525999,0.5039950829748002,1
0,3,13.533333333333333,3.8333333333333335,2.7,0.9333333333333333,0.3,1.5666666666666667,30.933333333333334,0.9,0.14583333333333334,0.6631944444444444,1.62,0.5456402537361573,0.523093447905478,0
1,2,11.294117647058824,7.705882352941177,0.7941176470588235,0.8235294117647058,0.8529411764705882,1.5,24.794117647058822,0.9117647058823529,0.0,0.5289256198347108,0.49632352941176466,0.6436041834271923,0.48558601134215507,0
1,1,18.291666666666668,6.208333333333333,1.4166666666666667,0.75,0.7083333333333334,1.1666666666666667,32.666666666666664,0.9583333333333334,0.4271186440677966,0.2576271186440678,1.1184210526315788,0.6683108025819023,0.6014750762970499,0
0,3,11.925925925925926,3.3703703703703702,1.3333333333333333,1.1851851851851851,0.25925925925925924,0.7407407407407407,29.11111111111111,1.0,0.6254071661237784,0.15960912052117263,1.5859030837004406,0.49001704407109814,0.4539114999366045,0
0,0,11.482758620689655,4.551724137931035,1.206896551724138,0.6896551724137931,0.4827586206896552,1.3103448275862069,26.20689655172414,0.27586206896551724,0.11564625850340136,0.3741496598639456,0.8557457212713936,0.48627336448598135,0.48236990431249177,0
0,2,12.076923076923077,4.115384615384615,1.4230769230769231,1.1923076923076923,0.07692307692307693,1.7692307692307692,29.192307692307693,0.7307692307692307,0.6382978723404256,0.2978723404255319,0.7613168724279835,0.5906696764484575,0.46087184873949577,0
0,2,12.305555555555555,3.9166666666666665,1.1944444444444444,0.8055555555555556,1.1666666666666667,1.0277777777777777,29.805555555555557,0.8888888888888888,0.5658263305322129,0.226890756302521,1.0591133004926108,0.5641299918500408,0.4514211406279026,0
0,1,16.34285714285714,2.742857142857143,3.914285714285714,1.7428571428571429,0.05714285714285714,2.6285714285714286,28.714285714285715,0.9428571428571428,0.5495049504950495,0.4876237623762376,1.4345549738219894,0.5828645960707589,0.7030242935052057,0
0,1,10.869565217391305,4.565217391304348,1.0,1.173913043478261,0.30434782608695654,1.3478260869565217,20.956521739130434,0.43478260869565216,0.17937219730941703,0.32286995515695066,0.6906906906906907,0.4908119993717606,0.5637001858352261,0
0,3,19.818181818181817,3.909090909090909,2.696969696969697,1.0303030303030303,0.12121212121212122,2.1515151515151514,31.636363636363637,1.0,0.4518664047151277,0.17681728880157171,1.1978465679676984,0.5960627050674444,0.7094433304688245,0
0,2,14.451612903225806,5.838709677419355,2.5483870967741935,1.1290322580645162,0.5483870967741935,1.967741935483871,33.0,0.967741935483871,0.43243243243243246,0.21351351351351353,1.2324492979719188,0.5534143690087954,0.5135951661631419,1
1,2,7.0,5.17948717948718,0.7435897435897436,0.41025641025641024,1.2307692307692308,0.7948717948717948,20.358974358974358,0.15384615384615385,0.021052631578947368,0.41578947368421054,0.8309455587392551,0.6073144687666845,0.37849354555708736,0
0,3,12.0,2.888888888888889,3.3333333333333335,0.6388888888888888,0.1111111111111111,1.1666666666666667,33.861111111111114,1.0,0.7556818181818182,0.09375,2.631578947368421,0.5893266397468079,0.4514968100768853,0
1,3,8.40625,4.34375,1.21875,0.84375,0.15625,1.15625,24.875,0.625,0.5333333333333333,0.1511111111111111,0.9701492537313432,0.560510085014169,0.38538538538538536,0
0,0,12.242424242424242,3.8484848484848486,3.090909090909091,1.0606060606060606,0.15151515151515152,1.9393939393939394,33.24242424242424,1.0,0.3253424657534247,0.5,1.5156017830609212,0.5670334605883673,0.45987457966009265,0
0,3,12.147058823529411,3.764705882352941,5.0588235294117645,1.1764705882352942,0.14705882352941177,2.676470588235294,27.705882352941178,1.0,0.29102167182662536,0.4551083591331269,1.8220338983050848,0.5326557985967808,0.6187856991749523,0
0,3,13.114285714285714,3.857142857142857,1.3142857142857143,0.8,0.05714285714285714,1.3428571428571427,35.31428571428572,1.0,0.518918918918919,0.1864864864864865,0.9108910891089109,0.5732340893196123,0.40742234772085517,0
0,3,8.558823529411764,1.7352941176470589,2.8823529411764706,0.6470588235294118,0.0,0.7352941176470589,26.147058823529413,1.0,0.6164383561643836,0.2100456621004566,3.4507042253521125,0.6081758903193446,0.43590318242940385,0
0,0,10.71875,2.4375,2.1875,1.1875,0.0625,2.28125,29.3125,0.75,0.6052631578947368,0.3092105263157895,0.9186351706036745,0.4965832754227473,0.4388015299617509,0
0,1,11.384615384615385,3.0,4.384615384615385,1.5,0.2692307692307692,3.1538461538461537,30.23076923076923,0.9615384615384616,0.3565217391304348,0.41304347826086957,1.347517730496454,0.5445180279617365,0.5199086989601827,0
0,2,10.225806451612904,3.2903225806451615,2.225806451612903,1.4193548387096775,0.0,0.9354838709677419,31.741935483870968,1.0,0.7711864406779662,0.288135593220339,2.149532710280374,0.5960439229843562,0.39104447371087026,0
0,2,12.6,4.92,1.72,0.96,0.24,1.68,29.72,0.96,0.15808823529411764,0.3014705882352941,0.9662921348314606,0.5112308491300961,0.4802146210596915,0
1,3,9.787878787878787,7.515151515151516,1.1515151515151516,0.7878787878787878,1.5151515151515151,2.1818181818181817,25.303030303030305,0.9696969696969697,0.0,0.6495327102803738,0.50464807436919,0.5869312400058148,0.4306334247882619,0
0,2,10.030303030303031,3.1515151515151514,2.878787878787879,0.8181818181818182,0.18181818181818182,1.3636363636363635,27.363636363636363,0.9393939393939394,0.5918367346938775,0.30612244897959184,1.9668737060041408,0.5953237410071942,0.47004303210857334,0
1,2,15.46875,9.5625,2.03125,0.65625,0.8125,2.46875,29.125,0.96875,0.17134831460674158,0.24719101123595505,0.7907542579075425,0.6270267531414673,0.5988023952095808,0
1,2,13.785714285714286,7.178571428571429,2.4285714285714284,0.7142857142857143,0.25,2.4642857142857144,29.178571428571427,0.9285714285714286,0.14195583596214512,0.39747634069400634,0.9470752089136488,0.5182042745140156,0.5537936081971213,0
1,3,13.055555555555555,4.138888888888889,2.0277777777777777,1.1111111111111112,0.2777777777777778,1.4444444444444444,31.055555555555557,0.9444444444444444,0.6459459459459459,0.31351351351351353,1.3129496402877696,0.5581417442523275,0.48412981455064186,0
2,2,13.625,5.958333333333333,1.0833333333333333,0.3333333333333333,1.625,1.5416666666666667,26.0,0.9583333333333334,0.21912350597609562,0.26294820717131473,0.6598984771573603,0.5838451649764319,0.5635376756066411,0
1,1,10.424242424242424,8.787878787878787,2.121212121212121,1.2424242424242424,1.4848484848484849,1.2727272727272727,30.363636363636363,0.9696969696969697,0.102880658436214,0.4732510288065844,1.5452538631346577,0.5858310626702997,0.4118173679498657,0
0,0,10.303030303030303,3.909090909090909,3.727272727272727,1.2121212121212122,0.15151515151515152,2.303030303030303,29.0,1.0,0.3537117903930131,0.6812227074235808,1.5510718789407312,0.5711597903507594,0.4821409976049151,0
1,2,13.107142857142858,6.214285714285714,1.5714285714285714,1.1428571428571428,0.8571428571428571,1.9285714285714286,27.928571428571427,0.8214285714285714,0.39655172413793105,0.25862068965517243,0.7746478873239437,0.5681114551083591,0.5237003058103976,0
1,0,7.794117647058823,7.235294117647059,1.6764705882352942,1.0294117647058822,1.3235294117647058,1.1176470588235294,27.794117647058822,1.0,0.023809523809523808,0.34285714285714286,1.3768115942028984,0.5482456140350878,0.33951919021509913,0
0,3,14.68421052631579,3.5789473684210527,3.4210526315789473,1.3157894736842106,0.21052631578947367,2.6315789473684212,31.68421052631579,0.6842105263157895,0.5227272727272727,0.3,1.2524084778420037,0.5601509797622872,0.5696307335651597,0
0,2,15.535714285714286,4.964285714285714,1.7142857142857142,1.4642857142857142,0.17857142857142858,1.6071428571428572,35.07142857142857,0.8928571428571429,0.5303867403314917,0.17403314917127072,1.00418410041841,0.5580929898388586,0.4904549147034931,0
0,0,7.405405405405405,2.5405405405405403,0.7837837837837838,0.8108108108108109,0.1891891891891892,0.7297297297297297,20.81081081081081,0.24324324324324326,0.5607843137254902,0.10588235294117647,0.9446254071661238,0.5133393285371702,0.39162466072120977,0
1,2,16.28205128205128,13.102564102564102,1.5128205128205128,0.8461538461538461,1.6666666666666667,1.9743589743589745,31.615384615384617,1.0,0.018648018648018648,0.5081585081585082,0.7292954264524103,0.6048540730016003,0.5610801196539736,0
1,0,10.91891891891892,3.135135135135135,1.1891891891891893,0.5135135135135135,0.40540540540540543,0.8378378378378378,30.18918918918919,1.0,0.5,0.2,1.2680115273775217,0.5460640138408305,0.3997501561524047,0
0,3,9.212121212121213,2.9696969696969697,1.0,0.42424242424242425,0.12121212121212122,0.8181818181818182,25.757575757575758,0.42424242424242425,0.5659722222222222,0.13541666666666666,1.089108910891089,0.49809935771398606,0.3949373022383687,0
0,3,13.6,2.16,1.0,0.72,0.04,1.36,28.2,0.64,0.594306049822064,0.12099644128113879,0.684931506849315,0.5744019462089472,0.5159010600706714,0
2,3,9.935483870967742,7.258064516129032,1.2580645161290323,0.5161290322580645,1.096774193548387,2.129032258064516,27.516129032258064,1.0,0.04564315352697095,0.46473029045643155,0.5643994211287988,0.5305222543750862,0.40532648055133746,0
0,1,9.257142857142858,2.5142857142857142,1.5142857142857142,1.457142857142857,0.5428571428571428,1.1714285714285715,28.457142857142856,1.0,0.4008097165991903,0.4048582995951417,1.191011235955056,0.5567010309278351,0.3771885942971486,0
1,1,15.393939393939394,5.96969696969697,2.6666666666666665,0.5454545454545454,0.5757575757575758,2.8181818181818183,28.666666666666668,1.0,0.1267605633802817,0.4,0.913811007268951,0.6084123790361214,0.6278310333930265,0
0,1,12.333333333333334,2.2222222222222223,3.4814814814814814,1.2222222222222223,0.037037037037037035,3.814814814814815,27.48148148148148,0.6666666666666666,0.37537537537537535,0.2822822822822823,0.8893093661305581,0.44475905545464256,0.5733852558077078,0
1,2,8.606060606060606,5.212121212121212,0.6363636363636364,0.3333333333333333,1.3333333333333333,1.3636363636363635,22.818181818181817,0.7878787878787878,0.11392405063291139,0.2320675105485232,0.43478260869565216,0.5436447166921899,0.4032791220415179,0
0,1,13.724137931034482,2.6206896551724137,2.2413793103448274,1.3793103448275863,0.034482758620689655,1.1724137931034482,31.896551724137932,0.9655172413793104,0.660056657223796,0.17280453257790368,1.7615176151761516,0.523904802021904,0.49897618277831657,0
2,0,11.25,6.222222222222222,0.7222222222222222,0.5555555555555556,1.1388888888888888,1.6111111111111112,22.77777777777778,0.9444444444444444,0.0,0.7336244541484717,0.42207792207792205,0.6684933315726924,0.5233122875182127,0
0,0,8.81081081081081,1.8918918918918919,2.054054054054054,0.4864864864864865,0.21621621621621623,1.162162162162162,19.243243243243242,0.05405405405405406,0.26229508196721313,0.16393442622950818,1.627408993576017,0.4984709480122324,0.5616878580410787,0
0,1,10.63888888888889,2.4444444444444446,2.138888888888889,0.8888888888888888,0.0,1.3611111111111112,26.86111111111111,0.3333333333333333,0.592057761732852,0.4223826714801444,1.4638783269961975,0.5829883097905504,0.47393364928909953,0
1,2,11.607142857142858,6.071428571428571,1.25,1.1071428571428572,0.75,0.7142857142857143,27.035714285714285,0.7142857142857143,0.3469387755102041,0.3306122448979592,1.5350877192982457,0.5790336374002281,0.47380889707817847,0
0,3,13.357142857142858,1.8214285714285714,1.4285714285714286,0.8571428571428571,0.07142857142857142,1.75,24.321428571428573,0.21428571428571427,0.4548611111111111,0.3541666666666667,0.7722007722007722,0.5617639990386927,0.6054401871892365,0
1,3,14.0,8.636363636363637,0.7878787878787878,0.5454545454545454,1.9393939393939394,2.0606060606060606,31.0,1.0,0.057692307692307696,0.31868131868131866,0.364656381486676,0.5565728604471858,0.47549449478709926,0
1,3,11.4,7.771428571428571,2.4,0.8857142857142857,1.0857142857142856,1.6,32.31428571428572,1.0,0.017605633802816902,0.4507042253521127,1.4117647058823528,0.5862129760225671,0.4257382106654914,0
2,1,9.771428571428572,3.6857142857142855,0.45714285714285713,0.11428571428571428,0.7714285714285715,1.1142857142857143,14.285714285714286,0.42857142857142855,0.0,0.5943396226415094,0.37647058823529406,0.639395752318277,0.7110228401191658,0
0,1,9.107142857142858,2.2857142857142856,1.4285714285714286,0.8571428571428571,0.03571428571428571,0.75,22.821428571428573,0.0,0.572972972972973,0.25405405405405407,1.680672268907563,0.6198949824970829,0.4596447491430352,0
1,3,16.9375,7.125,1.53125,0.875,0.3125,1.53125,34.4375,0.96875,0.446064139941691,0.5189504373177842,0.9386973180076628,0.6432165574859964,0.5347448425624322,0
0,2,17.033333333333335,4.8,1.8666666666666667,0.7,0.03333333333333333,1.9333333333333333,30.5,1.0,0.589041095890411,0.2356164383561644,0.9180327868852459,0.6342468473835765,0.6176470588235294,0
0,3,17.7027027027027,7.405405405405405,6.5675675675675675,0.9459459459459459,0.5135135135135135,2.27027027027027,36.567567567567565,1.0,0.23046875,0.23046875,2.7708095781071838,0.5807561356220741,0.6619001990123093,1
0,3,15.297297297297296,6.216216216216216,2.675675675675676,1.2162162162162162,0.40540540540540543,1.3243243243243243,34.972972972972975,1.0,0.2275,0.3125,1.8785578747628084,0.621978021978022,0.5124450951683748,1
1,2,10.625,9.15625,0.4375,0.375,1.5,1.40625,23.03125,0.625,0.0,0.5707762557077626,0.2904564315352697,0.6204379562043796,0.478249121858957,0
1,0,11.472222222222221,4.888888888888889,1.8055555555555556,0.5,0.5555555555555556,2.0277777777777777,28.333333333333332,0.9166666666666666,0.25227963525835867,0.3130699088145897,0.8485639686684073,0.5516670228681342,0.4669792887846815,0
0,2,10.558823529411764,5.088235294117647,3.1470588235294117,2.176470588235294,0.5,1.411764705882353,30.823529411764707,0.9411764705882353,0.3882783882783883,0.27472527472527475,2.081712062256809,0.5866013071895425,0.44321856572189455,0
0,1,14.25,4.78125,1.53125,1.03125,0.09375,1.46875,36.25,1.0,0.5358024691358024,0.18765432098765433,0.9760956175298804,0.5200255451144968,0.4341471801925722,0
0,2,11.757575757575758,5.545454545454546,1.9090909090909092,1.0909090909090908,0.3939393939393939,2.303030303030303,34.60606060606061,1.0,0.08536585365853659,0.7073170731707317,0.7944514501891551,0.6014384920634921,0.39378328822142666,0
1,1,9.4,5.366666666666666,0.8,0.6333333333333333,1.6333333333333333,1.8666666666666667,20.6,0.8,0.0,0.48863636363636365,0.4067796610169491,0.659371492704826,0.49275362318840576,0
1,3,11.0,3.84375,3.84375,1.0625,0.40625,2.625,29.46875,1.0,0.27941176470588236,0.31985294117647056,1.4105504587155964,0.5672295990718061,0.5020080321285141,0
0,2,15.325,2.475,5.775,1.125,0.05,2.35,32.95,1.0,0.5773420479302832,0.39215686274509803,2.357142857142857,0.569490895577852,0.6384266263237518,0
1,0,15.567567567567568,7.1891891891891895,0.8648648648648649,0.40540540540540543,0.5135135135135135,1.0810810810810811,30.81081081081081,1.0,0.43351063829787234,0.43617021276595747,0.7322654462242563,0.6426276329882186,0.5316079391448807,1
0,2,13.416666666666666,2.638888888888889,2.2222222222222223,1.1388888888888888,0.05555555555555555,1.8055555555555556,25.22222222222222,0.5833333333333334,0.5401929260450161,0.5048231511254019,1.1661807580174928,0.6353925489370659,0.6175954365949978,0
0,2,11.147058823529411,4.235294117647059,1.7647058823529411,0.8235294117647058,0.08823529411764706,2.3529411764705883,25.470588235294116,0.9705882352941176,0.37283236994219654,0.21098265895953758,0.7194244604316546,0.5011636517507669,0.5049459397285484,0
0,2,10.85,6.225,1.425,1.15,0.3,1.3,30.1,1.0,0.3391304347826087,0.22028985507246376,1.0178571428571428,0.5734066166367192,0.4064569536423841,0
1,2,8.571428571428571,4.057142857142857,1.7714285714285714,0.5714285714285714,0.42857142857142855,1.7714285714285714,29.97142857142857,0.9714285714285714,0.4641350210970464,0.3333333333333333,0.9465648854961831,0.5519576096555785,0.34394299287410923,0
1,2,17.032258064516128,9.96774193548387,1.2258064516129032,1.5161290322580645,0.7741935483870968,2.3225806451612905,30.580645161290324,1.0,0.1894150417827298,0.4011142061281337,0.5059920106524634,0.625059191211289,0.5951004100515193,0
0,3,14.580645161290322,4.290322580645161,3.225806451612903,1.1612903225806452,0.2903225806451613,2.2580645161290325,29.193548387096776,0.7741935483870968,0.428169014084507,0.352112676056338,1.367989056087551,0.551219512195122,0.6078625702015196,0
2,3,10.40625,8.34375,0.46875,0.6875,2.90625,1.375,26.875,1.0,0.01968503937007874,0.4645669291338583,0.3177966101694915,0.5442599372384936,0.4031510658016682,0
0,2,9.59375,2.5625,1.4375,0.8125,0.28125,0.6875,26.25,0.46875,0.7521008403361344,0.16806722689075632,1.8253968253968254,0.600547730829421,0.41864326375711575,0
2,3,12.916666666666666,10.13888888888889,0.8055555555555556,0.9166666666666666,1.25,1.3888888888888888,26.0,1.0,0.0,0.6832740213523132,0.5410447761194029,0.6361497209149611,0.5257556406981694,0
0,2,14.53125,4.78125,4.28125,1.0,0.34375,2.5,31.46875,1.0,0.18059299191374664,0.46900269541778977,1.6466346153846154,0.519483421217267,0.595921599683231,0
1,2,19.0,6.857142857142857,1.5142857142857142,0.42857142857142855,0.4,1.4285714285714286,34.142857142857146,1.0,0.3990719257540603,0.5081206496519721,0.9906542056074765,0.6304990898058253,0.5990821860659156,1
0,2,11.333333333333334,2.5555555555555554,5.083333333333333,1.5833333333333333,0.027777777777777776,2.638888888888889,28.63888888888889,0.9444444444444444,0.3680555555555556,0.3888888888888889,1.8559837728194726,0.6048387096774194,0.5712352600038663,0
0,2,12.515151515151516,3.303030303030303,2.4242424242424243,0.8181818181818182,0.15151515151515152,1.7575757575757576,29.757575757575758,1.0,0.43440233236151604,0.2594752186588921,1.3050570962479608,0.540349591794013,0.50035522175987,0
0,1,10.7,2.7333333333333334,5.366666666666666,1.9666666666666666,0.2,2.2666666666666666,28.8,0.5,0.5857142857142857,0.2571428571428571,2.2676056338028165,0.5149512320328542,0.5559400230680507,0
0,2,10.03225806451613,2.774193548387097,2.5806451612903225,1.1612903225806452,0.0,1.3225806451612903,30.93548387096774,1.0,0.6172839506172839,0.448559670781893,1.8140589569160996,0.5344377233984053,0.4064026608460659,0
0,3,14.357142857142858,4.392857142857143,0.9642857142857143,1.0,0.14285714285714285,0.75,29.214285714285715,0.9642857142857143,0.6545454545454545,0.23636363636363636,1.134453781512605,0.6620553359683794,0.5226608187134503,0
1,3,8.290322580645162,3.2580645161290325,0.7096774193548387,0.25806451612903225,1.2903225806451613,1.0,21.0,0.7741935483870968,0.2647058823529412,0.21008403361344538,0.6451612903225806,0.49423076923076925,0.42654028436018954,0
1,1,19.151515151515152,9.818181818181818,0.5151515151515151,0.6363636363636364,1.5757575757575757,1.8181818181818181,26.606060606060606,1.0,0.0026595744680851063,0.5851063829787234,0.2685624012638231,0.6683587140439932,0.7364121184613639,1
1,1,12.96875,8.5625,1.8125,1.0625,2.53125,2.09375,31.59375,1.0,0.21476510067114093,0.6442953020134228,0.8262108262108262,0.5425120267726417,0.46637744034707157,1
1,0,11.03125,5.53125,1.40625,0.71875,0.5625,1.59375,29.0,0.59375,0.6013745704467354,0.27491408934707906,0.8302583025830258,0.5410790925812385,0.4274054982817869,0
0,2,12.23076923076923,3.1538461538461537,3.923076923076923,1.0,0.11538461538461539,2.5384615384615383,33.46153846153846,1.0,0.4312267657992565,0.2862453531598513,1.4868804664723032,0.5249603803486529,0.481320192528077,0
0,2,16.242424242424242,3.6666666666666665,3.212121212121212,0.8787878787878788,0.030303030303030304,2.0,35.60606060606061,0.9696969696969697,0.32051282051282054,0.5051282051282051,1.5295815295815294,0.5622220357472518,0.5448527539675803,0
0,3,8.945945945945946,2.918918918918919,2.0,0.5405405405405406,0.02702702702702703,1.3243243243243243,28.216216216216218,0.8918918918918919,0.3320610687022901,0.24045801526717558,1.4041745730550284,0.5712411983984537,0.38656103846520945,0
1,3,9.90625,4.3125,1.59375,0.53125,0.40625,1.125,27.40625,0.78125,0.5422535211267606,0.18661971830985916,1.3010204081632653,0.5157490563581935,0.4180867984548966,0
1,1,8.787878787878787,4.363636363636363,1.4545454545454546,0.2727272727272727,0.2727272727272727,0.9393939393939394,25.333333333333332,1.0,0.3565217391304348,0.1956521739130435,1.3994169096209912,0.5804643714971978,0.4027165495055403,0
0,1,12.38888888888889,4.611111111111111,4.888888888888889,2.6666666666666665,0.08333333333333333,2.0555555555555554,31.38888888888889,1.0,0.3194444444444444,0.36666666666666664,2.2680412371134024,0.5333907386146193,0.5486944248412138,0
1,0,10.914285714285715,5.8,1.1142857142857143,0.6,3.0285714285714285,1.7714285714285714,21.82857142857143,0.9714285714285714,0.41379310344827586,0.5732758620689655,0.5954198473282443,0.657441828445546,0.5485342019543974,1
0,1,14.40625,4.25,6.09375,1.09375,0.21875,3.09375,35.53125,1.0,0.25495049504950495,0.2301980198019802,1.908023483365949,0.5180706643891037,0.5753376600596386,0
1,1,7.6875,4.1875,0.75,0.6875,0.21875,1.5625,25.25,0.78125,0.43455497382198954,0.2670157068062827,0.45112781954887216,0.5762743628185907,0.3328402366863905,0
0,3,12.205882352941176,5.029411764705882,1.4411764705882353,1.0588235294117647,0.47058823529411764,1.6764705882352942,31.470588235294116,1.0,0.27323943661971833,0.3492957746478873,0.8112582781456953,0.5066412735618713,0.43227128749767096,0
0,1,9.142857142857142,3.5714285714285716,1.8857142857142857,1.1142857142857143,0.3142857142857143,1.1142857142857143,27.942857142857143,1.0,0.5180722891566265,0.39759036144578314,1.552941176470588,0.5468963631391851,0.3932755985736118,0
1,3,12.416666666666666,7.25,0.875,0.7916666666666666,1.4166666666666667,2.0833333333333335,27.625,0.9583333333333334,0.0,0.7445652173913043,0.4007633587786259,0.6099557884394956,0.4794108806732792,0
0,2,13.878787878787879,6.303030303030303,1.393939393939394,1.0,0.3939393939393939,2.0,28.727272727272727,0.9696969696969697,0.2208955223880597,0.32238805970149254,0.6637806637806638,0.598661507895012,0.5298013245033113,0
0,0,11.384615384615385,2.769230769230769,3.3846153846153846,0.8076923076923077,0.19230769230769232,1.7692307692307692,28.153846153846153,0.8076923076923077,0.4935064935064935,0.45454545454545453,1.8106995884773662,0.5339105339105339,0.522733460386605,0
0,3,12.676470588235293,3.0,3.764705882352941,0.7352941176470589,0.058823529411764705,1.7058823529411764,32.14705882352941,1.0,0.49291784702549574,0.2577903682719547,2.0846905537459284,0.5482902503561978,0.509850419554907,0
0,1,10.303030303030303,4.0606060606060606,1.4545454545454546,0.5757575757575758,0.21212121212121213,0.6666666666666666,20.757575757575758,0.21212121212121213,0.6035087719298246,0.20701754385964913,1.8972332015810278,0.5466941085670183,0.5637076856022083,0
0,3,9.470588235294118,5.735294117647059,1.2352941176470589,0.7647058823529411,0.6176470588235294,0.9705882352941176,28.705882352941178,1.0,0.5201465201465202,0.304029304029304,1.153846153846154,0.5201602481261308,0.37165611598938125,0
0,3,11.194444444444445,4.861111111111111,1.2222222222222223,1.0555555555555556,0.08333333333333333,1.3333333333333333,28.02777777777778,0.75,0.29476584022038566,0.24793388429752067,0.8527131782945737,0.5004967709885743,0.441437882678254,0
1,3,13.607142857142858,7.25,1.75,1.2142857142857142,0.6428571428571429,1.8214285714285714,32.0,1.0,0.07876712328767123,0.3150684931506849,0.9107806691449813,0.5729667949951877,0.47841566533155316,0
0,1,17.379310344827587,4.0,3.4827586206896552,1.103448275862069,0.034482758620689655,2.206896551724138,36.41379310344828,0.9655172413793104,0.3533834586466165,0.43859649122807015,1.5097159940209268,0.5294117647058824,0.5713476248937577,0
0,0,11.478260869565217,2.652173913043478,2.6956521739130435,0.391304347826087,0.5652173913043478,2.869565217391304,25.652173913043477,0.6956521739130435,0.46511627906976744,0.3953488372093023,0.9077598828696926,0.5229793977812995,0.5503967583994597,0
0,3,10.472222222222221,5.222222222222222,0.7777777777777778,0.6111111111111112,0.5277777777777778,1.25,32.416666666666664,0.9166666666666666,0.12916666666666668,0.6291666666666667,0.5761316872427983,0.6151285732933037,0.3459764223475141,0
1,1,8.424242424242424,4.757575757575758,0.7878787878787878,0.9696969696969697,0.6666666666666666,0.696969696969697,26.818181818181817,1.0,0.5135135135135135,0.27927927927927926,0.988593155893536,0.5576059050064185,0.34222672520544856,0
1,1,9.314285714285715,4.514285714285714,1.8285714285714285,0.7428571428571429,0.6571428571428571,0.9714285714285714,28.0,1.0,0.4110169491525424,0.3389830508474576,1.7066666666666666,0.6010324483775812,0.3965429588205389,0
1,1,17.47222222222222,8.916666666666666,1.1666666666666667,1.0833333333333333,1.3888888888888888,1.5555555555555556,29.88888888888889,1.0,0.06437768240343347,0.33476394849785407,0.7046979865771812,0.5882462965733952,0.6215264912930715,1
0,3,9.741935483870968,1.7096774193548387,2.161290322580645,1.2580645161290323,0.3548387096774194,1.5806451612903225,27.225806451612904,0.8064516129032258,0.396,0.152,1.2859884836852207,0.5661367726454708,0.43560382481407145,0
1,0,15.787878787878787,9.303030303030303,2.5454545454545454,1.1818181818181819,1.6666666666666667,3.1515151515151514,32.18181818181818,0.9696969696969697,0.1797752808988764,0.40898876404494383,0.782851817334576,0.49611487773291685,0.5679151412747583,0
0,1,15.714285714285714,3.6857142857142855,4.8,1.1714285714285715,0.02857142857142857,1.2,33.628571428571426,1.0,0.41037735849056606,0.3608490566037736,3.692307692307692,0.5597166815924448,0.6082168572638712,0
0,3,14.82857142857143,2.9714285714285715,4.6571428571428575,1.2857142857142858,0.11428571428571428,2.0285714285714285,34.91428571428571,1.0,0.629080118694362,0.40059347181008903,2.1879194630872485,0.6546417759838548,0.5565075479396165,0
2,1,18.5625,8.5625,2.28125,0.46875,1.53125,2.03125,32.3125,1.0,0.15023474178403756,0.27230046948356806,1.0703812316715542,0.6225893006875733,0.6430775163902815,0
0,2,12.741935483870968,3.3870967741935485,3.6129032258064515,0.8709677419354839,0.0967741935483871,2.774193548387097,30.70967741935484,1.0,0.30944625407166126,0.3550488599348534,1.2570145903479235,0.5564007212080234,0.5308344675950162,0
2,3,25.205128205128204,12.153846153846153,2.0256410256410255,0.28205128205128205,2.1538461538461537,2.3076923076923075,32.0,1.0,0.0037105751391465678,0.8089053803339518,0.8413205537806177,0.6725138197143014,0.8483105679367361,1
1,2,11.444444444444445,5.944444444444445,3.3055555555555554,0.8888888888888888,1.5,1.6111111111111112,31.11111111111111,1.0,0.0,0.2624113475177305,1.9318181818181817,0.654883011190234,0.47258810964756137,0
2,0,11.857142857142858,5.771428571428571,0.9714285714285714,0.4857142857142857,0.9142857142857143,1.6571428571428573,22.6,1.0,0.06521739130434782,0.591304347826087,0.5528455284552845,0.7159122274358266,0.5651353052234109,0
0,3,15.17142857142857,2.8285714285714287,4.514285714285714,1.7428571428571429,0.08571428571428572,2.4571428571428573,31.2,1.0,0.5794871794871795,0.35128205128205126,1.76536312849162,0.5896331171715378,0.6289365586490187,0
1,2,20.20689655172414,7.931034482758621,2.0,1.0344827586206897,1.1724137931034482,1.5172413793103448,34.86206896551724,1.0,0.43201754385964913,0.25877192982456143,1.236673773987207,0.5768624980311859,0.6351711214123681,1
1,3,9.621621621621621,6.0,2.918918918918919,1.2972972972972974,0.4864864864864865,1.5675675675675675,30.2972972972973,1.0,0.3694915254237288,0.3525423728813559,1.7504051863857373,0.5223617795515906,0.41255445896683557,0
0,0,13.45945945945946,5.864864864864865,1.6216216216216217,0.7567567567567568,0.16216216216216217,1.6216216216216217,30.72972972972973,0.972972972972973,0.3163538873994638,0.4155495978552279,0.9419152276295133,0.5643699002719855,0.48917331463136665,1
1,3,12.545454545454545,5.303030303030303,0.6666666666666666,0.45454545454545453,0.9696969696969697,1.6666666666666667,24.242424242424242,0.8484848484848485,0.1465798045602606,0.31596091205211724,0.3773584905660377,0.5919698009608785,0.5427611104195195,0
1,3,11.647058823529411,5.205882352941177,0.7352941176470589,1.0588235294117647,0.8235294117647058,2.2058823529411766,27.91176470588235,1.0,0.16728624535315986,0.5464684014869888,0.31887755102040816,0.593382881802925,0.44204115917681647,0
1,2,8.393939393939394,3.9393939393939394,1.0,0.6363636363636364,0.2727272727272727,0.8484848484848485,26.848484848484848,1.0,0.7509578544061303,0.12260536398467432,1.0543130990415335,0.5034898938490622,0.34858877769031826,0
0,0,14.366666666666667,5.333333333333333,4.533333333333333,1.9,0.3333333333333333,2.933333333333333,28.933333333333334,1.0,0.33766233766233766,0.37012987012987014,1.4945054945054945,0.6016863971409425,0.6509758897818598,1
1,2,15.5,8.352941176470589,0.8823529411764706,0.6764705882352942,0.5588235294117647,2.264705882352941,26.91176470588235,0.9705882352941176,0.01597444089456869,0.6869009584664537,0.3731343283582089,0.6464671246319921,0.6064895470383276,0
0,3,22.192307692307693,3.423076923076923,3.5,1.3846153846153846,0.23076923076923078,2.5384615384615383,34.07692307692308,1.0,0.4077922077922078,0.5246753246753246,1.3265306122448979,0.6088039166033595,0.7517443169029934,0
0,2,14.405405405405405,3.4864864864864864,4.72972972972973,1.837837837837838,0.2702702702702703,3.4054054054054053,38.432432432432435,1.0,0.4124748490945674,0.2575452716297787,1.3492675404780263,0.48163811176172916,0.49659816230623555,0
0,2,8.333333333333334,4.818181818181818,4.909090909090909,1.2424242424242424,0.45454545454545453,1.393939393939394,36.21212121212121,0.9696969696969697,0.325,0.2833333333333333,3.2860040567951314,0.5094101956135151,0.36468330134357,0
0,3,8.1875,2.8125,1.875,0.65625,0.09375,1.28125,27.6875,0.65625,0.545816733067729,0.1752988047808765,1.3574660633484161,0.48453913300784135,0.36212325686009894,0
0,3,9.121212121212121,3.8484848484848486,3.3636363636363638,0.8484848484848485,0.3333333333333333,1.696969696969697,33.15151515151515,1.0,0.29699248120300753,0.24812030075187969,1.8718381112984823,0.5101003253796095,0.3754670554998633,0
1,2,13.257142857142858,5.828571428571428,2.0,1.1142857142857143,0.8,2.657142857142857,26.17142857142857,0.9714285714285714,0.2358490566037736,0.5094339622641509,0.7253886010362695,0.5959720509658858,0.5807504078303426,0
0,1,10.178571428571429,2.107142857142857,1.5357142857142858,1.0714285714285714,0.21428571428571427,1.3571428571428572,23.392857142857142,0.5357142857142857,0.5569620253164557,0.28270042194092826,1.053921568627451,0.534749324527169,0.4986318029796291,0
1,3,13.727272727272727,7.848484848484849,0.8787878787878788,1.5454545454545454,0.2727272727272727,1.2727272727272727,29.818181818181817,1.0,0.5211640211640212,0.21164021164021163,0.640176600441501,0.5481606969990319,0.48820014180087107,0
0,3,11.666666666666666,4.181818181818182,4.0606060606060606,1.5151515151515151,0.5151515151515151,2.9393939393939394,31.696969696969695,1.0,0.3166144200626959,0.3730407523510972,1.3359920239282153,0.5183649289099526,0.4946154579243305,0
0,2,14.944444444444445,4.888888888888889,3.7222222222222223,1.7777777777777777,0.3888888888888889,2.1666666666666665,35.833333333333336,1.0,0.3574660633484163,0.2850678733031674,1.6421568627450982,0.5407687359279512,0.5194805194805194,0
0,3,11.96774193548387,4.096774193548387,2.6774193548387095,1.903225806451613,0.45161290322580644,2.2903225806451615,26.0,0.7741935483870968,0.2906574394463668,0.2837370242214533,1.1201079622132253,0.570628768303187,0.561117290816957,0
0,2,18.066666666666666,4.233333333333333,4.7,1.5333333333333334,0.3333333333333333,2.9,38.13333333333333,1.0,0.30578512396694213,0.2024793388429752,1.5666666666666667,0.5141144331461527,0.5954664341761116,0
0,2,20.444444444444443,3.5555555555555554,4.5,1.9444444444444444,0.19444444444444445,3.361111111111111,33.05555555555556,1.0,0.36617100371747213,0.5557620817843866,1.3001605136436596,0.549614672322122,0.7523458445040213,0
1,3,11.108108108108109,6.216216216216216,2.3783783783783785,1.7837837837837838,0.6756756756756757,1.2162162162162162,29.135135135135137,1.0,0.17582417582417584,0.42124542124542125,1.8069815195071868,0.6350432632880099,0.4613108995100305,0
1,3,15.90625,10.40625,1.40625,0.59375,1.03125,2.21875,30.3125,1.0,0.017964071856287425,0.625748502994012,0.6064690026954178,0.5974739412151376,0.5692560624743115,0
1,0,10.483870967741936,7.096774193548387,0.41935483870967744,0.25806451612903225,0.7419354838709677,1.4193548387096775,24.258064516129032,0.9354838709677419,0.0,0.8369565217391305,0.2760084925690021,0.6454559898315857,0.44762283141305786,0
0,2,15.421052631578947,4.5,2.0526315789473686,0.6842105263157895,0.05263157894736842,1.394736842105263,35.39473684210526,1.0,0.6394557823129252,0.19047619047619047,1.3732394366197185,0.6130220102100594,0.49228944246737844,1
1,2,9.222222222222221,8.472222222222221,1.5277777777777777,0.8611111111111112,1.3888888888888888,1.8333333333333333,24.0,0.9444444444444444,0.0,0.5148514851485149,0.7902298850574712,0.6700032289312238,0.446058091286307,0
0,1,7.0,2.2777777777777777,4.833333333333333,0.6944444444444444,0.4722222222222222,1.9722222222222223,20.22222222222222,0.2222222222222222,0.14479638009049775,0.3665158371040724,2.332439678284182,0.4909600997506235,0.5822854018589393,0
1,2,11.323529411764707,7.147058823529412,1.6176470588235294,0.8823529411764706,0.5,1.4411764705882353,29.058823529411764,0.9411764705882353,0.013745704467353952,0.41237113402061853,1.049618320610687,0.5599185573007562,0.44381682469235423,0
0,2,10.28125,5.125,1.59375,0.46875,0.15625,1.21875,29.28125,0.875,0.3779527559055118,0.3543307086614173,1.2085308056872037,0.5602861035422343,0.4041693256753882,0
0,1,11.727272727272727,2.6363636363636362,2.696969696969697,0.8787878787878788,0.12121212121212122,1.8181818181818181,29.90909090909091,1.0,0.49851632047477745,0.27002967359050445,1.4060031595576619,0.513208147676639,0.48066242552761784,0
0,2,14.161290322580646,3.6451612903225805,2.5483870967741935,1.1935483870967742,0.3225806451612903,2.870967741935484,35.645161290322584,0.9032258064516129,0.7291666666666666,0.22135416666666666,0.8577633007600434,0.5208827717133365,0.4674668351231838,0
0,1,11.323529411764707,3.3529411764705883,1.6764705882352942,0.7647058823529411,0.029411764705882353,1.3235294117647058,30.029411764705884,1.0,0.4440677966101695,0.34576271186440677,1.177685950413223,0.5663763681299282,0.4314720812182741,0
2,1,11.041666666666666,4.791666666666667,0.9166666666666666,0.5416666666666666,2.2083333333333335,1.7916666666666667,29.333333333333332,0.7916666666666666,0.005747126436781609,0.5229885057471264,0.48458149779735676,0.6190431695010279,0.40628539071347675,0
0,1,18.526315789473685,6.394736842105263,3.736842105263158,1.5,0.5526315789473685,2.710526315789474,32.473684210526315,1.0,0.29219600725952816,0.37749546279491836,1.3295880149812733,0.5478428687044762,0.6834706737760543,1
0,3,7.194444444444445,3.5833333333333335,1.7777777777777777,0.5833333333333334,0.3333333333333333,1.5833333333333333,27.88888888888889,0.9166666666666666,0.4194915254237288,0.2754237288135593,1.056105610561056,0.48941798941798936,0.32056371576022225,0
0,2,14.848484848484848,4.090909090909091,2.696969696969697,1.9090909090909092,0.45454545454545453,2.121212121212121,29.181818181818183,0.9696969696969697,0.3159090909090909,0.36818181818181817,1.21418826739427,0.4791894852135816,0.5991927972679291,0
0,1,8.46875,3.90625,3.9375,1.28125,0.21875,2.09375,24.71875,0.46875,0.42920353982300885,0.2920353982300885,1.7948717948717947,0.5312892095357591,0.49987408713170484,0
0,3,12.86111111111111,2.611111111111111,3.2222222222222223,0.7222222222222222,0.3333333333333333,1.7777777777777777,32.833333333333336,1.0,0.4005305039787798,0.29973474801061006,1.7159763313609468,0.5425103112110986,0.4883603238866396,0
2,2,12.041666666666666,6.5,1.0416666666666667,1.125,2.7916666666666665,1.25,28.041666666666668,1.0,0.0,0.6219512195121951,0.7716049382716049,0.6917847567981616,0.4649096831507254,0
0,1,8.25,3.1875,2.90625,1.375,0.0625,1.5,25.96875,0.78125,0.24912280701754386,0.28421052631578947,1.81640625,0.4116766467065868,0.4279549268760489,0
0,2,7.3,3.45,1.675,1.35,0.075,1.375,24.225,0.675,0.4953271028037383,0.3037383177570093,1.135593220338983,0.6018136850783182,0.36896197327852,0
0,1,7.9375,2.375,1.125,1.0,0.25,1.0625,27.25,0.9375,0.7136563876651982,0.12334801762114538,0.9677419354838709,0.5306702323249206,0.3313528336380256,0
0,0,8.806451612903226,2.870967741935484,1.8387096774193548,0.7741935483870968,0.1935483870967742,1.6129032258064515,25.032258064516128,0.3225806451612903,0.2553191489361702,0.4297872340425532,1.0734463276836157,0.48847695390781565,0.42356565267616475,0
1,1,7.194444444444445,6.083333333333333,0.2222222222222222,0.3333333333333333,0.4722222222222222,0.6388888888888888,16.47222222222222,0.1111111111111111,0.00558659217877095,0.4245810055865922,0.30075187969924816,0.6095838825080022,0.44753603754609456,0
0,1,9.969696969696969,2.303030303030303,1.9393939393939394,1.393939393939394,0.030303030303030304,1.2121212121212122,21.545454545454547,0.0,0.3459915611814346,0.4472573839662447,1.4780600461893763,0.5799605133267522,0.5501889962200754,0
0,2,9.382352941176471,2.4411764705882355,5.617647058823529,0.7058823529411765,0.08823529411764706,2.4411764705882355,32.8235294117647,1.0,0.3497942386831276,0.31275720164609055,2.210648148148148,0.5769787295615685,0.4556012149365732,0
0,1,7.025,2.1,2.125,0.75,0.125,1.425,21.875,0.075,0.5082644628099173,0.30165289256198347,1.3934426229508194,0.5125492485043047,0.41638225255972694,0
0,0,8.7,1.7666666666666666,3.6333333333333333,1.3666666666666667,0.26666666666666666,2.3333333333333335,23.133333333333333,0.26666666666666666,0.2897196261682243,0.5046728971962616,1.4931506849315066,0.4990058121749771,0.5308464849354375,0
0,2,19.696969696969695,4.121212121212121,5.121212121212121,2.6363636363636362,0.2727272727272727,1.9696969696969697,35.121212121212125,1.0,0.3857442348008386,0.3836477987421384,2.474377745241581,0.5829387286554742,0.7046373569646389,0
1,0,9.482758620689655,7.551724137931035,1.4482758620689655,0.7931034482758621,0.896551724137931,1.9655172413793103,19.17241379310345,0.13793103448275862,0.009259259259259259,0.4675925925925926,0.7011686143572622,0.5279526954384887,0.5671855430309536,1
1,2,9.941176470588236,4.029411764705882,1.0,0.8823529411764706,0.20588235294117646,1.1176470588235294,26.705882352941178,0.35294117647058826,0.275,0.3892857142857143,0.8212560386473429,0.5153067447249665,0.4081632653061224,0
1,2,15.742857142857142,5.828571428571428,2.9714285714285715,1.1142857142857143,0.4,2.257142857142857,36.2,1.0,0.3036529680365297,0.589041095890411,1.2606060606060605,0.499528575572962,0.5155450609996064,0
1,3,9.555555555555555,6.2592592592592595,0.9629629629629629,0.8888888888888888,0.25925925925925924,1.1111111111111112,29.88888888888889,0.9629629629629629,0.4419642857142857,0.16071428571428573,0.7951070336391436,0.5378585723815877,0.3507471903174015,0
0,1,11.558823529411764,2.764705882352941,2.6470588235294117,0.8823529411764706,0.029411764705882353,1.3235294117647058,32.529411764705884,1.0,0.5635838150289018,0.19653179190751446,1.8595041322314048,0.522717599489253,0.4353704705246078,0
0,3,11.34375,3.03125,1.0,1.40625,0.09375,1.09375,30.0,1.0,0.640625,0.109375,0.8376963350785339,0.5411449016100179,0.4100913621262458,0
1,3,6.837837837837838,3.864864864864865,1.0,0.4864864864864865,0.4594594594594595,1.4324324324324325,20.864864864864863,1.0,0.5974025974025974,0.14285714285714285,0.6525573192239859,0.5152329749103942,0.3738558721155086,0
0,0,8.65625,4.40625,2.03125,0.59375,0.46875,2.1875,28.78125,0.65625,0.10504201680672269,0.41596638655462187,0.8879781420765027,0.49190225884358574,0.3700497727764553,0
0,3,18.735294117647058,4.911764705882353,1.9705882352941178,0.9411764705882353,0.23529411764705882,2.676470588235294,32.88235294117647,1.0,0.39826839826839827,0.2662337662337662,0.7097457627118645,0.6171045493296132,0.6277866952024255,1
0,1,8.657142857142857,2.942857142857143,4.885714285714286,0.9142857142857143,0.2,2.2857142857142856,29.685714285714287,1.0,0.2647058823529412,0.38235294117647056,2.047904191616767,0.544885627967199,0.4546762589928057,0
0,1,11.363636363636363,3.242424242424242,1.2121212121212122,0.24242424242424243,0.18181818181818182,1.121212121212121,29.666666666666668,0.8484848484848485,0.572463768115942,0.3442028985507246,0.9925558312655087,0.5899937067337948,0.4224778580881604,0
0,1,18.8125,3.21875,4.4375,2.09375,0.125,2.9375,33.875,0.96875,0.19813519813519814,0.6153846153846154,1.4609053497942386,0.5521314843348742,0.684326710816777,0
2,1,11.23076923076923,7.410256410256411,0.8974358974358975,0.48717948717948717,2.8205128205128207,0.9230769230769231,23.641025641025642,1.0,0.0037735849056603774,0.29056603773584905,0.8771929824561403,0.732735546038544,0.5108543039205097,1
0,1,10.40625,4.53125,0.8125,0.90625,0.5625,0.75,27.84375,0.9375,0.5688888888888889,0.3111111111111111,0.9558823529411765,0.6508991399530883,0.40147617982554235,0
2,1,12.558823529411764,6.647058823529412,1.4705882352941178,0.7647058823529411,1.5294117647058822,2.2941176470588234,28.058823529411764,1.0,0.21052631578947367,0.519298245614035,0.6142506142506143,0.609790928824403,0.4982243576352621,1
1,3,15.75,6.527777777777778,1.9166666666666667,0.75,0.9166666666666666,1.8055555555555556,30.805555555555557,1.0,0.18337408312958436,0.31784841075794623,1.0058309037900874,0.6081081081081081,0.5716340104260291,0
0,0,7.294117647058823,1.911764705882353,3.176470588235294,0.7058823529411765,0.058823529411764705,1.6470588235294117,20.558823529411764,0.6176470588235294,0.4803921568627451,0.3431372549019608,1.8181818181818181,0.5281090289608177,0.5068337129840547,0
0,1,17.333333333333332,4.888888888888889,3.0555555555555554,0.9166666666666666,0.5555555555555556,2.611111111111111,31.444444444444443,0.9444444444444444,0.40589569160997735,0.46938775510204084,1.1270491803278688,0.5863779882724401,0.6463543501232828,1
1,3,20.9375,10.8125,4.03125,0.84375,2.875,2.53125,34.53125,1.0,0.0,0.4656319290465632,1.5320665083135392,0.6164887743835112,0.7209889911568309,1
0,2,9.7,3.466666666666667,1.1333333333333333,0.5,0.26666666666666666,1.9,22.933333333333334,0.43333333333333335,0.3670886075949367,0.3206751054852321,0.5666666666666667,0.5380121283833752,0.4703328509406656,0
0,3,10.378378378378379,2.4594594594594597,3.0,0.35135135135135137,0.1891891891891892,1.135135135135135,30.405405405405407,1.0,0.7736486486486487,0.2533783783783784,2.4288840262582054,0.5835866261398176,0.43855763267475856,0
1,1,8.705882352941176,5.205882352941177,0.3235294117647059,0.38235294117647056,0.7058823529411765,1.3235294117647058,25.0,0.9411764705882353,0.0,0.6402116402116402,0.22727272727272727,0.6109643328929987,0.35973752050621044,0
2,2,12.594594594594595,7.297297297297297,1.3783783783783783,0.7567567567567568,2.7567567567567566,1.5945945945945945,25.43243243243243,1.0,0.010416666666666666,0.4722222222222222,0.8133971291866028,0.6698482060717571,0.5472636815920399,1
0,2,14.432432432432432,6.0,3.324324324324324,1.4054054054054055,0.32432432432432434,2.675675675675676,31.405405405405407,1.0,0.3471502590673575,0.3963730569948187,1.1976630963972734,0.5889879114091591,0.5636098481599038,0
1,1,14.464285714285714,7.428571428571429,2.4285714285714284,1.6785714285714286,1.0357142857142858,2.357142857142857,29.857142857142858,0.9642857142857143,0.3323943661971831,0.21971830985915494,0.9883720930232557,0.5201376759478065,0.5639008106819265,0
0,2,15.038461538461538,4.3076923076923075,3.3461538461538463,1.2692307692307692,0.2692307692307692,2.6153846153846154,34.96153846153846,1.0,0.48494983277591974,0.2709030100334448,1.2322946175637393,0.5842098972029645,0.524352786309785,0
0,2,10.066666666666666,2.566666666666667,6.866666666666666,1.0666666666666667,0.06666666666666667,3.033333333333333,31.233333333333334,0.9666666666666667,0.19117647058823528,0.21691176470588236,2.1914893617021276,0.5067794334810042,0.5404255319148936,0
0,0,9.483870967741936,2.4193548387096775,3.903225806451613,0.967741935483871,0.0,1.1935483870967742,32.354838709677416,0.8387096774193549,0.6290322580645161,0.1975806451612903,3.017456359102244,0.5453331354800416,0.4124838485240036,0
0,2,12.416666666666666,1.9444444444444444,1.8055555555555556,1.0277777777777777,0.08333333333333333,1.0,27.86111111111111,0.8055555555555556,0.6155844155844156,0.16883116883116883,1.6414141414141412,0.5403771760154739,0.5086429564871845,0
1,1,21.085714285714285,7.6571428571428575,1.1428571428571428,0.8571428571428571,1.0285714285714285,1.9142857142857144,34.22857142857143,0.9428571428571428,0.2964352720450281,0.4652908067542214,0.5673758865248226,0.5746589422537843,0.6475239284228048,1
0,2,8.6875,1.90625,1.59375,0.375,0.0,1.40625,20.46875,0.28125,0.47107438016528924,0.26859504132231404,1.058091286307054,0.5136733185513673,0.4998480704952902,0
1,3,11.323529411764707,5.676470588235294,0.4411764705882353,0.7058823529411765,1.5294117647058822,1.5588235294117647,25.970588235294116,0.9705882352941176,0.0,0.5508474576271186,0.26595744680851063,0.6565484311050478,0.4512635379061372,0
0,3,10.78125,2.625,2.0625,0.90625,0.125,1.09375,30.46875,1.0,0.5726495726495726,0.32905982905982906,1.7277486910994764,0.6439450500223981,0.42015947658965447,0
1,1,17.22222222222222,9.083333333333334,1.9444444444444444,0.5833333333333334,1.5555555555555556,2.0555555555555554,30.36111111111111,1.0,0.0,0.6742209631728046,0.9020618556701031,0.6772699466923009,0.6292175816159036,1
1,0,12.241379310344827,5.103448275862069,2.4482758620689653,0.8620689655172413,0.1724137931034483,2.0344827586206895,28.75862068965517,0.896551724137931,0.03167420814479638,0.5972850678733032,1.1470113085621971,0.6360183459939802,0.5090213884574023,0
1,0,12.529411764705882,8.529411764705882,0.9117647058823529,0.5294117647058824,1.2352941176470589,1.5294117647058822,28.676470588235293,1.0,0.007633587786259542,0.5877862595419847,0.5595667870036101,0.645924308588064,0.4670891251022077,0
0,0,14.083333333333334,5.138888888888889,1.6666666666666667,1.4444444444444444,0.25,1.25,32.69444444444444,1.0,0.5228426395939086,0.22588832487309646,1.2345679012345678,0.5852340936374549,0.48026427240386244,1
0,1,9.882352941176471,5.176470588235294,2.1470588235294117,0.6176470588235294,0.8235294117647058,1.2647058823529411,29.558823529411764,0.9411764705882353,0.29508196721311475,0.3114754098360656,1.5732758620689655,0.6055363321799307,0.4055930186433955,0
0,0,17.363636363636363,4.424242424242424,3.090909090909091,2.0606060606060606,0.24242424242424243,1.878787878787879,33.60606060606061,1.0,0.45977011494252873,0.32413793103448274,1.5620214395099539,0.5764123611781747,0.6068506697833317,0
1,2,14.19047619047619,6.476190476190476,1.0476190476190477,0.9523809523809523,0.38095238095238093,1.9047619047619047,28.333333333333332,0.9523809523809523,0.0,0.6282722513089005,0.5225653206650832,0.6111566858080394,0.5359236308825992,0
0,2,10.514285714285714,3.3142857142857145,3.914285714285714,0.6,0.02857142857142857,1.9142857142857144,31.142857142857142,0.9714285714285714,0.582995951417004,0.3157894736842105,1.9432624113475176,0.6540594340964027,0.4618198445358939,0
0,3,13.375,3.21875,3.4375,0.96875,0.1875,1.9375,29.8125,1.0,0.4717514124293785,0.1864406779661017,1.687116564417178,0.558688387635756,0.562055996656916,0
1,3,12.84375,6.75,1.1875,0.71875,1.15625,1.8125,26.3125,1.0,0.12074303405572756,0.2755417956656347,0.6209150326797386,0.567428760768721,0.5312352106010412,0
0,2,14.0,2.6666666666666665,5.5,1.9,0.36666666666666664,2.433333333333333,33.03333333333333,1.0,0.4563106796116505,0.20711974110032363,2.1710526315789473,0.6228496856092063,0.5885311871227364,1
1,3,10.685714285714285,8.228571428571428,1.3142857142857143,0.6571428571428571,1.2,1.0857142857142856,22.914285714285715,1.0,0.030303030303030304,0.38257575757575757,1.108433734939759,0.6062767475035663,0.521415270018622,0
0,1,9.766666666666667,3.966666666666667,1.2,1.2,0.36666666666666664,1.3,27.433333333333334,0.8333333333333334,0.44274809160305345,0.1297709923664122,0.857142857142857,0.5289572501444252,0.3983050847457627,0
1,3,7.783783783783784,4.4324324324324325,1.2702702702702702,0.40540540540540543,0.43243243243243246,1.027027027027027,20.81081081081081,0.40540540540540543,0.045,0.41,1.1270983213429255,0.6099627245001695,0.4329843608633837,0
1,3,11.212121212121213,4.696969696969697,1.0606060606060606,0.6666666666666666,0.48484848484848486,1.303030303030303,30.151515151515152,0.9696969696969697,0.5180327868852459,0.2786885245901639,0.7559395248380129,0.540303738317757,0.40568967244315335,0
0,1,15.558823529411764,4.852941176470588,2.735294117647059,2.0588235294117645,0.5,1.6470588235294117,32.294117647058826,0.9705882352941176,0.509009009009009,0.24324324324324326,1.5656565656565657,0.5381266276041667,0.5647357908116941,1
0,2,12.909090909090908,2.1363636363636362,2.5454545454545454,1.3181818181818181,0.045454545454545456,1.9545454545454546,34.36363636363637,0.9545454545454546,0.4413145539906103,0.3286384976525822,1.238938053097345,0.5824446267432322,0.4484304932735425,0
0,2,7.485714285714286,3.8285714285714287,2.1714285714285713,1.0285714285714285,0.17142857142857143,1.3714285714285714,31.4,1.0,0.5404040404040404,0.2828282828282828,1.4757281553398056,0.5883938196191161,0.30657596371882084,0
0,0,11.085714285714285,4.914285714285715,1.1142857142857143,0.8857142857142857,0.45714285714285713,1.0857142857142856,27.742857142857144,1.0,0.54296875,0.40234375,0.9397590361445783,0.6438337979556618,0.43817342226782957,0
2,2,15.242424242424242,13.06060606060606,2.212121212121212,0.6363636363636364,0.3333333333333333,3.0,33.03030303030303,1.0,0.0,0.5399449035812672,0.7135874877810361,0.5598343869646514,0.5268453306503247,0
0,2,9.0,4.125,5.28125,1.125,0.25,2.59375,32.15625,1.0,0.29296875,0.19140625,1.9605568445475638,0.5188067444876784,0.44274365433055607,0
0,0,8.848484848484848,1.9393939393939394,0.8181818181818182,0.3939393939393939,0.18181818181818182,1.0909090909090908,21.060606060606062,0.5151515151515151,0.38524590163934425,0.22950819672131148,0.6870229007633588,0.5434782608695653,0.4568237147357868,0
1,2,16.8125,11.28125,1.40625,1.21875,1.0,2.59375,31.84375,1.0,0.09090909090909091,0.45714285714285713,0.5220417633410672,0.5816970850272468,0.5703384856192526,0
2,3,7.606060606060606,6.121212121212121,0.24242424242424243,0.21212121212121213,2.6363636363636362,1.5151515151515151,24.666666666666668,1.0,0.0,0.7261146496815286,0.15009380863039398,0.6058119328055609,0.31689710020800194,0
0,2,19.225806451612904,6.645161290322581,2.032258064516129,1.967741935483871,1.1290322580645162,1.4838709677419355,34.193548387096776,1.0,0.36142322097378277,0.21348314606741572,1.2830957230142566,0.5101342098055328,0.6198852412755149,0
0,3,9.071428571428571,5.5,3.0714285714285716,2.5357142857142856,0.39285714285714285,2.0714285714285716,33.67857142857143,0.9285714285714286,0.25,0.234375,1.4144736842105263,0.44971671388101986,0.35948403467963624,0
0,3,17.161290322580644,5.67741935483871,2.0,0.7741935483870968,0.9354838709677419,3.225806451612903,31.677419354838708,1.0,0.05194805194805195,0.5714285714285714,0.6013579049466538,0.552096305520963,0.6029844685818698,0
0,2,14.96875,2.09375,1.71875,1.875,0.0625,1.875,33.6875,0.96875,0.5609756097560976,0.47560975609756095,0.870253164556962,0.6038221056877774,0.4938956714761376,0
0,2,10.764705882352942,2.411764705882353,2.2941176470588234,0.9411764705882353,0.029411764705882353,1.0294117647058822,27.529411764705884,0.23529411764705882,0.5777027027027027,0.30743243243243246,2.03125,0.5445780264254255,0.47264211198637424,0
0,3,11.289473684210526,3.1052631578947367,3.3157894736842106,1.8421052631578947,0.10526315789473684,2.473684210526316,30.973684210526315,1.0,0.3469945355191257,0.23770491803278687,1.2883435582822085,0.5305728702879193,0.470020325203252,0
1,3,12.28125,4.09375,2.21875,0.4375,0.1875,1.90625,28.84375,0.78125,0.4267515923566879,0.3853503184713376,1.1059190031152648,0.5350724321969285,0.5009717123731375,0
1,0,8.181818181818182,4.181818181818182,0.45454545454545453,0.24242424242424243,1.0,2.121212121212121,19.363636363636363,1.0,0.0,0.37254901960784315,0.20463847203274216,0.5685646900269542,0.44371788883699204,0
1,2,7.421052631578948,4.421052631578948,0.3157894736842105,0.4473684210526316,1.6578947368421053,0.8947368421052632,21.81578947368421,0.5789473684210527,0.07727272727272727,0.22727272727272727,0.31746031746031744,0.5826446280991735,0.35302593659942366,0
0,3,7.818181818181818,2.484848484848485,1.696969696969697,0.6363636363636364,0.12121212121212122,1.4242424242424243,21.96969696969697,0.36363636363636365,0.3568075117370892,0.4647887323943662,1.1133200795228628,0.5028063610851263,0.43114101331868737,0
1,0,10.242424242424242,4.9393939393939394,1.0909090909090908,0.5454545454545454,0.6363636363636364,1.0303030303030303,20.666666666666668,0.9090909090909091,0.06666666666666667,0.6476190476190476,0.9651474530831098,0.6262970649273643,0.5457463884430175,0
0,2,16.352941176470587,6.588235294117647,2.676470588235294,0.7058823529411765,0.4117647058823529,1.3235294117647058,30.5,1.0,0.6138613861386139,0.27722772277227725,1.8801652892561982,0.6133074479350512,0.6218762014609764,0
0,3,15.0,2.2777777777777777,1.9166666666666667,0.4166666666666667,0.027777777777777776,1.2222222222222223,30.5,0.9722222222222222,0.578021978021978,0.16703296703296702,1.449579831932773,0.5527802800753419,0.5528322440087146,0
0,3,12.724137931034482,3.4482758620689653,1.793103448275862,1.3448275862068966,0.20689655172413793,1.0689655172413792,25.482758620689655,0.27586206896551724,0.45,0.40384615384615385,1.5339233038348083,0.6025473546701503,0.5674619220919261,0
0,3,13.75,3.09375,1.59375,0.6875,0.5625,1.59375,30.875,1.0,0.6464968152866242,0.37261146496815284,0.9409594095940959,0.6019481230163073,0.49535916061339785,0
0,2,12.0,3.1739130434782608,1.608695652173913,0.8260869565217391,0.08695652173913043,1.565217391304348,31.391304347826086,0.9130434782608695,0.5446428571428571,0.34375,0.9660574412532636,0.5351326198231736,0.43214137788209306,0
1,3,11.090909090909092,7.303030303030303,0.8787878787878788,1.5454545454545454,0.7272727272727273,1.9090909090909092,25.424242424242426,0.8484848484848485,0.0960960960960961,0.39039039039039036,0.4374057315233785,0.468990261404408,0.46895405437492577,0
0,3,13.571428571428571,3.857142857142857,6.742857142857143,1.4285714285714286,0.05714285714285714,3.5428571428571427,34.25714285714286,1.0,0.31648936170212766,0.2765957446808511,1.8509803921568628,0.5631164643399089,0.5912681912681912,0
0,3,19.56756756756757,3.324324324324324,3.027027027027027,1.3513513513513513,0.13513513513513514,2.027027027027027,36.4054054054054,1.0,0.4601113172541744,0.4230055658627087,1.423125794155019,0.5662266157792655,0.6189383282742282,0
0,2,12.75,3.7777777777777777,2.0,1.2222222222222223,0.16666666666666666,1.9444444444444444,25.36111111111111,0.8333333333333334,0.27455919395465994,0.27455919395465994,0.9782608695652175,0.5157766990291263,0.5793148592624918,0
1,2,9.571428571428571,6.428571428571429,0.5357142857142857,0.5714285714285714,0.5357142857142857,1.4285714285714286,21.0,0.21428571428571427,0.020942408376963352,0.6596858638743456,0.35046728971962615,0.5437428988800519,0.47901150981719703,0
0,2,13.53125,2.84375,5.78125,2.03125,0.03125,2.96875,33.0625,1.0,0.3601036269430052,0.2979274611398964,1.8839103869653768,0.49587723316536875,0.5823595929136826,0
1,0,10.147058823529411,6.529411764705882,0.5882352941176471,0.29411764705882354,2.6176470588235294,1.3823529411764706,22.205882352941178,0.20588235294117646,0.24124513618677043,0.4357976653696498,0.3968253968253968,0.5632101345174351,0.48127637130801676,1
0,1,9.696969696969697,2.5454545454545454,4.696969696969697,0.5757575757575758,0.09090909090909091,2.1818181818181817,29.545454545454547,0.9393939393939394,0.8292682926829268,0.17073170731707318,2.0584329349269592,0.5185377236193933,0.48553613411019114,0
1,3,15.586206896551724,10.206896551724139,2.413793103448276,0.6551724137931034,1.5862068965517242,2.793103448275862,30.724137931034484,1.0,0.0,0.7324414715719063,0.8343265792610249,0.5716309186564144,0.5839579371294328,0
0,1,14.86111111111111,5.277777777777778,1.75,1.3888888888888888,0.5,2.0555555555555554,25.305555555555557,0.7222222222222222,0.3542168674698795,0.28674698795180725,0.8118556701030928,0.5723639164669634,0.6538377432757488,0
0,3,13.878787878787879,6.242424242424242,4.333333333333333,1.0606060606060606,0.7575757575757576,2.727272727272727,35.878787878787875,1.0,0.3611859838274933,0.29380053908355797,1.532690246516613,0.5465915600534658,0.5061905162974817,0
1,1,12.333333333333334,8.472222222222221,0.9444444444444444,1.1111111111111112,1.5277777777777777,1.7777777777777777,26.86111111111111,0.7777777777777778,0.1182108626198083,0.3194888178913738,0.5029585798816568,0.6218487394957983,0.49247887904389037,0
0,0,11.71875,3.71875,4.25,1.96875,0.46875,2.09375,32.1875,1.0,0.40705128205128205,0.22435897435897437,1.9373219373219372,0.5469661610268378,0.49457994579945797,1
0,3,17.375,6.9375,1.125,0.90625,0.15625,1.03125,34.3125,1.0,0.5674418604651162,0.12325581395348838,0.9944751381215469,0.613253330980323,0.5375953505266982,1
0,3,11.242424242424242,2.8181818181818183,1.606060606060606,1.1515151515151516,0.21212121212121213,1.2424242424242424,26.303030303030305,0.6060606060606061,0.5608974358974359,0.22435897435897437,1.1963882618510155,0.5411318553092181,0.4866291747962813,0
1,2,15.727272727272727,5.181818181818182,1.7575757575757576,0.8181818181818182,0.42424242424242425,2.090909090909091,31.939393939393938,1.0,0.32265446224256294,0.30434782608695654,0.8022130013831259,0.5236922828543752,0.5457296888300388,0
0,3,14.2,4.742857142857143,2.085714285714286,1.0571428571428572,0.4,2.0,34.34285714285714,1.0,0.5725593667546174,0.24010554089709762,0.9931972789115646,0.5930221458571974,0.4728328494400663,0
2,1,7.027027027027027,4.27027027027027,1.0,0.40540540540540543,0.6216216216216216,0.7297297297297297,17.405405405405407,0.2972972972972973,0.3632286995515695,0.21524663677130046,1.205211726384365,0.5325249877109618,0.45854562297359885,0
1,2,13.393939393939394,5.454545454545454,1.2121212121212122,0.5454545454545454,0.5757575757575758,2.272727272727273,26.696969696969695,1.0,0.4083333333333333,0.43333333333333335,0.5108556832694763,0.5155841731989549,0.5450638923442271,0
1,2,15.535714285714286,9.142857142857142,2.25,0.6785714285714286,0.5714285714285714,2.357142857142857,25.107142857142858,0.9285714285714286,0.008241758241758242,0.29120879120879123,0.9156976744186046,0.5296610169491526,0.7055823179370926,0
0,3,9.481481481481481,3.185185185185185,4.37037037037037,0.8888888888888888,0.1111111111111111,2.037037037037037,29.962962962962962,0.4444444444444444,0.245,0.42,2.0450606585788558,0.5401755570560431,0.46076136503634346,0
1,2,16.789473684210527,6.184210526315789,1.868421052631579,0.47368421052631576,0.6578947368421053,1.131578947368421,27.605263157894736,0.9736842105263158,0.32589285714285715,0.24330357142857142,1.517094017094017,0.6431970320187113,0.6734422492401216,0
0,2,8.88888888888889,2.5,6.222222222222222,2.1666666666666665,0.4166666666666667,2.0277777777777777,34.19444444444444,1.0,0.26618705035971224,0.16906474820143885,2.9242819843342036,0.5356903709655819,0.4406285436578649,0
0,2,13.0,4.241379310344827,2.310344827586207,1.793103448275862,0.13793103448275862,2.5517241379310347,30.689655172413794,0.8275862068965517,0.49538461538461537,0.24307692307692308,0.8712613784135239,0.5239604180564821,0.49725613170567806,0
1,2,10.294117647058824,6.205882352941177,0.8823529411764706,0.6764705882352942,0.7647058823529411,1.3529411764705883,27.5,1.0,0.15625,0.2777777777777778,0.6072874493927125,0.5414603960396039,0.4049445865302643,0
0,0,14.514285714285714,4.428571428571429,1.4285714285714286,1.0571428571428572,0.22857142857142856,1.3428571428571427,32.31428571428572,1.0,0.5744125326370757,0.47780678851174935,0.9900990099009901,0.5479806696582672,0.4918466284706919,1
0,0,10.027027027027026,3.6486486486486487,1.2432432432432432,0.7567567567567568,0.35135135135135137,1.3783783783783783,24.81081081081081,1.0,0.24600638977635783,0.3993610223642173,0.8409506398537477,0.5040760869565217,0.45242486709341434,1
0,3,16.21875,3.625,2.375,1.5625,0.25,1.6875,32.875,1.0,0.5104166666666666,0.2994791666666667,1.3286713286713285,0.597100782328578,0.563874147081122,0
1,2,15.441176470588236,6.588235294117647,1.3823529411764706,0.5294117647058824,0.6176470588235294,1.4705882352941178,31.558823529411764,1.0,0.28756476683937826,0.33678756476683935,0.8801498127340823,0.592283393501805,0.5314009661835749,0
1,2,9.75,4.642857142857143,1.0714285714285714,0.32142857142857145,0.2857142857142857,0.7857142857142857,24.964285714285715,0.8928571428571429,0.43119266055045874,0.22477064220183487,1.2096774193548387,0.5697946234763733,0.43174693644913076,0
0,2,15.827586206896552,3.6206896551724137,4.310344827586207,1.2758620689655173,0.06896551724137931,2.1379310344827585,33.58620689655172,1.0,0.5444126074498568,0.20057306590257878,1.9260400616332822,0.6042654028436019,0.5978093970723718,1
0,0,9.096774193548388,3.967741935483871,4.161290322580645,0.9032258064516129,0.0967741935483871,2.5806451612903225,21.548387096774192,0.0,0.1415525114155251,0.3698630136986301,1.5523465703971118,0.553722902921772,0.6124273580688422,0
0,2,13.735294117647058,3.235294117647059,4.117647058823529,1.7058823529411764,0.029411764705882353,2.7058823529411766,28.176470588235293,1.0,0.4022038567493113,0.5234159779614325,1.4675052410901466,0.5228392297357815,0.6313709174121073,0
1,0,6.35,3.2,0.875,1.05,0.65,0.6,20.325,0.0,0.4666666666666667,0.45454545454545453,1.25,0.6414141414141414,0.3537331701346389,0
1,0,13.617647058823529,7.205882352941177,0.8529411764705882,0.7352941176470589,0.6764705882352942,2.5,27.235294117647058,0.9411764705882353,0.23013698630136986,0.3506849315068493,0.32805429864253394,0.5494635906199563,0.5293737895416397,0
1,1,13.647058823529411,6.029411764705882,2.264705882352941,0.7352941176470589,0.4411764705882353,1.7647058823529411,31.823529411764707,1.0,0.2903225806451613,0.3870967741935484,1.2145110410094637,0.5813370752731282,0.4984337571402247,0
1,0,9.676470588235293,5.294117647058823,2.411764705882353,0.35294117647058826,0.08823529411764706,2.0588235294117645,29.176470588235293,0.9117647058823529,0.4472573839662447,0.38396624472573837,1.11716621253406,0.5937770719029742,0.41289933694996983,0
0,1,11.862068965517242,3.586206896551724,4.068965517241379,1.5172413793103448,0.06896551724137931,2.5517241379310347,32.241379310344826,1.0,0.29394812680115273,0.21613832853025935,1.5344603381014301,0.45263157894736844,0.49258982833990833,0
1,0,9.37037037037037,5.037037037037037,0.8518518518518519,0.8148148148148148,1.3703703703703705,1.5555555555555556,23.037037037037038,1.0,0.387434554973822,0.44502617801047123,0.5145413870246085,0.5538528896672504,0.4418120697935008,1
0,0,12.52,3.52,2.92,1.2,0.44,2.4,25.92,0.6,0.2026431718061674,0.44052863436123346,1.168,0.577490774907749,0.5933897002305918,1
1,3,21.59259259259259,7.222222222222222,2.5925925925925926,0.6666666666666666,0.7037037037037037,3.2222222222222223,34.44444444444444,0.9629629629629629,0.46078431372549017,0.30637254901960786,0.7803790412486065,0.6295896328293736,0.7001179371716522,0
0,0,9.588235294117647,5.323529411764706,3.1470588235294117,1.0294117647058822,0.14705882352941177,1.9411764705882353,32.1764705882353,0.9705882352941176,0.12292358803986711,0.4119601328903654,1.5417867435158503,0.45843176960287996,0.3945689812283579,0
0,2,12.852941176470589,3.676470588235294,5.911764705882353,0.8823529411764706,0.3235294117647059,2.588235294117647,30.61764705882353,0.9705882352941176,0.21282798833819241,0.4606413994169096,2.199124726477024,0.5296712886647921,0.6108770585982383,0
1,3,10.3125,6.125,1.0625,0.53125,1.03125,1.46875,26.09375,0.96875,0.48148148148148145,0.36666666666666664,0.6772908366533864,0.5262150784538844,0.43426389883082794,0
0,1,10.026315789473685,3.0,5.815789473684211,1.631578947368421,0.23684210526315788,2.0,30.973684210526315,0.8421052631578947,0.34971098265895956,0.23410404624277456,2.769423558897243,0.49916151346818993,0.5098238482384824,0
0,3,9.457142857142857,2.5714285714285716,3.0,0.9142857142857143,0.05714285714285714,1.2857142857142858,30.02857142857143,1.0,0.40559440559440557,0.34615384615384615,2.1649484536082473,0.5021847311566938,0.41346609767662396,0
0,1,8.117647058823529,6.911764705882353,0.7647058823529411,1.2941176470588236,2.264705882352941,0.8235294117647058,27.5,1.0,0.16826923076923078,0.3701923076923077,0.8280254777070064,0.5705308417397057,0.3218243819266837,1
0,3,10.428571428571429,2.5714285714285716,3.5714285714285716,1.457142857142857,0.2857142857142857,2.1142857142857143,30.057142857142857,1.0,0.284789644012945,0.2588996763754045,1.6129032258064515,0.5302149912841372,0.46423495973472284,0
0,3,14.290322580645162,3.4838709677419355,6.064516129032258,1.2903225806451613,0.22580645161290322,3.2903225806451615,33.87096774193548,0.9354838709677419,0.22443890274314215,0.26683291770573564,1.7887725975261655,0.49433136939832173,0.5991833634032856,0
1,1,8.40625,6.03125,0.625,0.65625,2.0,1.6875,23.34375,0.78125,0.23333333333333334,0.35714285714285715,0.34965034965034963,0.5534979423868313,0.3852306051719541,0
0,3,7.909090909090909,2.242424242424242,1.7878787878787878,0.8484848484848485,0.15151515151515152,1.0909090909090908,23.545454545454547,0.6666666666666666,0.3902439024390244,0.2780487804878049,1.5012722646310432,0.5671940194714882,0.4100986799948737,0
1,1,16.9375,8.65625,0.71875,0.9375,2.03125,2.375,28.71875,1.0,0.0,0.595679012345679,0.2904040404040404,0.6627213146825784,0.6126653654304923,1
0,2,8.78125,6.5,2.3125,1.4375,0.96875,1.65625,30.46875,0.96875,0.411214953271028,0.29439252336448596,1.3167259786476868,0.5812510342545093,0.3629114700470251,0
0,0,7.027027027027027,2.324324324324324,1.3243243243243243,0.918918918918919,0.13513513513513514,0.7297297297297297,20.405405405405407,0.0,0.5,0.3316831683168317,1.5960912052117264,0.5616035942630033,0.40727560300514026,0
1,3,7.6923076923076925,4.9743589743589745,0.6666666666666666,0.46153846153846156,0.46153846153846156,0.8461538461538461,22.17948717948718,1.0,0.19444444444444445,0.4212962962962963,0.7046070460704607,0.5858459615685049,0.37518701806882265,0
0,0,8.121212121212121,3.0606060606060606,3.9696969696969697,0.9696969696969697,0.36363636363636365,1.9393939393939394,33.60606060606061,0.8787878787878788,0.5597269624573379,0.17747440273037543,1.9465081723625557,0.42421172597188805,0.3587161736941472,0
1,0,7.057142857142857,2.5714285714285716,0.6285714285714286,0.9428571428571428,0.2,1.0,18.257142857142856,0.05714285714285714,0.6153846153846154,0.4010989010989011,0.5714285714285714,0.5767793760508126,0.4186770428015564,0
1,1,10.925925925925926,4.703703703703703,2.0,0.6666666666666666,1.4444444444444444,1.8148148148148149,26.48148148148148,1.0,0.41964285714285715,0.21875,1.0444874274661509,0.6006678612151817,0.4862756026194789,0
0,2,12.53125,3.03125,2.625,0.28125,0.03125,1.46875,32.59375,0.78125,0.4350282485875706,0.2062146892655367,1.6733067729083664,0.5192686211540454,0.4635824890078379,0
1,2,8.86111111111111,5.027777777777778,1.5555555555555556,0.4166666666666667,0.3333333333333333,1.6111111111111112,25.555555555555557,0.7222222222222222,0.4752851711026616,0.2509505703422053,0.9090909090909091,0.5461580605396521,0.4060199220441749,0
1,1,13.25925925925926,6.111111111111111,0.9629629629629629,0.7777777777777778,3.4444444444444446,1.4074074074074074,29.48148148148148,0.9629629629629629,0.029605263157894735,0.29276315789473684,0.6388206388206388,0.5216225667327193,0.48078126956303996,0
0,3,7.352941176470588,2.823529411764706,0.6176470588235294,0.5,0.20588235294117646,0.35294117647058826,20.294117647058822,0.4411764705882353,0.5396039603960396,0.14356435643564355,1.3636363636363635,0.5820450735704973,0.3908278050187482,0
0,1,13.205882352941176,2.411764705882353,5.4411764705882355,1.1764705882352942,0.029411764705882353,2.1176470588235294,30.529411764705884,1.0,0.5584415584415584,0.6558441558441559,2.453580901856764,0.5656621648861117,0.608795851738045,0
2,3,14.685714285714285,5.742857142857143,0.7428571428571429,0.14285714285714285,1.3142857142857143,1.6571428571428573,23.37142857142857,1.0,0.0,0.6333333333333333,0.4227642276422764,0.6699687174139729,0.6573341448569688,0
0,1,13.703703703703704,3.925925925925926,3.2222222222222223,1.4074074074074074,0.48148148148148145,2.6666666666666665,34.55555555555556,1.0,0.3160919540229885,0.2614942528735632,1.1646586345381527,0.47675497371405007,0.4884044031206583,0
0,0,14.206896551724139,2.8275862068965516,2.0344827586206895,0.41379310344827586,0.6551724137931034,1.2758620689655173,31.79310344827586,1.0,0.6404833836858006,0.22658610271903323,1.4786967418546362,0.5659340659340659,0.5092442426208239,1
0,0,10.0,3.0,1.9393939393939394,1.0909090909090908,0.21212121212121213,1.6363636363636365,31.0,0.9696969696969697,0.4117647058823529,0.22491349480968859,1.1169284467713787,0.5195214105793451,0.383903342102699,0
1,1,11.441176470588236,8.058823529411764,0.8823529411764706,1.088235294117647,4.5588235294117645,1.088235294117647,25.61764705882353,1.0,0.1865671641791045,0.332089552238806,0.7425742574257426,0.6332204714155488,0.4791857273559012,1
0,3,8.714285714285714,3.4571428571428573,2.2285714285714286,0.9428571428571428,0.34285714285714286,1.6571428571428573,29.457142857142856,0.2571428571428571,0.34801762114537443,0.4801762114537445,1.268292682926829,0.5546261274367181,0.3702271628806187,0
0,2,10.628571428571428,2.5714285714285716,3.342857142857143,1.2857142857142858,0.0,1.6571428571428573,30.17142857142857,1.0,0.6875,0.20588235294117646,1.9024390243902438,0.6270226537216829,0.4615384615384615,0
0,0,12.575757575757576,3.4545454545454546,0.9393939393939394,0.6666666666666666,0.15151515151515152,0.7575757575757576,30.78787878787879,0.7272727272727273,0.4813664596273292,0.3695652173913043,1.0954063604240283,0.5542793033443744,0.43755518493083484,0
0,2,14.433333333333334,3.466666666666667,2.6333333333333333,1.1333333333333333,0.16666666666666666,1.9333333333333333,34.4,0.9666666666666667,0.53125,0.28125,1.2950819672131149,0.5017148683722655,0.49468599033816424,0
1,0,7.878787878787879,2.272727272727273,0.9696969696969697,0.8484848484848485,0.36363636363636365,1.3333333333333333,25.272727272727273,0.9696969696969697,0.2987012987012987,0.37662337662337664,0.6765327695560254,0.48276886512180633,0.3487399976113698,0
1,2,10.4375,2.21875,0.96875,0.4375,0.25,0.96875,26.65625,0.40625,0.6870748299319728,0.20408163265306123,0.9064327485380116,0.521223470661673,0.4263022658257416,0
0,1,11.636363636363637,2.3636363636363638,1.2121212121212122,0.8181818181818182,0.15151515151515152,1.878787878787879,28.696969696969695,0.7272727272727273,0.44642857142857145,0.23214285714285715,0.6125574272588055,0.5184705119896306,0.4461748921393245,0
0,1,11.23076923076923,3.128205128205128,5.846153846153846,1.5128205128205128,0.5128205128205128,2.7435897435897436,32.8974358974359,0.7948717948717948,0.29923273657289,0.2864450127877238,2.0559062218214605,0.49741073862087765,0.5175227290387753,0
0,2,13.78125,2.34375,3.96875,1.375,0.40625,1.6875,32.21875,1.0,0.5119363395225465,0.20424403183023873,2.22027972027972,0.5366530373831776,0.5492167859214852,0
0,2,13.4375,1.90625,3.40625,1.1875,0.0625,1.15625,36.09375,1.0,0.5301507537688442,0.2889447236180904,2.7114427860696515,0.4792688363798484,0.4653773096183733,0
0,2,12.588235294117647,3.8823529411764706,3.8529411764705883,1.0,0.20588235294117646,2.1470588235294117,30.5,0.9117647058823529,0.49560117302052786,0.2961876832844575,1.7146596858638743,0.5552096305520963,0.5372933487120338,0
0,0,9.205882352941176,2.7058823529411766,2.264705882352941,0.9705882352941176,0.058823529411764705,1.411764705882353,28.794117647058822,0.9411764705882353,0.6118881118881119,0.20279720279720279,1.498054474708171,0.5023754494093478,0.39698697068403904,0
1,3,9.75,6.25,1.125,0.59375,2.09375,1.59375,29.21875,0.875,0.4627450980392157,0.23921568627450981,0.6642066420664207,0.5535055350553506,0.3709230441270518,0
0,0,10.941176470588236,2.235294117647059,5.147058823529412,0.8529411764705882,0.058823529411764705,2.235294117647059,29.558823529411764,0.8235294117647058,0.7039473684210527,0.18092105263157895,2.204030226700252,0.56672760511883,0.5424434748115827,0
1,1,8.5,3.6666666666666665,0.3611111111111111,0.6666666666666666,0.2777777777777778,0.6944444444444444,24.0,0.8333333333333334,0.8280542986425339,0.19004524886877827,0.4545454545454546,0.6388842492066144,0.367680958967266,0
0,3,11.666666666666666,2.6666666666666665,3.6666666666666665,0.7777777777777778,0.1111111111111111,2.3703703703703702,27.555555555555557,1.0,0.4411764705882353,0.15073529411764705,1.4842578710644678,0.5430285477865122,0.5544395339493772,0
0,3,16.35135135135135,4.297297297297297,4.27027027027027,1.0,0.16216216216216217,1.8918918918918919,35.189189189189186,1.0,0.4562647754137116,0.42080378250591016,2.1438263229308006,0.6034070055054656,0.5843608792218733,0
0,3,6.578947368421052,4.078947368421052,1.5263157894736843,1.0,0.3157894736842105,1.4736842105263157,28.026315789473685,0.9210526315789473,0.582089552238806,0.3034825870646766,0.9698996655518395,0.5486306179775281,0.28817365269461076,0
1,2,8.971428571428572,5.685714285714286,1.2,1.2,0.6857142857142857,0.7142857142857143,23.6,0.5428571428571428,0.5408163265306123,0.4336734693877551,1.4736842105263157,0.6726649528706083,0.42917420132609996,0
1,1,12.441176470588236,7.5,1.7941176470588236,0.9705882352941176,0.7941176470588235,2.0294117647058822,32.970588235294116,1.0,0.2967914438502674,0.40106951871657753,0.8425414364640884,0.48068181818181815,0.43045179651369625,0
1,3,13.709677419354838,6.193548387096774,1.0,0.8387096774193549,0.25806451612903225,2.4516129032258065,28.903225806451612,1.0,0.1892744479495268,0.2744479495268139,0.3919089759797724,0.5981197928394506,0.5071738405071738,0
1,2,16.457142857142856,7.371428571428571,0.9428571428571428,0.6,0.6571428571428571,1.5714285714285714,24.085714285714285,1.0,0.049868766404199474,0.35170603674540685,0.5641025641025641,0.6546049640876443,0.7194329592439456,0
0,1,9.6875,3.59375,1.125,0.46875,0.28125,0.84375,27.40625,0.875,0.75,0.15254237288135594,1.1920529801324504,0.6154701397712834,0.3930924789820495,0
0,3,8.5,1.9705882352941178,6.5,1.4705882352941178,0.35294117647058826,2.3529411764705883,35.6764705882353,1.0,0.28627450980392155,0.2196078431372549,2.6498800959232613,0.5167358031755114,0.4192699769812561,0
0,1,8.666666666666666,3.7666666666666666,3.3333333333333335,0.5666666666666667,0.4666666666666667,2.1,18.0,0.0,0.17277486910994763,0.5130890052356021,1.5151515151515151,0.5552708012984794,0.6629834254143646,0
1,0,13.857142857142858,6.485714285714286,0.4,0.34285714285714286,1.542857142857143,1.6571428571428573,19.82857142857143,0.6,0.0,0.6535947712418301,0.22764227642276422,0.6154822335025381,0.7154121863799283,0
0,2,8.352941176470589,4.382352941176471,1.911764705882353,0.5294117647058824,0.11764705882352941,1.0294117647058822,27.38235294117647,1.0,0.3510204081632653,0.27346938775510204,1.6927083333333335,0.5173418828329933,0.3735017123287671,0
1,3,8.6875,4.90625,0.8125,0.40625,0.1875,1.5,20.1875,0.6875,0.0,0.43386243386243384,0.5078125,0.6175582015283455,0.46826863832409116,0
1,2,9.774193548387096,7.032258064516129,0.3870967741935484,0.3548387096774194,0.45161290322580644,2.129032258064516,22.06451612903226,0.5806451612903226,0.0,0.3487394957983193,0.1736613603473227,0.5518723590266648,0.4584485518847328,0
0,1,9.314285714285715,3.5142857142857142,3.8285714285714287,1.5714285714285714,0.11428571428571428,2.3142857142857145,31.942857142857143,1.0,0.26907630522088355,0.6184738955823293,1.5857988165680472,0.5145851748958202,0.41016495764600985,0
1,0,14.647058823529411,5.352941176470588,2.0,0.7941176470588235,0.6470588235294118,3.088235294117647,27.61764705882353,1.0,0.2698412698412698,0.5740740740740741,0.6273062730627306,0.5258933851482639,0.6005942275042445,1
0,1,11.03225806451613,1.4193548387096775,0.9032258064516129,1.4838709677419355,0.06451612903225806,1.096774193548387,32.58064516129032,0.9032258064516129,0.6057692307692307,0.14743589743589744,0.7547169811320754,0.5146881772212858,0.3652156746619287,0
1,3,18.5,6.708333333333333,2.375,0.9166666666666666,1.0416666666666667,2.5416666666666665,32.25,1.0,0.1601423487544484,0.49466192170818507,0.8990536277602524,0.6488192658405424,0.6452859350850076,0
0,1,13.558823529411764,4.676470588235294,0.6764705882352942,0.38235294117647056,0.23529411764705882,1.8529411764705883,25.352941176470587,0.7941176470588235,0.436950146627566,0.3489736070381232,0.3463855421686747,0.5859772218832622,0.5592789461520684,0
0,2,13.32,2.56,3.56,0.96,0.28,1.76,32.48,1.0,0.45901639344262296,0.16721311475409836,1.9139784946236558,0.5084901050574151,0.518109269490485,0
1,3,10.914285714285715,8.371428571428572,1.5142857142857142,0.6857142857142857,1.8571428571428572,1.4,29.685714285714287,1.0,0.0,0.6008403361344538,1.0095238095238095,0.6347201914130001,0.41726618705035967,0
1,2,12.53125,5.375,1.0,0.6875,0.78125,1.40625,27.46875,0.875,0.21403508771929824,0.4245614035087719,0.6639004149377593,0.5927743614001892,0.49081840852414416,0
1,3,13.15625,9.28125,3.875,1.75,0.46875,2.03125,36.03125,1.0,0.3507692307692308,0.2953846153846154,1.8181818181818181,0.5731946411066332,0.4713717349939457,0
0,3,8.297297297297296,2.891891891891892,1.7567567567567568,1.5405405405405406,0.2972972972972973,1.1081081081081081,29.405405405405407,1.0,0.5747663551401869,0.24766355140186916,1.45413870246085,0.6468060003370976,0.34075295410827144,0
0,2,13.114285714285714,2.7714285714285714,2.4,0.4,0.17142857142857143,1.4857142857142858,34.91428571428571,1.0,0.5532467532467532,0.2519480519480519,1.5135135135135134,0.5366161616161617,0.4430844553243574,0
0,3,9.764705882352942,4.029411764705882,2.9705882352941178,1.5588235294117647,0.6176470588235294,1.911764705882353,30.0,0.9705882352941176,0.3177966101694915,0.4915254237288136,1.476608187134503,0.5783166109253065,0.4230994723470784,1
0,0,9.181818181818182,3.5454545454545454,1.0909090909090908,0.5757575757575758,0.3939393939393939,0.9393939393939394,19.90909090909091,0.0,0.25821596244131456,0.460093896713615,1.0495626822157431,0.5915196001874121,0.5134029986369831,0
1,1,9.28125,5.59375,1.1875,0.46875,0.1875,1.0625,26.8125,0.78125,0.3709677419354839,0.5483870967741935,1.021505376344086,0.6431912681912682,0.3889921040408732,0
0,2,16.61904761904762,4.095238095238095,1.2380952380952381,1.5238095238095237,0.14285714285714285,1.5238095238095237,31.333333333333332,1.0,0.5656565656565656,0.26936026936026936,0.7624633431085044,0.5252859723058398,0.5680957430692319,0
1,2,8.925,4.625,0.675,0.5,0.575,1.175,18.075,0.075,0.0,0.5720930232558139,0.5294117647058824,0.6632728894173603,0.5281980742778543,0
0,2,13.210526315789474,5.947368421052632,2.6842105263157894,0.7368421052631579,1.2105263157894737,1.4736842105263157,32.421052631578945,1.0,0.2980769230769231,0.2548076923076923,1.705685618729097,0.5425384748400485,0.4887522252791714,0
0,2,16.0625,3.5,1.4375,1.25,0.03125,1.4375,27.71875,1.0,0.5012594458438288,0.27204030226700254,0.9349593495934959,0.5781517142085846,0.6290721186250281,0
0,2,10.371428571428572,2.5142857142857142,2.257142857142857,1.0285714285714285,0.2,1.1142857142857143,31.8,1.0,0.6019736842105263,0.17434210526315788,1.8588235294117645,0.5545032384211169,0.39587998208687863,0
0,2,9.432432432432432,3.054054054054054,1.6486486486486487,1.4324324324324325,0.1891891891891892,1.8918918918918919,23.83783783783784,0.8918918918918919,0.3333333333333333,0.33687943262411346,0.8276797829036635,0.5389129092032119,0.46291069210793717,0
2,1,13.058823529411764,7.676470588235294,0.9117647058823529,0.4411764705882353,2.6176470588235294,1.3823529411764706,29.441176470588236,1.0,0.04477611940298507,0.48134328358208955,0.615079365079365,0.6835817218869319,0.4729191557148546,0
0,2,17.583333333333332,3.5555555555555554,2.5833333333333335,1.0555555555555556,0.6111111111111112,2.2222222222222223,30.944444444444443,1.0,0.5448717948717948,0.3311965811965812,1.1124401913875597,0.5902648265572547,0.6496062992125984,0
1,3,17.483870967741936,4.806451612903226,2.032258064516129,1.032258064516129,0.4838709677419355,2.0,30.29032258064516,0.9354838709677419,0.36585365853658536,0.25853658536585367,0.9677419354838709,0.5934653118430273,0.6421823585606623,0
0,3,13.551724137931034,7.517241379310345,1.9310344827586208,0.7931034482758621,0.4827586206896552,1.8275862068965518,32.06896551724138,1.0,0.3115264797507788,0.2803738317757009,1.0017889087656529,0.5449251247920133,0.4812948869117804,1
1,3,11.115384615384615,5.769230769230769,1.7307692307692308,1.3461538461538463,0.6538461538461539,2.0384615384615383,25.0,0.9615384615384616,0.1485148514851485,0.3712871287128713,0.8093525179856116,0.6148936170212767,0.5117989580140975,0
1,3,8.636363636363637,4.606060606060606,1.121212121212121,0.42424242424242425,1.393939393939394,1.303030303030303,18.848484848484848,0.15151515151515152,0.005988023952095809,0.5568862275449101,0.7991360691144708,0.6853597537514428,0.5149528226451303,0
0,3,12.65625,2.65625,2.03125,1.1875,0.1875,1.46875,32.1875,0.96875,0.6474358974358975,0.20833333333333334,1.294820717131474,0.594539048737522,0.4548974061169183,0
0,3,17.942857142857143,3.914285714285714,2.5428571428571427,1.0,0.2857142857142857,1.9142857142857144,31.257142857142856,1.0,0.42138364779874216,0.27044025157232704,1.2624113475177305,0.588279376498801,0.6533029612756265,0
0,0,8.25,2.84375,1.25,0.625,0.15625,0.78125,28.9375,0.875,0.7899159663865546,0.12184873949579832,1.4184397163120568,0.5263997447758814,0.32716315109771843,0
0,0,11.96774193548387,4.709677419354839,1.3870967741935485,1.3548387096774193,0.5161290322580645,1.4516129032258065,26.967741935483872,0.5483870967741935,0.367003367003367,0.25925925925925924,0.8939708939708939,0.5606262088974855,0.49338577046835885,0
0,0,11.424242424242424,3.9393939393939394,3.5454545454545454,1.2424242424242424,0.42424242424242425,2.4545454545454546,27.87878787878788,0.696969696969697,0.4486301369863014,0.3801369863013699,1.387900355871886,0.5530454172045534,0.5350373659698906,0
1,2,11.314285714285715,5.057142857142857,0.5714285714285714,0.6571428571428571,0.2857142857142857,0.7714285714285715,22.2,0.6571428571428571,0.5498392282958199,0.2604501607717042,0.6557377049180327,0.5711977844449573,0.5329916720051249,0
0,2,11.777777777777779,2.638888888888889,2.5833333333333335,0.6111111111111112,0.1111111111111111,2.5833333333333335,30.5,1.0,0.40145985401459855,0.18248175182481752,0.9627329192546583,0.4774774774774775,0.46931735657225854,0
0,1,8.6875,3.84375,2.21875,0.71875,0.125,1.59375,25.4375,0.78125,0.19704433497536947,0.5073891625615764,1.3099630996309963,0.5597615979381444,0.42706803720019576,0
1,1,9.678571428571429,5.607142857142857,1.4285714285714286,0.42857142857142855,0.21428571428571427,1.8571428571428572,21.464285714285715,0.5714285714285714,0.5050505050505051,0.3434343434343434,0.7299270072992701,0.5945068445068444,0.515071215634316,0
0,0,9.89655172413793,1.8620689655172413,3.310344827586207,0.8275862068965517,0.1724137931034483,1.4827586206896552,25.79310344827586,0.9655172413793104,0.37065637065637064,0.2471042471042471,2.091503267973856,0.4997214096670845,0.5100546011452922,0
1,1,7.628571428571429,2.942857142857143,1.6285714285714286,0.8,0.05714285714285714,1.3428571428571427,26.97142857142857,0.8571428571428571,0.1574074074074074,0.37962962962962965,1.1287128712871288,0.5295937797524596,0.3419525065963061,0
1,0,9.272727272727273,8.242424242424242,1.2424242424242424,0.5757575757575758,1.393939393939394,1.7272727272727273,25.87878787878788,0.7878787878787878,0.009009009009009009,0.4774774774774775,0.6799336650082919,0.5695354377605718,0.4047591274932929,0
0,1,11.31578947368421,3.3421052631578947,3.6842105263157894,1.4473684210526316,0.13157894736842105,1.6842105263157894,32.578947368421055,0.9473684210526315,0.5431309904153354,0.28753993610223644,2.0648967551622417,0.6097560975609756,0.45901111290062807,0
0,2,10.027777777777779,5.944444444444445,1.1111111111111112,1.75,0.5555555555555556,0.8611111111111112,30.77777777777778,0.8333333333333334,0.2480916030534351,0.2595419847328244,1.1560693641618498,0.6183200876952589,0.3607412738395106,0
1,2,9.419354838709678,5.354838709677419,0.7419354838709677,0.6129032258064516,1.0,1.6129032258064515,21.419354838709676,0.3548387096774194,0.13852813852813853,0.2943722943722944,0.4331450094161959,0.5595584853594971,0.472193074501574,0
0,3,12.586206896551724,4.724137931034483,5.827586206896552,1.7586206896551724,0.27586206896551724,2.8275862068965516,35.0,1.0,0.2983050847457627,0.39322033898305087,1.9905771495877502,0.5273956768003699,0.5246094901267315,0
0,1,8.657142857142857,3.7142857142857144,2.0,0.8857142857142857,0.4,1.2285714285714286,27.085714285714285,0.8857142857142857,0.5654008438818565,0.23628691983122363,1.5053763440860213,0.5790399021556337,0.3920126116657908,0
1,0,9.566666666666666,3.7333333333333334,1.7666666666666666,0.4,0.5666666666666667,2.433333333333333,27.533333333333335,0.9333333333333333,0.5992366412213741,0.2099236641221374,0.6973684210526316,0.5013976240391335,0.41013268998793717,0
0,0,9.033333333333333,3.8,1.8,0.8666666666666667,0.3333333333333333,2.1,18.7,0.23333333333333334,0.2830188679245283,0.5283018867924528,0.8181818181818181,0.5186007348438457,0.5762411347517731,0
1,3,12.058823529411764,6.382352941176471,2.088235294117647,1.2352941176470589,0.4117647058823529,1.8823529411764706,29.0,1.0,0.049342105263157895,0.4769736842105263,1.053412462908012,0.5573681348559,0.4861532241762684,0
0,1,15.6,4.7,5.9,1.1,0.16666666666666666,2.8333333333333335,36.8,1.0,0.2042755344418052,0.23040380047505937,2.0113636363636362,0.5046583850931677,0.5826558265582656,0
0,1,15.705882352941176,3.9705882352941178,2.7058823529411766,1.2058823529411764,0.29411764705882354,2.0294117647058822,32.588235294117645,1.0,0.6143187066974596,0.2471131639722864,1.270718232044199,0.5561573071154807,0.5632535540759402,0
1,2,8.424242424242424,5.909090909090909,0.5151515151515151,0.6060606060606061,2.8484848484848486,1.2727272727272727,30.333333333333332,0.7878787878787878,0.16517857142857142,0.25892857142857145,0.37527593818984545,0.5570695735812761,0.2937369311958578,0
2,1,11.470588235294118,6.470588235294118,0.35294117647058826,0.4411764705882353,1.3823529411764706,1.7647058823529411,25.205882352941178,0.8823529411764706,0.0,0.6865079365079365,0.18927444794952683,0.5942947702060222,0.46722454672245467,0
1,2,17.87878787878788,8.030303030303031,3.696969696969697,1.4848484848484849,1.0606060606060606,2.8181818181818183,30.818181818181817,1.0,0.024017467248908297,0.4170305676855895,1.2668743509865004,0.5442402774702975,0.6978339704008625,0
2,3,9.586206896551724,7.103448275862069,0.4482758620689655,0.5862068965517241,0.7241379310344828,1.2413793103448276,23.448275862068964,0.8620689655172413,0.005263157894736842,0.6210526315789474,0.33419023136246784,0.5745701058201058,0.42612388343827795,0
0,3,12.208333333333334,2.4583333333333335,2.5416666666666665,0.875,0.375,2.5833333333333335,29.041666666666668,0.9583333333333334,0.47706422018348627,0.3394495412844037,0.9472049689440992,0.5846902937420179,0.5061481269659708,0
0,2,10.066666666666666,4.4,2.6333333333333333,1.1,0.43333333333333335,2.2333333333333334,27.2,0.9666666666666667,0.30939226519337015,0.34806629834254144,1.1285714285714286,0.7234572633192794,0.46520146520146516,0
1,3,7.909090909090909,4.303030303030303,0.12121212121212122,0.8787878787878788,0.7878787878787878,0.696969696969697,17.242424242424242,0.36363636363636365,0.0,0.6778523489932886,0.1520912547528517,0.6746277915632755,0.46304385811637255,0
0,1,12.464285714285714,6.535714285714286,3.0,1.25,1.0357142857142858,1.2857142857142858,31.678571428571427,1.0,0.3923076923076923,0.3038461538461538,2.1649484536082473,0.5920070565884109,0.4866262081366599,1
1,3,12.96,7.08,0.96,0.52,2.64,1.32,27.04,1.0,0.3456221198156682,0.22580645161290322,0.6760563380281689,0.6790744466800804,0.5128960943257186,0
2,1,9.941176470588236,9.323529411764707,0.9705882352941176,0.5588235294117647,0.8235294117647058,1.8529411764705883,30.205882352941178,1.0,0.00816326530612245,0.45714285714285713,0.4969879518072289,0.574282995786326,0.3600543478260869,0
1,2,18.47222222222222,5.666666666666667,2.0833333333333335,0.8888888888888888,0.1111111111111111,2.1666666666666665,35.083333333333336,1.0,0.506198347107438,0.41115702479338845,0.9191176470588236,0.5817411995241095,0.5842412758566239,0
0,2,9.818181818181818,5.0,2.6666666666666665,0.6363636363636364,0.30303030303030304,1.6666666666666667,28.666666666666668,0.9090909090909091,0.3382899628252788,0.32342007434944237,1.5094339622641508,0.5272064566519136,0.4340040029495417,0
0,3,16.771428571428572,2.8857142857142857,3.942857142857143,1.0285714285714285,0.05714285714285714,1.8,30.914285714285715,0.8571428571428571,0.519280205655527,0.4524421593830334,2.075187969924812,0.6292341994683132,0.6678949792722247,0
1,1,10.914285714285715,2.8857142857142857,0.6857142857142857,0.2857142857142857,0.2571428571428571,0.6571428571428571,28.057142857142857,1.0,0.6138613861386139,0.17491749174917492,0.9056603773584906,0.5853150281931846,0.4119736174530695,0
0,3,19.193548387096776,7.516129032258065,7.774193548387097,1.032258064516129,0.22580645161290322,2.7419354838709675,32.96774193548387,0.967741935483871,0.527027027027027,0.21396396396396397,2.735527809307605,0.6123919308357348,0.815530192176373,1
0,0,7.054054054054054,2.5135135135135136,1.972972972972973,0.7567567567567568,0.08108108108108109,1.864864864864865,23.756756756756758,0.5945945945945946,0.4375,0.3385416666666667,1.0041265474552956,0.5915684496826836,0.3783845020958423,0
0,3,10.25,6.9375,2.34375,1.5625,0.1875,1.875,28.8125,1.0,0.2222222222222222,0.5866666666666667,1.1867088607594936,0.5793415288964251,0.4355814958927799,0
1,2,12.485714285714286,5.8,1.4,0.8,0.7428571428571429,1.9142857142857144,30.085714285714285,0.9714285714285714,0.39144736842105265,0.46381578947368424,0.6950354609929078,0.5969292973445525,0.46000946521533365,0
1,1,8.848484848484848,2.212121212121212,1.3333333333333333,0.48484848484848486,0.24242424242424243,0.7272727272727273,24.303030303030305,0.21212121212121213,0.6757990867579908,0.228310502283105,1.6117216117216115,0.6058091286307054,0.4172358127405935,0
1,1,15.72,8.48,2.2,0.96,0.64,1.6,34.48,1.0,0.26282051282051283,0.2692307692307692,1.2941176470588236,0.563101788170564,0.5182186234817815,1
2,1,7.885714285714286,3.857142857142857,0.6,0.2571428571428571,0.34285714285714286,1.0,14.542857142857143,0.02857142857142857,0.005952380952380952,0.5297619047619048,0.5454545454545454,0.6661517667503379,0.5795121951219513,0
0,1,9.121212121212121,3.090909090909091,1.393939393939394,0.7575757575757576,0.18181818181818182,1.393939393939394,22.939393939393938,0.6666666666666666,0.42735042735042733,0.39316239316239315,0.9330628803245435,0.5483095307490528,0.45639878995133504,0
1,3,15.366666666666667,7.8,0.9,0.9333333333333333,1.0666666666666667,1.8333333333333333,28.066666666666666,0.9,0.003355704697986577,0.4228187919463087,0.46551724137931033,0.6521616115889542,0.5775147928994082,0
0,3,13.13888888888889,3.9166666666666665,3.3055555555555554,1.1666666666666667,0.1111111111111111,1.6111111111111112,34.55555555555556,1.0,0.43315508021390375,0.26737967914438504,1.9318181818181817,0.5657894736842105,0.4745110612375761,0
1,3,11.305555555555555,5.472222222222222,0.3888888888888889,0.25,1.3888888888888888,1.25,23.27777777777778,0.9444444444444444,0.1712538226299694,0.23547400611620795,0.28806584362139914,0.5638993571270229,0.5002376425855513,0
1,3,12.525,9.45,1.025,0.95,1.175,1.2,24.325,1.0,0.0,0.38544474393531,0.7884615384615383,0.5772953539823009,0.5547594677584442,0
1,3,8.545454545454545,1.878787878787879,1.121212121212121,0.5151515151515151,0.09090909090909091,0.6363636363636364,22.848484848484848,1.0,0.7114427860696517,0.18407960199004975,1.522633744855967,0.6489322533136966,0.4212333289317311,0
0,1,12.257142857142858,4.914285714285715,3.342857142857143,1.2285714285714286,0.5142857142857142,2.7142857142857144,32.8,1.0,0.40718562874251496,0.2844311377245509,1.1878172588832487,0.570782331027142,0.4741641337386019,0
0,2,16.09375,3.8125,5.21875,0.71875,0.0,1.96875,36.21875,1.0,0.4877450980392157,0.37745098039215685,2.522658610271903,0.5412392803093997,0.5868181035966271,0
0,1,11.636363636363637,2.5757575757575757,2.5454545454545454,1.303030303030303,0.18181818181818182,2.0303030303030303,28.454545454545453,0.45454545454545453,0.50814332247557,0.33876221498371334,1.1948790896159316,0.544279396757002,0.49665711556829034,0
1,1,15.17142857142857,7.542857142857143,1.8,0.8285714285714286,1.2285714285714286,1.9714285714285715,29.257142857142856,0.9428571428571428,0.21428571428571427,0.489010989010989,0.8689655172413793,0.600244167118828,0.5781021897810219,1
0,3,15.6875,2.90625,1.21875,0.625,0.21875,1.09375,28.65625,0.9375,0.5024875621890548,0.20398009950248755,1.0209424083769634,0.572954711468225,0.5879156705064116,0
0,2,10.371428571428572,2.4,3.3142857142857145,1.7428571428571429,0.17142857142857143,2.1142857142857143,26.65714285714286,1.0,0.36231884057971014,0.2144927536231884,1.4967741935483871,0.48071829642970654,0.5114789108382274,0
0,0,19.285714285714285,5.6571428571428575,5.0,1.5714285714285714,0.3142857142857143,2.914285714285714,33.94285714285714,0.9714285714285714,0.44854368932038835,0.3029126213592233,1.6587677725118484,0.5782674251250771,0.7133864876206462,1
0,0,9.314285714285715,4.142857142857143,4.428571428571429,1.4285714285714286,0.11428571428571428,1.9142857142857144,28.82857142857143,0.6857142857142857,0.43171806167400884,0.4669603524229075,2.1985815602836882,0.5956731472007016,0.4750617283950617,0
1,3,9.875,3.65625,1.15625,0.1875,0.125,0.96875,23.59375,0.90625,0.5328185328185329,0.20463320463320464,1.0818713450292397,0.5596486256729952,0.465576365075178,0
0,2,12.7,2.9,5.766666666666667,2.2333333333333334,0.13333333333333333,2.6666666666666665,34.86666666666667,1.0,0.37373737373737376,0.3939393939393939,2.0843373493975905,0.546659779614325,0.5281220209723545,0
2,2,14.17142857142857,8.628571428571428,1.6,0.7142857142857143,1.2857142857142858,1.8571428571428572,27.6,1.0,0.0,0.7157534246575342,0.8175182481751825,0.6459006146473592,0.5693656523981433,0
1,3,17.4,8.04,2.28,1.48,1.64,1.64,35.28,1.0,0.08814589665653495,0.3373860182370821,1.3103448275862069,0.5756404827440186,0.5562464669304692,0
0,0,13.212121212121213,4.787878787878788,4.212121212121212,0.6666666666666666,0.2727272727272727,2.606060606060606,32.84848484848485,1.0,0.27540106951871657,0.4197860962566845,1.5565509518477043,0.492010472149499,0.528832888807137,0
0,0,11.17142857142857,4.685714285714286,4.2,1.0,0.2857142857142857,2.9714285714285715,29.714285714285715,0.8857142857142857,0.36716417910447763,0.3940298507462687,1.3674418604651162,0.49735422814694213,0.5155725922376616,0
1,2,10.82857142857143,7.0285714285714285,1.7428571428571429,0.8285714285714286,0.4,1.8285714285714285,31.65714285714286,1.0,0.3924914675767918,0.4129692832764505,0.9037037037037037,0.5473082255083179,0.39586144849302746,0
0,1,14.0,3.8461538461538463,7.423076923076923,1.6923076923076923,0.038461538461538464,4.423076923076923,34.84615384615385,1.0,0.23668639053254437,0.3047337278106509,1.6411564625850341,0.4747991234477721,0.6130310367598503,0
1,2,14.970588235294118,5.176470588235294,2.764705882352941,0.6176470588235294,0.3235294117647059,2.264705882352941,33.11764705882353,0.9705882352941176,0.3602015113350126,0.32997481108312343,1.1691542288557213,0.5597835650184761,0.5339118115813706,0
0,0,8.636363636363637,2.787878787878788,1.5151515151515151,1.2121212121212122,0.09090909090909091,1.5151515151515151,25.818181818181817,0.3333333333333333,0.46689895470383275,0.21951219512195122,0.9380863039399624,0.4527834265378749,0.39167543551970074,0
0,3,15.36,3.6,3.6,0.72,0.04,2.52,34.72,0.68,0.5766871165644172,0.22392638036809817,1.3740458015267176,0.5361331397296996,0.5445146467547387,0
0,3,8.135135135135135,3.6216216216216215,5.0,2.081081081081081,0.3783783783783784,2.3513513513513513,28.83783783783784,1.0,0.3438914027149321,0.29411764705882354,2.0396912899669237,0.6029647435897436,0.4539086578873634,0
0,2,11.64516129032258,4.870967741935484,5.419354838709677,1.2258064516129032,0.41935483870967744,2.6774193548387095,30.967741935483872,1.0,0.1678832116788321,0.4562043795620438,1.951219512195122,0.5486322188449848,0.5492679887862111,0
0,2,9.085714285714285,1.9428571428571428,1.3428571428571427,0.7142857142857143,0.08571428571428572,0.8857142857142857,21.885714285714286,0.9428571428571428,0.5446428571428571,0.35714285714285715,1.3623188405797102,0.6134259259259259,0.4743339831059129,0
0,3,14.606060606060606,2.4545454545454546,1.0606060606060606,0.30303030303030304,0.0,1.303030303030303,30.151515151515152,0.8787878787878788,0.6611570247933884,0.2396694214876033,0.7559395248380129,0.6005781499202553,0.5178803966743464,0
0,0,7.4,3.742857142857143,2.4571428571428573,0.7142857142857143,0.2857142857142857,1.8285714285714285,26.571428571428573,0.37142857142857144,0.3033175355450237,0.36492890995260663,1.2740740740740741,0.5288304475661548,0.36957686127477235,0
1,3,11.419354838709678,4.774193548387097,1.2903225806451613,1.0,0.3870967741935484,2.032258064516129,30.096774193548388,1.0,0.3654485049833887,0.33222591362126247,0.605143721633888,0.5130434782608696,0.42089520350389914,0
0,3,12.764705882352942,2.676470588235294,2.823529411764706,0.7647058823529411,0.17647058823529413,2.235294117647059,23.470588235294116,0.38235294117647056,0.3322475570032573,0.4560260586319218,1.2090680100755669,0.5887140531741725,0.6613426503618668,0
0,1,8.371428571428572,2.257142857142857,0.6,0.6,0.14285714285714285,1.4,20.0,0.6857142857142857,0.32793522267206476,0.4048582995951417,0.39999999999999997,0.5034364261168385,0.4463397299218195,0
1,0,11.451612903225806,4.645161290322581,0.41935483870967744,0.3870967741935484,0.12903225806451613,1.6129032258064515,24.741935483870968,1.0,0.15891472868217055,0.4728682170542636,0.2448210922787194,0.5694943531827515,0.47786001817945717,0
2,2,8.125,6.34375,0.6875,0.6875,1.03125,1.53125,20.03125,0.84375,0.0,0.4171779141104294,0.421455938697318,0.6738544474393531,0.43775225085377206,0
1,0,11.314285714285715,6.2,3.1714285714285713,1.5714285714285714,0.2,2.4571428571428573,31.228571428571428,1.0,0.3416149068322981,0.32608695652173914,1.2402234636871508,0.5377512221618685,0.4623803009575923,1
0,2,9.096774193548388,3.5806451612903225,0.8064516129032258,0.7419354838709677,0.4838709677419355,1.5161290322580645,24.419354838709676,0.5483870967741935,0.6143497757847534,0.3811659192825112,0.499001996007984,0.5414746543778802,0.40389422444415213,0
0,1,13.0,4.114285714285714,4.542857142857143,1.2571428571428571,0.3142857142857143,1.8,35.4,1.0,0.5574712643678161,0.2614942528735632,2.3909774436090223,0.5862797649726832,0.49416498993963787,0
0,3,16.285714285714285,3.2,1.6,1.0285714285714285,0.2571428571428571,1.2571428571428571,32.885714285714286,0.9714285714285714,0.39316239316239315,0.5441595441595442,1.1789473684210527,0.6551121735932328,0.5422260718925942,0
0,3,17.294117647058822,3.411764705882353,4.529411764705882,1.1176470588235294,0.14705882352941177,2.411764705882353,34.85294117647059,1.0,0.41020408163265304,0.29591836734693877,1.8032786885245902,0.5308775731310943,0.6243688993604846,0
0,3,11.129032258064516,3.096774193548387,1.903225806451613,0.8709677419354839,0.16129032258064516,1.6774193548387097,32.0,0.967741935483871,0.24675324675324675,0.262987012987013,1.0707803992740472,0.5019788150389943,0.40598934780424073,0
1,1,6.384615384615385,4.0,0.9487179487179487,0.2564102564102564,0.358974358974359,0.7692307692307693,17.0,1.0,0.1276595744680851,0.46808510638297873,1.0914454277286134,0.5491354975299929,0.42884990253411304,0
0,2,9.392857142857142,3.4285714285714284,3.0357142857142856,1.3571428571428572,0.4642857142857143,2.25,25.142857142857142,0.32142857142857145,0.5342465753424658,0.2420091324200913,1.2917933130699086,0.5426708484648399,0.49235993208828516,0
1,2,9.588235294117647,6.470588235294118,0.7058823529411765,0.6764705882352942,0.6470588235294118,1.5588235294117647,19.58823529411765,0.9411764705882353,0.024691358024691357,0.4403292181069959,0.425531914893617,0.5619139547710976,0.5228562892142216,0
0,2,9.59375,3.40625,3.4375,1.5,0.6875,2.15625,31.46875,0.84375,0.539622641509434,0.18867924528301888,1.523545706371191,0.5348432055749129,0.4127895466244308,0
1,1,9.647058823529411,7.529411764705882,1.4411764705882353,1.0,0.8823529411764706,1.411764705882353,28.970588235294116,0.9705882352941176,0.03389830508474576,0.3686440677966102,0.9533073929961088,0.5979291235234068,0.38142452448401454,0
0,0,7.3428571428571425,1.457142857142857,2.6857142857142855,0.45714285714285713,0.02857142857142857,0.8857142857142857,20.057142857142857,0.7428571428571429,0.6666666666666666,0.2054263565891473,2.7246376811594204,0.4567752026162378,0.49751948972360027,0
0,1,10.724137931034482,4.241379310344827,0.6551724137931034,0.6206896551724138,0.5172413793103449,1.4827586206896552,25.862068965517242,1.0,0.43820224719101125,0.3408239700374532,0.41394335511982566,0.5064486711829077,0.43830521981670867,0
1,3,11.5,5.861111111111111,1.8333333333333333,1.0,0.7222222222222222,1.5555555555555556,27.555555555555557,1.0,0.3263157894736842,0.37543859649122807,1.1073825503355703,0.6233437725849194,0.48212133386902367,0
0,2,10.142857142857142,5.464285714285714,1.5,0.75,0.32142857142857145,1.6785714285714286,23.571428571428573,0.42857142857142855,0.11210762331838565,0.5022421524663677,0.8433734939759036,0.5215219626854709,0.4918527459263729,0
0,2,8.878787878787879,1.9090909090909092,1.303030303030303,1.0909090909090908,0.030303030303030304,1.5151515151515151,21.87878787878788,0.0,0.4576271186440678,0.4703389830508475,0.8067542213883676,0.5143238309226231,0.46325658348269677,0
0,3,7.942857142857143,1.6,2.914285714285714,1.542857142857143,0.0,0.9428571428571428,29.885714285714286,1.0,0.6388888888888888,0.25925925925925924,2.794520547945205,0.577626329787234,0.3620771796093378,0
0,3,10.941176470588236,4.9411764705882355,2.6176470588235294,1.3235294117647058,0.23529411764705882,1.7352941176470589,29.294117647058822,1.0,0.27102803738317754,0.2616822429906542,1.426282051282051,0.519611129735166,0.46127676605963575,0
0,3,15.272727272727273,7.151515151515151,0.6363636363636364,0.6666666666666666,0.2727272727272727,1.606060606060606,27.333333333333332,0.8484848484848485,0.25485436893203883,0.41504854368932037,0.37300177619893427,0.5171989163451276,0.5799182591406165,0
1,0,17.205128205128204,7.794871794871795,3.1794871794871793,1.0512820512820513,0.9230769230769231,2.358974358974359,32.97435897435897,1.0,0.253411306042885,0.3664717348927875,1.2930135557872782,0.5631840461961996,0.6163268470424064,1
1,3,6.487179487179487,3.923076923076923,1.6923076923076923,0.23076923076923078,0.02564102564102564,0.8205128205128205,21.102564102564102,0.0,0.7515151515151515,0.2606060606060606,1.8384401114206128,0.6877990430622009,0.38577820776393756,0
0,1,11.06060606060606,2.242424242424242,1.878787878787879,0.6666666666666666,0.21212121212121213,1.2424242424242424,24.181818181818183,1.0,0.41368078175895767,0.21498371335504887,1.399548532731377,0.543090108320438,0.5328840633969798,0
2,2,12.6,4.9714285714285715,0.5714285714285714,0.2571428571428571,0.7428571428571429,2.2285714285714286,19.485714285714284,0.42857142857142855,0.0,0.6383763837638377,0.24539877300613494,0.635227010831989,0.6725018234865062,0
1,1,11.606060606060606,7.090909090909091,0.5151515151515151,1.1818181818181819,1.393939393939394,1.2727272727272727,23.545454545454547,0.9696969696969697,0.015625,0.453125,0.37527593818984545,0.6236972381448671,0.5126233499935922,0
0,2,11.0,2.411764705882353,2.411764705882353,1.0,0.47058823529411764,1.2941176470588236,31.352941176470587,0.8529411764705882,0.5454545454545454,0.25757575757575757,1.7299578059071727,0.5089820359281437,0.42640733121376473,0
0,3,15.363636363636363,6.181818181818182,1.7878787878787878,0.8181818181818182,0.2727272727272727,1.9393939393939394,30.666666666666668,0.8181818181818182,0.49148418491484186,0.3333333333333333,0.87667161961367,0.5378967917161772,0.5574706983157687,0
0,3,16.677419354838708,3.6451612903225805,4.193548387096774,1.096774193548387,0.06451612903225806,1.5161290322580645,34.096774193548384,1.0,0.4602803738317757,0.3130841121495327,2.5948103792415167,0.530844422539839,0.6103197811527213,0
2,3,10.8,5.2,1.28,0.4,1.2,2.04,25.08,1.0,0.13636363636363635,0.4595959595959596,0.5981308411214953,0.5671315745252898,0.4797458300238284,0
0,2,8.612903225806452,3.3870967741935485,2.774193548387097,0.9032258064516129,0.22580645161290322,2.7419354838709675,28.548387096774192,0.6774193548387096,0.5650557620817844,0.15613382899628253,0.9761634506242907,0.4643801307917072,0.3974777615133431,0
0,2,9.052631578947368,2.763157894736842,1.9736842105263157,0.9210526315789473,0.10526315789473684,1.0526315789473684,30.63157894736842,0.9736842105263158,0.42857142857142855,0.3127413127413127,1.7123287671232876,0.5837632364919902,0.3587943140948792,0
0,3,17.583333333333332,3.0555555555555554,3.2222222222222223,1.1388888888888888,0.3055555555555556,1.9444444444444444,29.52777777777778,0.9722222222222222,0.3640776699029126,0.5849514563106796,1.5760869565217392,0.6109566828816309,0.7022313894618413,0
0,1,6.15,1.775,1.4,0.7,0.2,1.3,15.35,0.075,0.49523809523809526,0.37142857142857144,0.9999999999999999,0.5034381139489195,0.48867313915857613,0
2,1,12.692307692307692,8.192307692307692,0.19230769230769232,0.38461538461538464,1.5769230769230769,1.9615384615384615,27.73076923076923,0.9615384615384616,0.0,0.5255813953488372,0.09328358208955226,0.6233000906618313,0.4629629629629629,0
1,1,18.65625,3.875,3.375,1.71875,0.375,3.1875,34.03125,1.0,0.3220675944333996,0.3220675944333996,1.026615969581749,0.5197812913561329,0.6454861746932796,0
1,3,15.451612903225806,10.161290322580646,2.5483870967741935,0.6129032258064516,0.8064516129032258,1.7096774193548387,35.38709677419355,1.0,0.2116564417177914,0.38650306748466257,1.408199643493761,0.6278838087248322,0.5072266157622034,0
0,0,11.972972972972974,2.4054054054054053,1.837837837837838,0.7297297297297297,0.32432432432432434,1.9189189189189189,27.405405405405407,0.6756756756756757,0.34502923976608185,0.41228070175438597,0.9103078982597055,0.5482130482130482,0.5021126068586027,0
0,3,8.0,1.9444444444444444,2.861111111111111,0.4166666666666667,0.0,1.6388888888888888,26.88888888888889,1.0,0.5991902834008097,0.11336032388663968,1.645367412140575,0.5552984729291994,0.40242898312062575,0
0,3,17.115384615384617,4.615384615384615,2.6538461538461537,1.8846153846153846,0.8076923076923077,2.269230769230769,34.07692307692308,1.0,0.47840531561461797,0.26245847176079734,1.12012987012987,0.6626757207529188,0.5784379923475129,1
1,1,14.833333333333334,7.777777777777778,1.3888888888888888,0.7777777777777778,1.5277777777777777,2.111111111111111,31.333333333333332,1.0,0.00546448087431694,0.47540983606557374,0.6281407035175879,0.6033080260303688,0.5160834217037822,0
1,0,10.387096774193548,5.354838709677419,1.2903225806451613,0.6129032258064516,0.5806451612903226,2.5483870967741935,26.774193548387096,0.967741935483871,0.3655913978494624,0.25089605734767023,0.48721071863580995,0.5196901226597804,0.4345216660664986,0
0,1,8.735294117647058,3.0294117647058822,2.2058823529411766,1.588235294117647,0.29411764705882354,1.6470588235294117,27.970588235294116,0.8529411764705882,0.5185185185185185,0.18888888888888888,1.2626262626262628,0.5077964710709889,0.3897736797988265,0
1,3,21.444444444444443,8.38888888888889,1.3055555555555556,1.2222222222222223,0.5277777777777778,2.361111111111111,32.611111111111114,1.0,0.09574468085106383,0.6553191489361702,0.5304740406320542,0.6374686220108337,0.6954823369565216,0
0,1,7.472222222222222,5.527777777777778,2.4722222222222223,1.0833333333333333,0.3333333333333333,1.4166666666666667,28.166666666666668,0.9722222222222222,0.019417475728155338,0.4854368932038835,1.63003663003663,0.538,0.3518081761006289,0
0,0,10.181818181818182,2.484848484848485,0.8787878787878788,0.48484848484848486,0.030303030303030304,1.1515151515151516,28.303030303030305,0.45454545454545453,0.726643598615917,0.11764705882352941,0.7021791767554478,0.5527043031977892,0.3894164088338845,0
0,3,17.307692307692307,4.0256410256410255,7.230769230769231,1.5897435897435896,0.05128205128205128,2.7948717948717947,37.794871794871796,1.0,0.5441767068273092,0.40562248995983935,2.4977856510186007,0.5750749727371864,0.6475404289870762,1
0,2,9.942857142857143,4.314285714285714,3.057142857142857,0.8,0.22857142857142856,1.7428571428571429,27.428571428571427,0.5142857142857142,0.39908256880733944,0.6100917431192661,1.6589147286821704,0.6292492405612614,0.4722366372599896,0
1,3,11.578947368421053,6.2368421052631575,0.8157894736842105,0.47368421052631576,1.1842105263157894,1.631578947368421,21.710526315789473,0.7368421052631579,0.0034965034965034965,0.48951048951048953,0.47112462006079026,0.6329113924050632,0.5682915057915058,0
0,3,10.852941176470589,4.088235294117647,2.7058823529411766,0.8529411764705882,0.029411764705882353,2.735294117647059,28.529411764705884,1.0,0.2320675105485232,0.9620253164556962,0.9543568464730291,0.5469583778014941,0.4735976987877542,0
0,3,15.25,5.285714285714286,4.392857142857143,0.9642857142857143,0.42857142857142855,2.642857142857143,32.17857142857143,0.8928571428571429,0.24489795918367346,0.4489795918367347,1.6015625000000002,0.5197682344921609,0.6085417127683115,1
0,3,10.580645161290322,2.870967741935484,4.612903225806452,1.1612903225806452,0.1935483870967742,2.129032258064516,33.354838709677416,1.0,0.35587188612099646,0.2669039145907473,2.0694645441389294,0.5222929936305732,0.4541509979751229,0
0,3,18.125,2.34375,2.625,0.71875,0.125,1.71875,32.6875,0.96875,0.5577342047930284,0.17647058823529413,1.443298969072165,0.5862849749312632,0.6328631338162409,0
0,2,7.882352941176471,1.5294117647058822,2.7941176470588234,0.9117647058823529,0.058823529411764705,1.5,20.529411764705884,0.08823529411764706,0.4,0.3170731707317073,1.7463235294117645,0.5736301369863014,0.517536355859709,0
0,3,15.125,2.3125,1.40625,0.90625,0.03125,1.1875,26.125,1.0,0.5564738292011019,0.22038567493112948,1.0922330097087378,0.6077348066298343,0.6303622497616778,0
2,3,18.76923076923077,8.205128205128204,2.641025641025641,0.8461538461538461,1.4615384615384615,1.6153846153846154,33.61538461538461,1.0,0.2069672131147541,0.4098360655737705,1.5396113602391628,0.6354166666666666,0.6350292797931403,1
0,1,8.5625,2.15625,1.0625,0.625,0.21875,1.125,24.8125,0.21875,0.6682692307692307,0.22115384615384615,0.8673469387755102,0.6002453557658605,0.386352232814852,0
1,1,9.0,7.1875,0.59375,0.53125,1.4375,2.21875,26.5625,0.96875,0.014018691588785047,0.5186915887850467,0.25606469002695414,0.5478618170750266,0.3598218471636193,0
0,2,16.846153846153847,6.346153846153846,4.769230769230769,1.1923076923076923,0.2692307692307692,3.1538461538461537,37.07692307692308,1.0,0.3521505376344086,0.33602150537634407,1.4657210401891252,0.5128805620608899,0.5814194082350507,0
0,1,12.142857142857142,3.3142857142857145,3.7142857142857144,0.8,0.0,2.085714285714286,31.65714285714286,0.9428571428571428,0.21646341463414634,0.4573170731707317,1.6993464052287581,0.5393401015228426,0.4993252361673414,0
0,3,16.06896551724138,2.413793103448276,5.241379310344827,1.3448275862068966,0.10344827586206896,2.2758620689655173,34.3448275862069,1.0,0.5054945054945055,0.28846153846153844,2.206095791001451,0.568015602145295,0.6186805486034638,0
0,0,13.405405405405405,4.27027027027027,2.081081081081081,1.135135135135135,0.2702702702702703,2.135135135135135,34.37837837837838,1.0,0.5436893203883495,0.38106796116504854,0.9310761789600968,0.5155067764197223,0.4491651642235635,1
0,3,11.21875,2.4375,2.28125,0.5625,0.03125,1.28125,27.28125,1.0,0.5673469387755102,0.24489795918367346,1.6515837104072397,0.6613854089904201,0.49303811915087875,0
0,2,12.411764705882353,3.735294117647059,4.764705882352941,1.5,0.14705882352941177,1.5588235294117647,34.26470588235294,1.0,0.25748502994011974,0.2874251497005988,2.8723404255319145,0.5608122475015948,0.49982882574460796,0
0,3,16.53125,3.25,3.5,1.375,0.28125,1.65625,34.90625,1.0,0.6213592233009708,0.3470873786407767,1.9928825622775799,0.5569359049945254,0.5722192465631137,0
1,1,12.307692307692308,6.346153846153846,0.46153846153846156,0.5769230769230769,1.0,1.1923076923076923,28.153846153846153,1.0,0.1652542372881356,0.4110169491525424,0.35714285714285715,0.5741352088416822,0.45194663762591886,0
1,2,11.0,7.6,0.56,0.76,2.36,1.2,27.16,0.48,0.0,0.7857142857142857,0.4307692307692308,0.6081917905166313,0.42406456346294935,0
1,2,18.275,4.65,2.825,0.775,0.225,1.725,32.025,0.975,0.47651006711409394,0.2197986577181208,1.547945205479452,0.5591763049996941,0.6568093385214007,1
1,3,12.90625,5.59375,1.875,0.34375,0.375,2.46875,28.8125,1.0,0.0,0.4881889763779528,0.7299270072992701,0.6692377495462795,0.511240812797233,0
0,1,9.03125,2.5,0.4375,0.40625,0.0625,0.5,22.84375,0.625,0.7056277056277056,0.06926406926406926,0.7291666666666667,0.6070408334733658,0.41269408880414055,0
0,2,13.3,3.6,1.85,0.95,0.3,2.0,31.95,0.85,0.2828282828282828,0.494949494949495,0.8809523809523809,0.5515925680159257,0.4726989079563183,0
0,3,13.258064516129032,2.4516129032258065,1.5483870967741935,0.6129032258064516,0.16129032258064516,1.1935483870967742,32.806451612903224,0.967741935483871,0.5220125786163522,0.14779874213836477,1.197007481296758,0.6067674501003897,0.4499558866777767,0
0,2,14.055555555555555,2.0,5.444444444444445,1.4166666666666667,0.1388888888888889,2.5277777777777777,34.388888888888886,1.0,0.5026041666666666,0.265625,2.0718816067653276,0.5899085991419512,0.5653994845360825,0
0,3,7.45945945945946,1.7837837837837838,1.7837837837837838,1.162162162162162,0.05405405405405406,0.8648648648648649,27.864864864864863,1.0,0.7727272727272727,0.36363636363636365,1.8487394957983192,0.6759404388714734,0.330530588576399,0
1,3,12.914285714285715,4.9714285714285715,1.542857142857143,1.0571428571428572,0.6571428571428571,2.257142857142857,31.085714285714285,1.0,0.41543026706231456,0.314540059347181,0.6545454545454545,0.5890939422375143,0.4635822262940907,1
1,3,19.272727272727273,8.575757575757576,1.5454545454545454,0.45454545454545453,1.4848484848484849,2.0303030303030303,34.27272727272727,1.0,0.1905829596412556,0.5403587443946188,0.7254623044096727,0.5760452141149193,0.6056598783390638,0
2,3,9.518518518518519,7.962962962962963,0.9629629629629629,1.2592592592592593,0.6666666666666666,1.3703703703703705,25.14814814814815,0.9259259259259259,0.38497652582159625,0.27230046948356806,0.6549118387909318,0.5387388898205601,0.41513862402816487,0
0,2,17.21212121212121,4.363636363636363,3.0,0.9696969696969697,0.48484848484848486,2.1818181818181817,31.03030303030303,1.0,0.34068627450980393,0.5416666666666666,1.3147410358565736,0.5621090966669305,0.649274798014212,0
0,2,12.689655172413794,2.586206896551724,0.6206896551724138,0.5172413793103449,0.3448275862068966,1.5862068965517242,25.413793103448278,0.9655172413793104,0.458041958041958,0.5104895104895105,0.36809815950920244,0.5253540429419826,0.521692120556832,0
0,3,10.914285714285715,2.4,1.7714285714285714,0.6857142857142857,0.08571428571428572,1.6571428571428573,23.228571428571428,0.6285714285714286,0.3180327868852459,0.36721311475409835,1.008130081300813,0.5391215987354635,0.5437844458052664,0
0,2,11.9375,2.34375,3.9375,1.84375,0.28125,2.3125,28.3125,0.90625,0.48466257668711654,0.46932515337423314,1.6321243523316062,0.4856096816841249,0.5587329520457545,0
0,2,23.058823529411764,4.0,2.911764705882353,2.0,0.17647058823529413,2.9705882352941178,36.029411764705884,1.0,0.5230496453900709,0.36524822695035464,0.9482758620689654,0.5988023952095809,0.7188212308694235,0
1,3,15.285714285714286,7.571428571428571,1.542857142857143,0.5428571428571428,1.0571428571428572,1.9142857142857144,31.742857142857144,0.9714285714285714,0.04046242774566474,0.5520231213872833,0.7659574468085107,0.6220351595200446,0.528488111260655,0
0,2,16.323529411764707,3.235294117647059,4.882352941176471,0.7058823529411765,0.029411764705882353,1.911764705882353,34.88235294117647,1.0,0.47815533980582525,0.3131067961165049,2.426900584795322,0.5919873709360867,0.6061879939465277,0
1,3,12.04,6.36,2.48,0.56,0.28,1.08,29.32,0.96,0.33980582524271846,0.45145631067961167,2.101694915254237,0.6095091527620281,0.4935418082936777,0
0,3,14.314285714285715,3.1142857142857143,2.1142857142857143,1.8,0.34285714285714286,1.2,28.771428571428572,1.0,0.5284974093264249,0.266839378238342,1.6263736263736264,0.5807752944449597,0.5690252350321623,1
1,1,11.108108108108109,7.4324324324324325,1.8108108108108107,0.8918918918918919,0.40540540540540543,1.2972972972972974,29.35135135135135,0.7297297297297297,0.35294117647058826,0.3560371517027864,1.2959381044487426,0.5500535331905781,0.43865284023125634,0
0,1,12.25,2.861111111111111,4.388888888888889,1.0833333333333333,0.16666666666666666,2.4166666666666665,26.444444444444443,0.0,0.4174757281553398,0.3592233009708738,1.7439293598233998,0.6161971830985915,0.62683131017162,0
1,3,11.857142857142858,9.085714285714285,1.6857142857142857,1.2,1.6571428571428573,1.9142857142857144,30.142857142857142,0.9142857142857143,0.0,0.3058823529411765,0.8368794326241135,0.5378992119452509,0.4478034955125177,1
0,3,18.514285714285716,2.9714285714285715,1.4857142857142858,0.9428571428571428,0.05714285714285714,2.4571428571428573,33.02857142857143,1.0,0.5280373831775701,0.4649532710280374,0.5810055865921787,0.628442858251222,0.6037084950409658,0
0,1,12.818181818181818,3.242424242424242,3.242424242424242,1.3333333333333333,0.45454545454545453,2.727272727272727,30.393939393939394,0.9393939393939394,0.18501170960187355,0.2903981264637002,1.1468381564844587,0.4391976077747321,0.52668190400477,0
0,3,12.709677419354838,8.387096774193548,1.7419354838709677,1.064516129032258,0.03225806451612903,1.8709677419354838,31.741935483870968,1.0,0.3547297297297297,0.42905405405405406,0.88379705400982,0.5598499488461975,0.4538547259649478,0
2,2,11.911764705882353,6.647058823529412,0.9117647058823529,0.5,2.823529411764706,2.1470588235294117,24.323529411764707,0.6764705882352942,0.024054982817869417,0.46735395189003437,0.40575916230366493,0.5771861817352639,0.5250481695568401,0
0,1,10.066666666666666,4.4,1.8333333333333333,1.0333333333333334,0.13333333333333333,1.5666666666666667,26.8,1.0,0.03982300884955752,0.5752212389380531,1.0999999999999999,0.5331920903954802,0.4423791821561338,0
0,3,12.407407407407407,3.4444444444444446,5.037037037037037,2.185185185185185,0.037037037037037035,2.5555555555555554,30.40740740740741,0.7777777777777778,0.4827586206896552,0.2827586206896552,1.896792189679219,0.5136776251226693,0.5718101250455262,0
1,1,10.555555555555555,4.333333333333333,1.9444444444444444,0.75,0.8055555555555556,1.5277777777777777,27.36111111111111,1.0,0.01195219123505976,0.44621513944223107,1.1945392491467577,0.6327427734114827,0.45518915638276347,0
1,2,10.03225806451613,4.67741935483871,1.4516129032258065,0.5161290322580645,0.967741935483871,1.1935483870967742,22.032258064516128,0.5161290322580645,0.448559670781893,0.2222222222222222,1.1221945137157106,0.5829209776578198,0.5188747995918962,0
1,3,16.178571428571427,9.035714285714286,1.5357142857142858,0.8571428571428571,2.2142857142857144,2.1785714285714284,30.678571428571427,1.0,0.02857142857142857,0.49206349206349204,0.6739811912225706,0.5910751565762005,0.5755395683453237,0
0,2,13.176470588235293,2.176470588235294,1.9705882352941178,0.7352941176470589,0.058823529411764705,1.4411764705882353,26.88235294117647,0.9705882352941176,0.7065527065527065,0.18518518518518517,1.2786259541984732,0.5900948366701791,0.5613690865489426,0
1,3,12.970588235294118,7.794117647058823,1.3529411764705883,0.8235294117647058,2.176470588235294,2.764705882352941,25.705882352941178,0.9411764705882353,0.0035587188612099642,0.5409252669039146,0.4722792607802875,0.6338392549154881,0.5550490084340095,0
0,2,8.709677419354838,2.161290322580645,1.967741935483871,0.3548387096774194,0.0967741935483871,1.5806451612903225,23.322580645161292,0.12903225806451613,0.5627705627705628,0.15584415584415584,1.1708253358925145,0.5469129800680603,0.4558600743699214,0
0,1,13.5,4.583333333333333,3.0555555555555554,0.75,0.16666666666666666,2.4166666666666665,30.944444444444443,0.9722222222222222,0.2712765957446808,0.3803191489361702,1.2141280353200883,0.5536316413013761,0.5332856120257695,0
1,3,15.052631578947368,5.631578947368421,1.5263157894736843,0.21052631578947367,0.8947368421052632,2.0526315789473686,25.736842105263158,0.6842105263157895,0.2647058823529412,0.24509803921568626,0.7090464547677261,0.6327433628318584,0.6416785496027704,0
1,3,9.25,5.125,0.53125,0.84375,0.1875,2.0625,25.96875,0.8125,0.0,0.8010752688172043,0.24566473988439305,0.5883288281125775,0.3752097818269,0
0,3,13.085714285714285,3.1142857142857143,3.4,1.2,0.2857142857142857,2.342857142857143,33.97142857142857,1.0,0.450402144772118,0.3163538873994638,1.3918128654970758,0.5389249741127742,0.48385744234800837,0
0,1,12.151515151515152,7.090909090909091,5.0606060606060606,2.484848484848485,0.8181818181818182,2.878787878787879,36.06060606060606,1.0,0.11285266457680251,0.3981191222570533,1.698880976602238,0.5348378147673922,0.47599094946786213,0
0,1,16.4375,5.3125,0.9375,1.1875,0.0625,2.0625,28.625,1.0,0.33163265306122447,0.4413265306122449,0.43352601156069365,0.5618217551055285,0.6048738033072236,0
0,2,11.964285714285714,2.607142857142857,1.6785714285714286,1.0714285714285714,0.14285714285714285,1.5714285714285714,30.642857142857142,0.8571428571428571,0.2983050847457627,0.3288135593220339,1.0042735042735043,0.49603174603174605,0.44377323420074344,0
0,3,12.285714285714286,3.914285714285714,1.6571428571428573,0.9142857142857143,0.11428571428571428,1.1428571428571428,30.942857142857143,1.0,0.6535947712418301,0.17973856209150327,1.3333333333333335,0.6511205330102968,0.4491486424298205,0
0,2,15.28,2.68,2.04,1.28,0.12,1.16,30.28,0.96,0.4720496894409938,0.2732919254658385,1.619047619047619,0.5294965624306941,0.5701119157340355,0
1,1,9.974358974358974,7.282051282051282,1.641025641025641,0.9487179487179487,1.6666666666666667,1.4871794871794872,23.974358974358974,0.358974358974359,0.1134453781512605,0.5336134453781513,1.033925686591276,0.6618347624880904,0.48247949728405576,0
1,2,10.578947368421053,5.2631578947368425,2.1842105263157894,0.9210526315789473,0.631578947368421,1.6842105263157894,29.81578947368421,1.0,0.37407407407407406,0.35555555555555557,1.224188790560472,0.6437355880092237,0.42663617171006335,0
0,3,11.794117647058824,2.8529411764705883,5.764705882352941,1.2941176470588236,0.029411764705882353,2.7058823529411766,31.205882352941178,0.9411764705882353,0.3126934984520124,0.35294117647058826,2.0545073375262053,0.5373030335512916,0.560879368658399,0
0,1,16.041666666666668,5.625,3.4583333333333335,1.375,0.125,2.8333333333333335,32.375,1.0,0.38620689655172413,0.30689655172413793,1.1789772727272727,0.5848219710778952,0.6004618937644342,1
0,1,9.0,3.323529411764706,2.9411764705882355,2.0588235294117645,0.47058823529411764,2.764705882352941,26.852941176470587,0.23529411764705882,0.3292181069958848,0.49794238683127573,1.026694045174538,0.51647312989468,0.44303797468354433,0
0,3,10.5,4.142857142857143,4.071428571428571,1.1071428571428572,0.21428571428571427,1.5714285714285714,28.464285714285715,0.9642857142857143,0.35294117647058826,0.3803921568627451,2.4358974358974357,0.49381886589626445,0.5101275318829707,0
0,3,19.419354838709676,5.548387096774194,3.064516129032258,2.129032258064516,0.03225806451612903,2.6774193548387095,35.41935483870968,0.967741935483871,0.29411764705882354,0.3877995642701525,1.1033681765389083,0.5601875977071391,0.6330033602760875,0
1,2,12.92,5.04,1.76,1.08,0.24,2.0,31.52,0.96,0.30798479087452474,0.2661596958174905,0.8380952380952381,0.5496936691626957,0.46426312460468055,0
1,2,14.393939393939394,4.848484848484849,2.9696969696969697,0.5757575757575758,0.24242424242424243,2.4242424242424243,30.03030303030303,1.0,0.38461538461538464,0.3504273504273504,1.1764705882352942,0.5862460505529226,0.5762848234939153,0
1,2,10.84,7.52,0.8,0.56,0.96,1.36,24.84,0.92,0.12698412698412698,0.4497354497354497,0.547945205479452,0.5984982332155477,0.4667201283079391,0
1,3,9.71875,6.78125,1.0,0.3125,0.3125,1.5,31.53125,0.90625,0.40853658536585363,0.08231707317073171,0.625,0.4575144168530069,0.33886583679114796,0
0,3,8.571428571428571,5.228571428571429,0.8857142857142857,0.5142857142857142,0.4,0.5714285714285714,29.542857142857144,0.5714285714285714,0.7981651376146789,0.1651376146788991,1.319148936170213,0.6414642490591858,0.31903614457831325,0
0,2,9.594594594594595,3.7027027027027026,1.162162162162162,0.5675675675675675,0.21621621621621623,1.027027027027027,25.675675675675677,0.6216216216216216,0.4407894736842105,0.23684210526315788,1.0311750599520382,0.5287774070543374,0.41732200901751065,0
0,3,8.483870967741936,1.4193548387096775,1.6774193548387097,0.9354838709677419,0.12903225806451613,0.8709677419354839,24.225806451612904,0.5806451612903226,0.8421052631578947,0.06698564593301436,1.7275747508305648,0.6111730804982339,0.41771648322503646,0
0,0,23.03448275862069,3.3793103448275863,1.4482758620689655,0.8620689655172413,0.20689655172413793,1.6896551724137931,34.0,1.0,0.418,0.44,0.8092485549132947,0.5596514745308312,0.7179694610172919,0
2,0,17.289473684210527,8.473684210526315,1.2894736842105263,0.7631578947368421,1.4210526315789473,2.5,30.07894736842105,1.0,0.0,0.46190476190476193,0.49595141700404854,0.6500316605983852,0.6156260899895362,1
1,1,14.34375,5.6875,1.21875,0.5625,0.40625,1.53125,29.75,1.0,0.27102803738317754,0.3395638629283489,0.7471264367816092,0.6220186470078057,0.5213567839195979,0
1,1,10.03125,7.3125,1.75,0.875,1.46875,1.5625,32.6875,1.0,0.0944206008583691,0.5150214592274678,1.0526315789473684,0.5615815255423373,0.35932138772398015,0
2,2,13.205882352941176,9.558823529411764,0.9411764705882353,0.5882352941176471,2.1176470588235294,1.8235294117647058,30.294117647058822,1.0,0.06232294617563739,0.40793201133144474,0.4892966360856269,0.5391968488807762,0.46545384168763304,0
0,2,9.387096774193548,2.6451612903225805,2.870967741935484,0.7096774193548387,0.03225806451612903,1.6451612903225807,22.29032258064516,0.41935483870967744,0.2916666666666667,0.375,1.645101663585952,0.5203862660944205,0.5474715458867598,0
0,0,12.257142857142858,3.142857142857143,2.914285714285714,0.7142857142857143,0.02857142857142857,1.3428571428571427,33.31428571428572,1.0,0.5133531157270029,0.2344213649851632,2.01980198019802,0.5769851517107811,0.45404018811457886,0
2,2,11.28125,7.09375,1.1875,0.5625,1.75,1.40625,31.03125,1.0,0.004329004329004329,0.5281385281385281,0.7883817427385892,0.6340452437824926,0.4005219835374423,0
1,1,8.6875,6.25,1.65625,0.625,1.96875,1.5,24.03125,0.40625,0.25,0.5833333333333334,1.03515625,0.6583933308071239,0.4286454286454286,0
0,3,11.088235294117647,4.382352941176471,2.088235294117647,1.5,0.6764705882352942,1.7058823529411764,27.5,0.6764705882352942,0.4236760124610592,0.3644859813084112,1.1563517915309447,0.5060674398625429,0.47740835464620623,0
1,3,12.542857142857143,6.885714285714286,1.6571428571428573,0.6571428571428571,0.6857142857142857,1.8285714285714285,27.542857142857144,0.9714285714285714,0.006666666666666667,0.38666666666666666,0.8592592592592593,0.6252848678213309,0.5136950904392764,0
0,3,15.09375,4.09375,3.71875,1.34375,0.15625,2.46875,32.625,0.96875,0.3384615384615385,0.382051282051282,1.4476885644768855,0.5301167793484941,0.5748663101604278,0
0,1,9.285714285714286,3.657142857142857,0.4857142857142857,0.7428571428571429,0.34285714285714286,0.4,20.114285714285714,0.02857142857142857,0.7644787644787645,0.10424710424710425,0.9714285714285714,0.5998966331955109,0.48339222614840993,0
0,2,11.909090909090908,2.484848484848485,4.2727272727272725,1.0303030303030303,0.12121212121212122,1.3333333333333333,32.36363636363637,1.0,0.39228295819935693,0.2572347266881029,2.980972515856237,0.5675909878682842,0.49845981517782123,0
1,3,8.857142857142858,6.285714285714286,0.6785714285714286,0.8214285714285714,0.6785714285714286,0.7142857142857143,25.821428571428573,0.8571428571428571,0.3089887640449438,0.550561797752809,0.8333333333333334,0.5607814761215629,0.36786993662165884,0
0,2,16.63888888888889,3.638888888888889,3.1944444444444446,0.9166666666666666,0.2222222222222222,2.3055555555555554,35.19444444444444,1.0,0.2973568281938326,0.48237885462555063,1.327944572748268,0.5441892579402573,0.5619392413033213,0
0,0,16.28125,2.25,4.625,1.84375,0.125,2.375,33.46875,1.0,0.16136919315403422,0.45232273838630804,1.8686868686868687,0.5311990212071779,0.6227890523180041,0
1,2,16.516129032258064,7.354838709677419,1.5161290322580645,1.1935483870967742,1.4193548387096775,1.6451612903225807,29.419354838709676,0.967741935483871,0.1572700296735905,0.49851632047477745,0.8687615526802217,0.6229923099386742,0.6108622008523659,0
0,3,8.090909090909092,3.1515151515151514,6.212121212121212,1.3333333333333333,0.15151515151515152,1.9696969696969697,29.90909090909091,1.0,0.19827586206896552,0.40086206896551724,3.001464128843338,0.4891543309394694,0.47662324548116736,0
1,1,8.11111111111111,6.194444444444445,0.4722222222222222,0.7222222222222222,0.5277777777777778,0.8888888888888888,21.083333333333332,0.6111111111111112,0.0,0.36318407960199006,0.47752808988764045,0.6262868908716541,0.40519276160503537,0
0,3,12.272727272727273,3.8636363636363638,1.5909090909090908,1.0909090909090908,0.045454545454545456,1.6363636363636365,31.681818181818183,0.8181818181818182,0.4322033898305085,0.19915254237288135,0.9162303664921464,0.5259467040673211,0.43621281464530887,0
0,1,7.90625,2.15625,2.375,0.9375,0.15625,1.65625,24.75,0.09375,0.704225352112676,0.15492957746478872,1.3523131672597863,0.5559950773558369,0.4137323943661972,0
0,2,23.515151515151516,4.575757575757576,4.454545454545454,0.6363636363636364,0.06060606060606061,2.5757575757575757,38.72727272727273,1.0,0.20804195804195805,0.479020979020979,1.6647791619479047,0.5602402679912211,0.7203621322094748,0
1,0,10.735294117647058,5.617647058823529,0.38235294117647056,0.5882352941176471,1.5,1.1470588235294117,22.941176470588236,0.9411764705882353,0.0,0.6052631578947368,0.30660377358490565,0.6321003047935716,0.482512126627521,1
0,2,10.074074074074074,5.185185185185185,4.074074074074074,1.962962962962963,0.2962962962962963,2.185185185185185,27.51851851851852,0.9259259259259259,0.16143497757847533,0.452914798206278,1.7828200972447328,0.5085252766975771,0.5122703500067051,0
2,3,8.030303030303031,4.606060606060606,0.5151515151515151,0.24242424242424243,0.5757575757575758,1.2121212121212122,21.515151515151516,1.0,0.005,0.3,0.3926096997690531,0.5852473498233215,0.39534557689611666,0
0,3,13.0,3.5,2.026315789473684,0.8947368421052632,0.34210526315789475,1.5263157894736843,25.31578947368421,0.07894736842105263,0.4956268221574344,0.3819241982507289,1.245954692556634,0.6165135782747604,0.591219714226548,0
0,1,12.916666666666666,6.444444444444445,1.5555555555555556,0.9166666666666666,0.6944444444444444,1.6666666666666667,27.833333333333332,0.4166666666666667,0.34306569343065696,0.2871046228710462,0.880503144654088,0.5022466084852674,0.5180986475735879,0
0,2,12.03125,6.875,2.71875,1.0625,0.1875,1.4375,31.25,0.96875,0.3667953667953668,0.2471042471042471,1.768292682926829,0.6703579885777963,0.4704944178628389,0
1,1,12.393939393939394,5.909090909090909,1.2424242424242424,1.121212121212121,1.7575757575757576,2.484848484848485,26.515151515151516,1.0,0.0038461538461538464,0.5692307692307692,0.48065650644783114,0.6289985236220472,0.5123534099965843,1
0,0,17.333333333333332,6.777777777777778,2.0,1.1388888888888888,1.3611111111111112,2.0,34.611111111111114,0.9444444444444444,0.40289256198347106,0.3512396694214876,0.9523809523809523,0.5583392984967789,0.556978233034571,1
1,0,9.147058823529411,6.764705882352941,0.6764705882352942,0.35294117647058826,1.8529411764705883,1.6176470588235294,23.294117647058822,1.0,0.005319148936170213,0.6595744680851063,0.3938356164383562,0.6410784960422163,0.4199145084234347,0
1,1,18.457142857142856,12.457142857142857,3.057142857142857,0.42857142857142855,0.8,3.3714285714285714,32.542857142857144,1.0,0.20190023752969122,0.498812351543943,0.8806584362139916,0.6291390728476821,0.6590809628008751,1
1,3,10.705882352941176,7.823529411764706,0.5588235294117647,0.7647058823529411,1.0,1.3529411764705883,20.58823529411765,0.11764705882352941,0.030303030303030304,0.39015151515151514,0.3846153846153846,0.5883874304926937,0.5444981518339492,0
1,3,13.88888888888889,7.444444444444445,1.8888888888888888,1.1388888888888888,1.0555555555555556,1.6666666666666667,26.833333333333332,1.0,0.07122507122507123,0.5071225071225072,1.0691823899371067,0.5823162210006522,0.5858085808580858,0
0,2,9.258064516129032,4.580645161290323,1.4193548387096775,0.967741935483871,0.06451612903225806,1.2903225806451613,30.516129032258064,0.967741935483871,0.44981412639405205,0.2899628252788104,1.0208816705336428,0.47309771858103655,0.34875144874091246,0
1,0,7.371428571428571,5.171428571428572,0.4857142857142857,0.8285714285714286,0.9428571428571428,1.0,21.942857142857143,0.9428571428571428,0.11261261261261261,0.30180180180180183,0.44155844155844154,0.5129632575155082,0.35644847699287097,0
1,3,16.34375,8.8125,1.8125,0.625,1.59375,1.25,30.59375,0.96875,0.02556818181818182,0.5539772727272727,1.3425925925925926,0.5973047053449063,0.5915292201181022,0
1,0,11.695652173913043,4.043478260869565,3.0434782608695654,1.391304347826087,0.30434782608695654,2.652173913043478,33.43478260869565,1.0,0.2703862660944206,0.30042918454935624,1.1058451816745656,0.5098559514783927,0.43951769739401014,0
0,1,16.666666666666668,3.7333333333333334,2.3,0.9,0.1,2.2,32.63333333333333,0.9666666666666667,0.26370757180156656,0.2924281984334204,0.9999999999999998,0.5783288609234756,0.5794297352342159,0
1,3,9.617647058823529,4.0,1.8235294117647058,0.5294117647058824,0.4411764705882353,1.1764705882352942,21.941176470588236,0.5882352941176471,0.48559670781893005,0.27983539094650206,1.4285714285714284,0.5990766524989007,0.5190819322124366,0
0,2,9.0,2.533333333333333,3.433333333333333,1.1666666666666667,0.03333333333333333,1.8666666666666667,26.966666666666665,0.6666666666666666,0.5627705627705628,0.3333333333333333,1.7457627118644066,0.5096647538508003,0.45935960591133007,0
0,0,9.714285714285714,4.2,4.371428571428571,1.2285714285714286,0.17142857142857143,1.9714285714285715,30.314285714285713,1.0,0.42083333333333334,0.44166666666666665,2.1103448275862067,0.5930784259000837,0.46312822921559416,0
2,3,10.9375,5.90625,1.1875,0.59375,1.65625,1.1875,23.96875,0.78125,0.0,0.36637931034482757,0.9223300970873786,0.6495916852264292,0.50376525577772,0
0,1,9.555555555555555,5.888888888888889,3.888888888888889,0.9629629629629629,0.9259259259259259,2.4814814814814814,27.25925925925926,0.8148148148148148,0.3698630136986301,0.4018264840182648,1.5064562410329985,0.5005432252056495,0.49140381751726003,1
1,2,13.193548387096774,6.806451612903226,1.5806451612903225,1.2580645161290323,0.3870967741935484,1.8709677419354838,25.741935483870968,0.5483870967741935,0.3548387096774194,0.16129032258064516,0.8019639934533551,0.4738183503243744,0.5717138933965796,0
0,1,10.40625,2.0625,5.375,1.0625,0.03125,1.84375,33.65625,1.0,0.24324324324324326,0.2668918918918919,2.765273311897106,0.5033861410085863,0.4675060174041844,0
1,1,10.193548387096774,4.064516129032258,2.3225806451612905,1.0,0.4838709677419355,1.4193548387096775,32.58064516129032,1.0,0.5622775800711743,0.18505338078291814,1.5286624203821655,0.5199420824009477,0.38298292369953607,0
1,3,12.393939393939394,6.787878787878788,2.242424242424242,0.48484848484848486,0.48484848484848486,1.4848484848484849,31.393939393939394,0.9393939393939394,0.17302052785923755,0.3313782991202346,1.4149139579349903,0.5233927108927109,0.46473587991917636,0
0,3,13.971428571428572,2.5142857142857142,3.257142857142857,1.1142857142857143,0.14285714285714285,1.4,32.68571428571428,0.9428571428571428,0.35492957746478876,0.3436619718309859,2.1714285714285713,0.5982675932269746,0.5254901960784314,0
0,2,13.75,6.1875,2.0625,0.90625,0.875,2.25,27.3125,0.75,0.48186528497409326,0.24093264248704663,0.8776595744680851,0.5153190293263374,0.5768353853169175,0
0,3,12.1875,2.53125,1.375,0.71875,0.09375,1.0625,33.65625,1.0,0.4783950617283951,0.23148148148148148,1.182795698924731,0.5462184873949579,0.4017774486206258,0
1,0,11.027027027027026,4.216216216216216,1.9189189189189189,0.6216216216216216,0.05405405405405406,1.3783783783783783,28.324324324324323,0.8648648648648649,0.4380952380952381,0.4126984126984127,1.2979890310786106,0.5480924234282644,0.45545307597223544,0
0,3,13.32258064516129,4.290322580645161,4.354838709677419,1.1290322580645162,0.6129032258064516,1.7741935483870968,37.225806451612904,1.0,0.3838120104438642,0.15404699738903394,2.323580034423408,0.504939358372457,0.47359778757237914,0
1,0,10.454545454545455,7.515151515151516,0.8787878787878788,0.8181818181818182,0.5757575757575758,1.0909090909090908,24.696969696969695,0.6363636363636364,0.08837209302325581,0.5255813953488372,0.7379134860050891,0.6516319129646418,0.4570450934864964,0
0,2,15.0,5.722222222222222,4.388888888888889,1.3055555555555556,0.5555555555555556,2.3333333333333335,33.97222222222222,1.0,0.29238329238329236,0.3046683046683047,1.8036529680365296,0.5849727012739405,0.5690526659057558,1
1,2,18.70967741935484,6.67741935483871,1.5161290322580645,0.7419354838709677,1.3225806451612903,1.7741935483870968,34.193548387096776,1.0,0.2576530612244898,0.4336734693877551,0.8089500860585197,0.6212510711225364,0.5897845922302699,0
0,2,15.970588235294118,8.117647058823529,3.1176470588235294,1.6470588235294117,0.5,2.676470588235294,35.44117647058823,1.0,0.2863961813842482,0.5346062052505967,1.1228813559322035,0.5245768606538372,0.5370738166170143,0
0,1,17.193548387096776,4.806451612903226,1.7419354838709677,0.6774193548387096,0.0967741935483871,2.064516129032258,32.83870967741935,0.967741935483871,0.3490566037735849,0.29952830188679247,0.8047690014903129,0.5553471701258648,0.5748702379786506,0
0,1,9.875,3.875,3.65625,1.59375,0.21875,2.59375,29.96875,0.96875,0.2803030303030303,0.5113636363636364,1.357308584686775,0.48855905998763144,0.4500103928497194,0
0,3,11.580645161290322,2.0,1.6774193548387097,0.7741935483870968,0.06451612903225806,1.2903225806451613,25.129032258064516,0.7419354838709677,0.47896440129449835,0.1779935275080906,1.2064965197215778,0.5387154861944778,0.5255082470272343,0
0,3,7.742857142857143,3.3714285714285714,1.0,0.8285714285714286,0.9714285714285714,0.6285714285714286,21.771428571428572,0.8857142857142857,0.5714285714285714,0.3116883116883117,1.3725490196078431,0.5158367595553525,0.3997387328543436,0
1,3,13.909090909090908,6.757575757575758,1.3636363636363635,0.9696969696969697,0.36363636363636365,1.3636363636363635,34.54545454545455,1.0,0.5412087912087912,0.18406593406593408,0.9316770186335404,0.5832570905763952,0.4408291786932563,0
0,2,9.583333333333334,4.138888888888889,0.8055555555555556,1.1111111111111112,0.19444444444444445,1.3055555555555556,20.61111111111111,0.19444444444444445,0.4151624548736462,0.24548736462093862,0.5731225296442688,0.5620357096311742,0.5016094420600858,0
1,0,8.28125,3.53125,0.53125,0.4375,0.3125,1.1875,23.84375,0.65625,0.16393442622950818,0.39344262295081966,0.41262135922330095,0.6171976895844978,0.3680501174628034,0
0,1,14.91891891891892,4.297297297297297,3.135135135135135,1.2702702702702702,0.08108108108108109,1.4324324324324325,30.675675675675677,0.972972972972973,0.6252983293556086,0.25059665871121717,2.0458553791887124,0.5932932072227,0.5866338807411962,0
0,1,13.90625,3.625,4.09375,1.65625,0.375,1.5,36.375,1.0,0.5078534031413613,0.19895287958115182,2.55859375,0.535576737916426,0.4934886908841672,0
0,2,14.88888888888889,6.666666666666667,1.8888888888888888,1.1851851851851851,0.4074074074074074,1.7777777777777777,34.55555555555556,1.0,0.3873015873015873,0.3619047619047619,1.0059171597633136,0.5504436411436082,0.48412952869509457,0
0,1,9.7,5.166666666666667,1.9,1.2333333333333334,0.43333333333333335,1.3,31.133333333333333,1.0,0.6322314049586777,0.2892561983471074,1.357142857142857,0.533357771260997,0.37139807897545357,0
0,2,9.88888888888889,3.6666666666666665,3.5,0.9722222222222222,0.4444444444444444,1.7777777777777777,28.13888888888889,1.0,0.5423728813559322,0.2847457627118644,1.863905325443787,0.5362091818291361,0.4741294511115483,0
0,0,10.517241379310345,2.586206896551724,3.586206896551724,1.1724137931034482,0.3448275862068966,3.103448275862069,27.655172413793103,0.896551724137931,0.3890577507598784,0.23708206686930092,1.1194833153928956,0.41974017395133767,0.5081376568517828,0
0,1,8.441176470588236,2.176470588235294,1.1764705882352942,0.2647058823529412,0.17647058823529413,1.3529411764705883,19.61764705882353,0.11764705882352941,0.5916030534351145,0.2595419847328244,0.8097165991902834,0.49157303370786515,0.48776849642004766,0
0,3,8.303030303030303,3.6666666666666665,1.1515151515151516,0.3939393939393939,0.15151515151515152,1.2727272727272727,24.424242424242426,0.6666666666666666,0.3333333333333333,0.38288288288288286,0.8388520971302429,0.528141865844256,0.3855183491906586,0
0,1,12.88,3.44,2.04,1.08,0.0,1.6,31.88,0.92,0.38461538461538464,0.2153846153846154,1.2,0.5656267566048342,0.4665415884928081,0
1,3,10.176470588235293,4.764705882352941,0.7352941176470589,0.5294117647058824,0.9117647058823529,1.7058823529411764,22.11764705882353,0.8235294117647058,0.10384615384615385,0.3076923076923077,0.40716612377850164,0.5860433604336044,0.4911305268731797,0
0,3,14.666666666666666,3.2333333333333334,3.8333333333333335,1.1333333333333333,0.16666666666666666,2.1,31.833333333333332,1.0,0.12643678160919541,0.39655172413793105,1.7424242424242424,0.5382658054413779,0.5793319415448852,0
0,1,11.484848484848484,2.272727272727273,1.6666666666666667,0.8181818181818182,0.18181818181818182,2.090909090909091,32.96969696969697,1.0,0.6752136752136753,0.2336182336182336,0.760719225449516,0.4895628810581792,0.39769082745349577,0
0,0,10.0625,4.0625,1.90625,1.53125,0.4375,1.90625,24.78125,0.1875,0.2679245283018868,0.3886792452830189,0.9501557632398754,0.5188192833204435,0.48103491585028885,0
0,3,9.694444444444445,2.3333333333333335,3.888888888888889,1.6944444444444444,0.027777777777777776,2.1944444444444446,32.888888888888886,1.0,0.6563573883161512,0.23024054982817868,1.6949152542372878,0.5444957563654518,0.41175479959582356,0
0,0,10.805555555555555,1.8055555555555556,1.8888888888888888,0.6388888888888888,0.0,1.7222222222222223,25.52777777777778,0.4166666666666667,0.7171428571428572,0.17714285714285713,1.0365853658536583,0.5155322307039865,0.49533925861695205,0
2,2,8.129032258064516,5.161290322580645,2.129032258064516,0.8387096774193549,0.967741935483871,1.5483870967741935,26.93548387096774,0.8709677419354839,0.3598326359832636,0.2175732217573222,1.2915851272015655,0.4811363983503895,0.379429662331464,0
0,3,9.821428571428571,2.4285714285714284,4.75,1.8928571428571428,0.0,3.1785714285714284,28.071428571428573,0.9642857142857143,0.4057377049180328,0.3729508196721312,1.44880174291939,0.48408674834530346,0.5172413793103448,0
0,2,9.375,2.09375,0.96875,0.75,0.125,1.0625,30.65625,0.90625,0.48188405797101447,0.13405797101449277,0.8333333333333333,0.5132065143013549,0.3363137573663889,0
0,1,14.8125,3.21875,3.40625,1.3125,0.21875,2.03125,35.21875,1.0,0.5256410256410257,0.33076923076923076,1.598240469208211,0.5304861670695675,0.5158379047956114,0
0,3,11.117647058823529,3.176470588235294,1.3235294117647058,0.7647058823529411,0.17647058823529413,1.5294117647058822,23.735294117647058,0.23529411764705882,0.48026315789473684,0.2993421052631579,0.8122743682310469,0.5493547261946286,0.521964461994077,0
0,1,8.84375,3.59375,4.125,1.65625,0.34375,2.5625,25.90625,0.8125,0.210727969348659,0.27586206896551724,1.5492957746478873,0.483463167965013,0.49867820235520305,0
0,2,13.428571428571429,3.257142857142857,2.057142857142857,1.8857142857142857,0.22857142857142856,1.2285714285714286,33.114285714285714,1.0,0.5176470588235295,0.4411764705882353,1.5483870967741933,0.5788177339901478,0.46623655913978496,0
0,1,11.06060606060606,2.3636363636363638,2.3636363636363638,0.6363636363636364,0.15151515151515152,1.3333333333333333,25.848484848484848,0.8484848484848485,0.4232081911262799,0.31399317406143346,1.6490486257928119,0.5472592059493823,0.5173420530188018,0
1,3,10.96875,4.8125,1.375,0.84375,0.75,1.15625,26.0,0.8125,0.4370860927152318,0.2947019867549669,1.0945273631840795,0.514421385860007,0.4729406130268199,0
0,1,9.029411764705882,3.4705882352941178,5.0588235294117645,1.0,0.029411764705882353,1.7352941176470589,29.294117647058822,0.8823529411764706,0.5776892430278885,0.27091633466135456,2.756410256410256,0.5464189092980207,0.4792875725435261,0
0,0,19.842105263157894,2.5,2.289473684210526,0.9473684210526315,0.5,1.9736842105263157,32.05263157894737,0.9736842105263158,0.46953405017921146,0.3225806451612903,1.1040609137055837,0.5916509730069052,0.6883286953674905,1
0,3,10.857142857142858,2.742857142857143,3.0,1.0857142857142856,0.14285714285714285,1.6571428571428573,30.4,0.9142857142857143,0.5298013245033113,0.1291390728476821,1.7073170731707314,0.5953126958265447,0.45433255269320844,0
0,2,9.181818181818182,2.787878787878788,1.606060606060606,0.3333333333333333,0.09090909090909091,1.0606060606060606,31.272727272727273,1.0,0.6150793650793651,0.15873015873015872,1.383812010443864,0.5619436201780414,0.34386168260407607,0
1,3,11.805555555555555,6.111111111111111,1.4722222222222223,0.8055555555555556,0.3333333333333333,1.75,28.11111111111111,1.0,0.32298136645962733,0.40062111801242234,0.7957957957957958,0.5610412926391383,0.47065773926742815,0
0,2,25.029411764705884,3.9705882352941178,3.911764705882353,1.0588235294117647,0.029411764705882353,3.9411764705882355,33.470588235294116,1.0,0.49666666666666665,0.425,0.9679767103347889,0.5974445380511092,0.8620991764499737,0
0,1,14.666666666666666,2.5833333333333335,4.111111111111111,0.8888888888888888,0.0,2.0555555555555554,31.055555555555557,1.0,0.32840236686390534,0.40532544378698226,1.9072164948453607,0.6628502561012354,0.6027104136947218,0
0,3,14.928571428571429,2.4642857142857144,3.357142857142857,0.4642857142857143,0.0,2.5,32.107142857142854,1.0,0.4896142433234421,0.3264094955489614,1.2912087912087913,0.5422937208095485,0.5677533821246397,0
0,0,11.333333333333334,3.5185185185185186,2.4814814814814814,1.1111111111111112,0.4444444444444444,2.6296296296296298,25.48148148148148,0.6296296296296297,0.19433198380566802,0.4089068825910931,0.909090909090909,0.524979412572056,0.5400318517446069,1
0,0,12.909090909090908,3.090909090909091,0.696969696969697,0.45454545454545453,0.06060606060606061,1.4848484848484849,33.39393939393939,0.9393939393939394,0.6195372750642674,0.2185089974293059,0.4397705544933078,0.49953095684803006,0.4062245544196146,0
0,2,10.735294117647058,4.352941176470588,2.588235294117647,0.8235294117647058,0.23529411764705882,1.911764705882353,31.323529411764707,1.0,0.22388059701492538,0.5261194029850746,1.2865497076023393,0.5529632771785238,0.4239985024335454,0
0,2,11.170731707317072,3.5609756097560976,1.3414634146341464,1.146341463414634,0.4634146341463415,1.5365853658536586,27.29268292682927,0.7073170731707317,0.5086705202312138,0.41329479768786126,0.819672131147541,0.560011738237308,0.45677143620336563,0
1,2,12.571428571428571,4.942857142857143,3.2,0.5714285714285714,0.5428571428571428,1.6571428571428573,28.6,0.7714285714285715,0.3373860182370821,0.270516717325228,1.8211382113821137,0.5975662755323772,0.5495271279243404,0
0,2,8.852941176470589,3.588235294117647,5.117647058823529,1.0588235294117647,0.23529411764705882,1.6470588235294117,33.88235294117647,1.0,0.3671875,0.3984375,2.929292929292929,0.5001994150491891,0.41111303444694475,0
1,2,7.9393939393939394,3.8181818181818183,1.0,0.6060606060606061,0.5454545454545454,1.121212121212121,19.848484848484848,0.7272727272727273,0.2850467289719626,0.2897196261682243,0.8188585607940447,0.5429376657824934,0.4481239556433237,0
0,3,14.823529411764707,2.5294117647058822,2.8823529411764706,1.1176470588235294,0.23529411764705882,1.2647058823529411,33.94117647058823,1.0,0.331002331002331,0.14918414918414918,2.112068965517241,0.5512293289001662,0.5201313288405046,0
0,2,14.064516129032258,2.5161290322580645,4.32258064516129,0.7741935483870968,0.0967741935483871,1.8709677419354838,29.483870967741936,0.967741935483871,0.4879356568364611,0.26273458445040215,2.193126022913257,0.5238873401903297,0.6215243702976774,0
0,3,18.5,4.676470588235294,2.823529411764706,1.6764705882352942,0.29411764705882354,2.911764705882353,34.029411764705884,1.0,0.3317422434367542,0.43675417661097854,0.9375000000000001,0.6296044202434338,0.6247845570492933,1
0,2,12.192307692307692,4.038461538461538,1.7307692307692308,0.6538461538461539,0.5384615384615384,1.1923076923076923,27.846153846153847,0.8461538461538461,0.47058823529411764,0.37104072398190047,1.3392857142857142,0.616539598568539,0.49821084503165425,1
1,1,11.264705882352942,4.323529411764706,1.7352941176470589,0.9117647058823529,0.6176470588235294,2.1176470588235294,23.823529411764707,0.9411764705882353,0.1412639405204461,0.6022304832713755,0.7824933687002652,0.5627718349594452,0.543398082124416,0
1,3,12.777777777777779,5.444444444444445,0.9722222222222222,0.5555555555555556,0.3055555555555556,1.8333333333333333,26.5,0.6944444444444444,0.12177121771217712,0.6346863468634686,0.5028735632183908,0.6634360216914734,0.5169172932330827,0
0,1,18.208333333333332,6.25,2.4583333333333335,1.75,0.9583333333333334,2.5416666666666665,36.375,1.0,0.3125,0.50625,0.9305993690851736,0.5584236352484155,0.5665981265707104,1
0,2,9.297297297297296,4.45945945945946,3.72972972972973,1.864864864864865,0.24324324324324326,2.0,29.89189189189189,0.972972972972973,0.11764705882352941,0.5686274509803921,1.776061776061776,0.5395232120451694,0.43435162656573845,0
0,2,10.63888888888889,3.4722222222222223,1.9444444444444444,0.8611111111111112,0.3055555555555556,0.9722222222222222,27.833333333333332,0.1388888888888889,0.4838709677419355,0.3333333333333333,1.8134715025906736,0.5985871467866967,0.45047732696897375,0
1,3,12.117647058823529,10.323529411764707,3.176470588235294,0.8235294117647058,0.7941176470588235,3.0294117647058822,32.411764705882355,1.0,0.09328358208955224,0.6940298507462687,1.0150375939849623,0.5888406128515893,0.4704179482540256,0
0,0,14.378378378378379,4.135135135135135,5.108108108108108,1.6486486486486487,0.4864864864864865,2.7027027027027026,33.729729729729726,0.6486486486486487,0.15119363395225463,0.46419098143236076,1.8225650916104146,0.5859030837004405,0.5760166174003356,1
0,3,8.454545454545455,2.393939393939394,0.5151515151515151,0.45454545454545453,0.21212121212121213,0.3939393939393939,24.484848484848484,0.7878787878787878,0.7120418848167539,0.17277486910994763,1.0429447852760736,0.6787660568314519,0.36484654258597315,0
0,1,11.375,3.75,1.0,1.46875,0.4375,1.78125,24.90625,0.875,0.19202898550724637,0.4057971014492754,0.5315614617940199,0.559517953762912,0.49487628092976754,0
2,3,15.043478260869565,8.043478260869565,1.2173913043478262,0.6086956521739131,1.6956521739130435,1.8695652173913044,28.217391304347824,0.9565217391304348,0.018433179723502304,0.7050691244239631,0.6181015452538631,0.6084693303320202,0.5742361430984185,0
0,1,10.233333333333333,3.9,4.233333333333333,1.2333333333333334,0.13333333333333333,2.933333333333333,33.766666666666666,1.0,0.2631578947368421,0.4939271255060729,1.3956043956043958,0.5105095117733138,0.4271653543307086,0
1,2,12.142857142857142,6.942857142857143,2.4571428571428573,0.34285714285714286,0.4857142857142857,1.6,30.6,1.0,0.25958702064896755,0.24188790560471976,1.4453781512605042,0.5665458035619069,0.47557003257328984,0
0,1,12.13888888888889,5.416666666666667,4.194444444444445,0.8333333333333334,0.19444444444444445,2.4722222222222223,30.416666666666668,1.0,0.17002881844380405,0.4265129682997118,1.630669546436285,0.530185382898185,0.5352266521026762,0
0,2,10.11111111111111,1.7222222222222223,3.5833333333333335,1.1111111111111112,0.05555555555555555,1.3333333333333333,30.416666666666668,1.0,0.5342960288808665,0.4043321299638989,2.5,0.5578031138899106,0.44875295831057704,0
0,3,17.65625,2.625,4.375,0.96875,0.0625,3.75,36.0,1.0,0.40130151843817785,0.34273318872017355,1.1363636363636362,0.5324964186081581,0.6102839335180055,0
1,1,11.35135135135135,7.324324324324325,1.054054054054054,0.6216216216216216,1.2432432432432432,1.5675675675675675,23.2972972972973,0.8648648648648649,0.0033444816053511705,0.43812709030100333,0.6320907617504051,0.5888290713324361,0.5302067690885988,0
0,1,7.388888888888889,3.5277777777777777,0.9444444444444444,0.5833333333333334,0.4166666666666667,1.1111111111111112,24.38888888888889,0.16666666666666666,0.4200913242009132,0.2100456621004566,0.7798165137614678,0.5559271024912222,0.34029038112522686,0
2,3,9.914285714285715,4.514285714285714,0.8571428571428571,0.2857142857142857,0.8,1.6857142857142857,25.571428571428573,0.7142857142857143,0.0,0.35094339622641507,0.4799999999999999,0.5671417364016736,0.41958820255982193,0
1,2,11.82857142857143,6.914285714285715,1.9428571428571428,1.2571428571428571,1.8857142857142857,2.0,31.228571428571428,1.0,0.25766871165644173,0.40797546012269936,0.9251700680272108,0.5383335067096641,0.43958048335613314,1
0,0,7.90625,2.40625,3.4375,1.0,0.09375,1.5625,24.28125,0.6875,0.2783018867924528,0.2783018867924528,2.0676691729323307,0.5316019499075475,0.46526531658549086,0
1,1,9.576923076923077,4.6923076923076925,1.0384615384615385,0.7307692307692307,0.8461538461538461,1.8076923076923077,26.384615384615383,0.6153846153846154,0.29906542056074764,0.3411214953271028,0.5443548387096774,0.5058508044856168,0.4008132442637235,0
1,3,14.722222222222221,8.333333333333334,2.0555555555555554,0.9166666666666666,0.8055555555555556,1.8888888888888888,31.805555555555557,1.0,0.49870801033591733,0.4263565891472868,1.0335195530726256,0.5765883376849434,0.5258575657321957,0
0,1,11.35483870967742,3.161290322580645,4.580645161290323,1.032258064516129,0.06451612903225806,2.4193548387096775,29.29032258064516,0.7419354838709677,0.3068181818181818,0.4053030303030303,1.8181818181818181,0.5657708628005658,0.54220173416749,0
1,3,11.151515151515152,4.666666666666667,2.242424242424242,1.0606060606060606,0.7575757575757576,1.1818181818181819,27.818181818181817,1.0,0.386986301369863,0.25,1.7494089834515363,0.5676909786498827,0.479756865299034,0
0,2,13.8,4.685714285714286,2.4,1.0,0.17142857142857143,2.057142857142857,34.142857142857146,1.0,0.3157894736842105,0.3961218836565097,1.1125827814569536,0.5696829590488771,0.4730913642052565,0
1,3,10.470588235294118,5.4411764705882355,1.2941176470588236,0.8823529411764706,0.6176470588235294,1.3529411764705883,30.08823529411765,0.9705882352941176,0.6915254237288135,0.2305084745762712,0.8906882591093117,0.5478271574541426,0.3897116134060795,0
0,2,9.722222222222221,1.9444444444444444,1.6666666666666667,0.9444444444444444,0.19444444444444445,1.2222222222222223,25.944444444444443,0.9166666666666666,0.6423611111111112,0.3576388888888889,1.2605042016806722,0.5250210008400336,0.43728668941979515,0
1,1,11.90625,7.125,0.84375,0.3125,0.59375,2.5625,29.40625,1.0,0.2057877813504823,0.5369774919614148,0.3169014084507042,0.4954744069912609,0.4321118407117136,0
1,2,14.3125,6.40625,2.0,1.0625,0.46875,2.25,31.90625,1.0,0.10810810810810811,0.45045045045045046,0.851063829787234,0.5739348370927319,0.5096660808435852,0
0,3,7.0,2.810810810810811,1.945945945945946,1.7027027027027026,0.16216216216216217,1.1081081081081081,32.86486486486486,0.8918918918918919,0.6134453781512605,0.1092436974789916,1.610738255033557,0.5191629249518922,0.2713782077560056,0
0,0,20.14814814814815,6.185185185185185,3.4814814814814814,1.5925925925925926,0.7777777777777778,4.037037037037037,35.407407407407405,0.9629629629629629,0.3875,0.39,0.8415398388540735,0.5804028678729942,0.6654845102743299,1
0,0,16.057142857142857,3.5428571428571427,4.085714285714285,1.0857142857142856,0.3142857142857143,2.657142857142857,28.542857142857144,1.0,0.5225225225225225,0.2927927927927928,1.4818652849740932,0.5606544293695132,0.7032418952618453,1
1,3,11.67741935483871,4.709677419354839,0.6451612903225806,0.6451612903225806,0.45161290322580644,1.4516129032258065,32.0,1.0,0.4160839160839161,0.34265734265734266,0.41580041580041577,0.5499513855128828,0.38388101698321775,0
1,3,9.612903225806452,5.806451612903226,1.3870967741935485,0.7419354838709677,0.2903225806451613,1.032258064516129,31.516129032258064,0.967741935483871,0.5955555555555555,0.3422222222222222,1.225071225071225,0.5755562422744128,0.34792368125701456,0
1,2,13.09375,5.75,0.96875,0.6875,1.53125,1.3125,32.75,1.0,0.5078125,0.12239583333333333,0.6858407079646017,0.517692991993674,0.4280821917808219,0
0,1,10.363636363636363,3.0303030303030303,4.848484848484849,0.696969696969697,0.18181818181818182,2.4545454545454546,31.515151515151516,1.0,0.45041322314049587,0.5537190082644629,1.8979833926453142,0.5681818181818182,0.481165532445126,0
1,2,8.875,5.3125,0.78125,0.6875,0.40625,2.21875,25.0,0.90625,0.42857142857142855,0.30357142857142855,0.33692722371967654,0.5592312539382482,0.38471115537848605,0
0,1,8.7,1.75,2.45,0.225,0.2,0.825,28.8,0.6,0.5503597122302158,0.24820143884892087,2.648648648648649,0.564275522117006,0.38581314878892725,0
0,2,7.617647058823529,1.411764705882353,3.1176470588235294,1.5,0.08823529411764706,1.6764705882352942,29.558823529411764,1.0,0.5446428571428571,0.25892857142857145,1.7549668874172184,0.5189964732285989,0.36195953986513285,0
1,3,14.242424242424242,4.303030303030303,2.4242424242424243,0.7575757575757576,0.8787878787878788,2.1818181818181817,35.93939393939394,1.0,0.49625935162094764,0.14962593516209477,1.062416998671979,0.5498362189985961,0.4624569074245355,0
0,3,9.323529411764707,4.9411764705882355,2.6176470588235294,1.0294117647058822,0.20588235294117646,1.4705882352941178,28.764705882352942,1.0,0.23076923076923078,0.6442307692307693,1.6666666666666665,0.5937219059035062,0.4136947218259629,0
0,1,11.06060606060606,3.515151515151515,1.878787878787879,1.1818181818181819,0.18181818181818182,1.3636363636363635,30.181818181818183,0.7272727272727273,0.45871559633027525,0.1834862385321101,1.2836438923395446,0.5164119977362762,0.42729910937656357,0
0,1,14.75,5.03125,3.375,0.625,0.65625,2.5,34.40625,1.0,0.5434782608695652,0.30745341614906835,1.2980769230769231,0.6455848561111719,0.5252671617460605,1
0,0,10.7,2.2666666666666666,3.3666666666666667,1.1333333333333333,0.16666666666666666,2.2666666666666666,24.6,0.5666666666666667,0.6052631578947368,0.2819548872180451,1.4225352112676057,0.5367892976588629,0.5695006747638326,0
0,1,12.451612903225806,3.903225806451613,3.3870967741935485,1.8064516129032258,0.0967741935483871,2.064516129032258,34.193548387096776,0.967741935483871,0.456973293768546,0.3115727002967359,1.5648286140089418,0.5036534446764092,0.4618568337879785,0
1,3,8.483870967741936,4.354838709677419,1.2903225806451613,0.5161290322580645,0.3870967741935484,1.096774193548387,21.93548387096774,0.6451612903225806,0.2393617021276596,0.3404255319148936,1.0781671159029649,0.6083456698741673,0.4435660957400088,0
1,3,9.909090909090908,8.484848484848484,1.5454545454545454,0.8484848484848485,0.8181818181818182,1.5151515151515151,33.24242424242424,1.0,0.5984251968503937,0.2047244094488189,0.9568480300187616,0.5905085235481075,0.3435426701808597,0
1,2,18.257142857142856,8.114285714285714,1.8857142857142857,0.6285714285714286,2.3142857142857145,1.6857142857142857,32.25714285714286,1.0,0.007177033492822967,0.5215311004784688,1.0559999999999998,0.621692092154421,0.6225165562913907,0
1,3,11.820512820512821,5.461538461538462,1.4102564102564104,0.41025641025641024,0.7435897435897436,1.641025641025641,23.256410256410255,1.0,0.0,0.48013245033112584,0.8100147275405007,0.6301257517769273,0.5664727192886156,0
0,2,13.46875,2.96875,1.34375,0.75,0.1875,1.65625,27.3125,0.78125,0.29260450160771706,0.3054662379421222,0.7651245551601423,0.610827664399093,0.5403556771545828,0
2,3,10.225806451612904,7.129032258064516,0.2903225806451613,0.4838709677419355,1.3548387096774193,1.2580645161290323,22.193548387096776,0.7741935483870968,0.01020408163265306,0.3979591836734694,0.21377672209026127,0.6881729767280306,0.47171176385472435,0
0,1,12.857142857142858,3.9642857142857144,1.3928571428571428,1.1428571428571428,0.14285714285714285,1.3571428571428572,26.678571428571427,0.4642857142857143,0.31343283582089554,0.44402985074626866,0.9558823529411763,0.5618678986140592,0.5321419045078688,0
1,2,20.8,8.1,3.8333333333333335,1.7333333333333334,0.5333333333333333,2.966666666666667,36.46666666666667,1.0,0.36179775280898874,0.41123595505617977,1.25,0.5936976708783681,0.6736554238833181,0
0,3,9.793103448275861,3.896551724137931,1.0344827586206897,1.5172413793103448,0.06896551724137931,1.0,28.862068965517242,1.0,0.3770491803278688,0.29508196721311475,0.9404388714733543,0.5150899593731862,0.3738540302416954,0
0,3,11.941176470588236,4.088235294117647,2.588235294117647,1.9705882352941178,0.2647058823529412,1.7352941176470589,31.705882352941178,1.0,0.2521489971346705,0.28653295128939826,1.4102564102564101,0.5165394402035624,0.45681523950434616,0
0,1,17.363636363636363,4.787878787878788,1.696969696969697,0.6060606060606061,0.42424242424242425,1.9090909090909092,31.727272727272727,1.0,0.43524416135881105,0.3036093418259023,0.8446455505279035,0.5365972430326641,0.5988765114729124,0
0,3,10.419354838709678,3.870967741935484,4.032258064516129,1.7419354838709677,0.03225806451612903,2.3225806451612905,28.580645161290324,0.5483870967741935,0.5785953177257525,0.24414715719063546,1.6644474034620504,0.4877385841990819,0.5038803284219998,0
0,1,16.03846153846154,2.1923076923076925,1.4615384615384615,1.1538461538461537,0.19230769230769232,1.3846153846153846,26.53846153846154,0.34615384615384615,0.4057971014492754,0.28405797101449276,0.9844559585492227,0.5372049881479954,0.6569448455096736,0
0,1,11.73913043478261,5.0,1.6956521739130435,0.8260869565217391,0.13043478260869565,1.826086956521739,28.565217391304348,0.6086956521739131,0.6047619047619047,0.18571428571428572,0.8803611738148984,0.5942947702060222,0.468678901865615,0
0,3,14.181818181818182,2.6666666666666665,6.03030303030303,2.6666666666666665,0.3333333333333333,2.6363636363636362,35.90909090909091,0.9393939393939394,0.3893333333333333,0.41333333333333333,2.203765227021041,0.5279783393501806,0.5613060674913742,0
1,3,11.379310344827585,5.344827586206897,1.103448275862069,0.5517241379310345,0.20689655172413793,1.2758620689655173,26.93103448275862,0.9655172413793104,0.03187250996015936,0.41832669322709165,0.8020050125313282,0.5551816958277255,0.4617935961219543,0
0,3,11.793103448275861,2.3793103448275863,5.137931034482759,0.4482758620689655,0.10344827586206896,2.5517241379310347,31.344827586206897,1.0,0.3577981651376147,0.17737003058103976,1.9375812743823146,0.4850788607738568,0.5384362320429871,0
1,0,7.078947368421052,5.131578947368421,0.6052631578947368,0.2631578947368421,0.5789473684210527,0.6578947368421053,14.552631578947368,0.0,0.0,0.5898876404494382,0.798611111111111,0.5999107939339875,0.5244252873563219,1
0,1,12.064516129032258,3.0,1.7096774193548387,0.7741935483870968,0.12903225806451613,1.3225806451612903,29.64516129032258,0.7741935483870968,0.53125,0.3194444444444444,1.2018140589569162,0.5692888455918168,0.46307341936883195,0
0,3,8.67741935483871,1.935483870967742,3.5161290322580645,1.6774193548387097,0.03225806451612903,1.8064516129032258,29.548387096774192,0.9354838709677419,0.461864406779661,0.288135593220339,1.844331641285956,0.5057912154031288,0.4112718964204113,0
0,0,8.53125,4.40625,1.03125,0.5,0.25,2.25,23.78125,0.40625,0.2127659574468085,0.5957446808510638,0.43882978723404253,0.5752697235333782,0.4004187385501177,0
0,2,9.827586206896552,3.8620689655172415,2.7586206896551726,0.8620689655172413,0.27586206896551724,2.0344827586206895,26.620689655172413,0.6206896551724138,0.44,0.292,1.2924071082390955,0.5051042109740536,0.4710285198090076,0
0,2,11.75,4.5,1.15625,0.6875,0.03125,0.84375,32.03125,0.78125,0.7083333333333334,0.15705128205128205,1.2251655629139073,0.5636167406163809,0.4016728262983855,0
0,3,8.085714285714285,3.057142857142857,2.4571428571428573,0.6571428571428571,0.14285714285714285,1.3428571428571427,27.457142857142856,0.42857142857142855,0.35019455252918286,0.19066147859922178,1.7029702970297032,0.5079695577254452,0.38258164852255055,0
1,2,13.625,3.9,2.175,0.8,0.4,1.3,28.35,0.95,0.6641025641025641,0.2641025641025641,1.5535714285714284,0.6259762933014794,0.5553602811950791,0
0,1,9.277777777777779,4.361111111111111,1.5555555555555556,0.8888888888888888,0.6111111111111112,1.8333333333333333,23.5,0.3611111111111111,0.3801916932907348,0.19808306709265175,0.8045977011494253,0.4907723051604561,0.4590395480225989,0
0,2,10.764705882352942,3.6470588235294117,4.088235294117647,0.9411764705882353,0.14705882352941177,1.8823529411764706,29.147058823529413,0.9705882352941176,0.6086956521739131,0.34782608695652173,2.062314540059347,0.5750377073906485,0.5078439259855189,0
0,2,13.285714285714286,5.821428571428571,1.7857142857142858,1.1785714285714286,1.6428571428571428,2.0714285714285716,29.25,0.9642857142857143,0.5065359477124183,0.1895424836601307,0.8223684210526315,0.5610521235521236,0.5135069359941592,0
2,3,8.333333333333334,6.25,0.6944444444444444,1.0,1.8611111111111112,1.5,24.97222222222222,0.9722222222222222,0.0,0.6607142857142857,0.43402777777777773,0.6917542888765911,0.3600709062707733,0
1,1,15.466666666666667,5.8,1.6,0.5333333333333333,1.2666666666666666,1.8,27.566666666666666,0.9666666666666667,0.21487603305785125,0.2892561983471074,0.8421052631578947,0.5669599217986315,0.616867469879518,0
0,2,10.971428571428572,4.428571428571429,1.7428571428571429,0.8285714285714286,0.22857142857142856,1.2,33.6,0.7714285714285715,0.7030716723549488,0.13993174061433447,1.3406593406593406,0.6172839506172839,0.37727850784230604,0
0,2,11.411764705882353,2.7941176470588234,1.411764705882353,1.0294117647058822,0.14705882352941177,1.411764705882353,26.852941176470587,0.5294117647058824,0.48936170212765956,0.1398176291793313,0.9338521400778209,0.5554919253235597,0.4757747708424269,0
1,0,7.083333333333333,3.9166666666666665,0.9166666666666666,1.1111111111111112,0.4722222222222222,1.0277777777777777,24.38888888888889,0.6111111111111112,0.3317972350230415,0.30414746543778803,0.812807881773399,0.5182084213948952,0.32667876588021777,1
0,2,8.294117647058824,2.235294117647059,3.088235294117647,0.6176470588235294,0.17647058823529413,1.411764705882353,24.08823529411765,0.5294117647058824,0.06938775510204082,0.34285714285714286,2.0428015564202333,0.500070932047099,0.47057392996108943,0
1,1,15.235294117647058,7.5588235294117645,0.9411764705882353,1.1470588235294117,0.20588235294117646,1.5588235294117647,30.735294117647058,0.9705882352941176,0.37142857142857144,0.3168831168831169,0.5673758865248226,0.5904075863955502,0.5246089278901183,0
1,2,12.558823529411764,4.617647058823529,1.2352941176470589,0.5,0.17647058823529413,0.6764705882352942,29.205882352941178,0.5882352941176471,0.5266457680250783,0.30407523510971785,1.590909090909091,0.5903008184030082,0.4706945002007225,1
1,3,10.833333333333334,5.0,2.0277777777777777,0.4444444444444444,0.6111111111111112,1.6111111111111112,25.333333333333332,1.0,0.17647058823529413,0.27124183006535946,1.185064935064935,0.5693098213243023,0.5056793359545653,0
1,2,15.514285714285714,7.857142857142857,1.3714285714285714,0.7714285714285715,1.6571428571428573,1.6285714285714286,30.8,0.9142857142857143,0.15567282321899736,0.554089709762533,0.7933884297520661,0.5759439966058549,0.5464632454923717,0
1,2,15.696969696969697,6.909090909090909,2.3333333333333335,0.3333333333333333,0.5454545454545454,2.4545454545454546,29.424242424242426,0.9696969696969697,0.03409090909090909,0.4971590909090909,0.9134045077105576,0.6037296037296037,0.6106948578466591,0
0,1,14.129032258064516,3.6774193548387095,3.064516129032258,1.7419354838709677,0.3225806451612903,3.0,30.70967741935484,0.6774193548387096,0.3586626139817629,0.5045592705167173,0.9885535900104058,0.5447219182170928,0.5580567479845042,0
1,2,15.575757575757576,6.03030303030303,2.757575757575758,1.9393939393939394,0.7878787878787878,2.5454545454545454,28.12121212121212,1.0,0.27586206896551724,0.5890804597701149,1.0423825887743414,0.5864901871291648,0.6496295500912703,0
1,1,19.1875,9.90625,3.28125,1.28125,2.125,2.375,34.5,1.0,0.23667377398720682,0.43710021321961623,1.3257575757575757,0.5489985693848355,0.6493858381502889,0
1,2,17.580645161290324,6.67741935483871,1.6451612903225807,0.7741935483870968,1.032258064516129,1.967741935483871,32.03225806451613,1.0,0.23636363636363636,0.4597402597402597,0.7956318252730109,0.5887054960248876,0.598333500652545,0
0,3,9.852941176470589,5.617647058823529,1.911764705882353,0.7058823529411765,0.23529411764705882,1.0,28.11764705882353,1.0,0.7283464566929134,0.1220472440944882,1.7379679144385025,0.6258406815124795,0.4169272461955389,0
0,2,13.441176470588236,4.823529411764706,3.823529411764706,1.4705882352941178,0.47058823529411764,2.2941176470588234,33.088235294117645,1.0,0.3660477453580902,0.4270557029177719,1.5970515970515973,0.5102268667381207,0.5202056008507622,0
0,3,11.612903225806452,2.806451612903226,4.064516129032258,1.3225806451612903,0.12903225806451613,1.7741935483870968,34.70967741935484,0.967741935483871,0.6295081967213115,0.21639344262295082,2.1686746987951806,0.5388576218416956,0.45037531276063386,0
0,0,14.1875,4.65625,5.46875,0.96875,0.4375,2.9375,32.5625,0.96875,0.25,0.33152173913043476,1.8004115226337447,0.5383228988806678,0.6017986988136241,0
1,3,12.34375,6.53125,1.71875,0.9375,0.875,1.78125,29.8125,0.96875,0.1559633027522936,0.21100917431192662,0.9136212624584718,0.5526639802999775,0.4701211867948182,0
1,3,14.566666666666666,6.466666666666667,2.7,0.3,1.1333333333333333,1.4666666666666666,27.233333333333334,0.9666666666666667,0.27844311377245506,0.24550898203592814,1.723404255319149,0.5904128837008215,0.6317073170731706,0
0,3,8.272727272727273,4.333333333333333,2.272727272727273,0.7575757575757576,0.30303030303030304,1.393939393939394,27.666666666666668,1.0,0.3684210526315789,0.2631578947368421,1.5212981744421905,0.5365566037735849,0.3797882789479428,0
0,3,13.4375,3.96875,4.1875,1.75,0.125,2.4375,35.40625,1.0,0.5068493150684932,0.28493150684931506,1.650246305418719,0.5234200019476093,0.4963914803731737,0
0,2,8.34375,3.28125,1.625,1.3125,0.3125,0.9375,27.5,0.6875,0.5441176470588235,0.13970588235294118,1.5662650602409638,0.46238570241064003,0.36118659420289856,0
0,1,8.5,3.088235294117647,2.0,0.4411764705882353,0.3235294117647059,1.0,27.441176470588236,0.6176470588235294,0.45454545454545453,0.21739130434782608,1.8181818181818181,0.5212842712842713,0.3812473302007689,0
0,1,13.21875,6.59375,2.28125,1.0,0.28125,1.875,30.71875,0.96875,0.20408163265306123,0.3498542274052478,1.1550632911392404,0.5343607882769075,0.502940580004056,0
0,2,15.0,2.064516129032258,2.064516129032258,0.4838709677419355,0.03225806451612903,1.5806451612903225,32.32258064516129,1.0,0.5361111111111111,0.18333333333333332,1.2284069097888675,0.5976249228871067,0.5263157894736842,0
0,0,11.25925925925926,3.1481481481481484,4.407407407407407,1.2592592592592593,0.037037037037037035,3.1481481481481484,34.77777777777778,1.0,0.3719298245614035,0.19649122807017544,1.3568985176738881,0.4908926495284847,0.4491876393755973,0
0,2,9.90625,3.5625,1.875,1.53125,0.375,0.90625,31.09375,0.96875,0.45410628019323673,0.3864734299516908,1.8633540372670805,0.6544178364987614,0.3776798236826287,0
1,0,13.129032258064516,7.612903225806452,1.5161290322580645,0.6129032258064516,0.6451612903225806,2.5161290322580645,30.193548387096776,0.967741935483871,0.15963855421686746,0.3825301204819277,0.5795314426633785,0.5246467979787564,0.4834415930145884,0
0,0,11.875,2.40625,2.125,1.1875,0.25,1.84375,28.09375,0.90625,0.4495114006514658,0.40716612377850164,1.0932475884244373,0.5248618784530387,0.4965639547772112,0
0,0,10.625,1.90625,0.8125,1.15625,0.34375,0.84375,21.6875,0.15625,0.43986254295532645,0.27835051546391754,0.8609271523178809,0.5204506490325741,0.5249569707401033,0
0,2,12.485714285714286,3.4285714285714284,2.3714285714285714,1.0857142857142856,0.11428571428571428,1.3714285714285714,29.685714285714287,0.9714285714285714,0.5100502512562815,0.2185929648241206,1.6116504854368932,0.5008251581553131,0.49880095923261386,0
0,1,12.515151515151516,4.0606060606060606,2.484848484848485,0.9393939393939394,0.24242424242424243,1.7575757575757576,30.454545454545453,0.9696969696969697,0.4758364312267658,0.3048327137546468,1.3376835236541598,0.6768716402255146,0.49092531984528415,0
1,3,13.272727272727273,7.484848484848484,0.696969696969697,1.1515151515151516,0.9090909090909091,1.4242424242424243,28.757575757575758,1.0,0.0071174377224199285,0.501779359430605,0.4572564612326044,0.6384095149253731,0.48409114774755857,0
1,0,9.233333333333333,6.366666666666666,1.7666666666666666,1.2666666666666666,0.7,1.5666666666666667,25.133333333333333,0.03333333333333333,0.38388625592417064,0.4265402843601896,1.0599999999999998,0.5526735833998404,0.43593130779392336,1
1,3,9.264705882352942,6.529411764705882,0.7647058823529411,0.5,0.5294117647058824,1.088235294117647,28.823529411764707,0.7352941176470589,0.589622641509434,0.22169811320754718,0.6435643564356435,0.6768953068592057,0.34675615212527966,0
0,0,15.515151515151516,3.878787878787879,4.515151515151516,1.303030303030303,0.12121212121212122,4.0,31.151515151515152,1.0,0.2741514360313316,0.5456919060052219,1.101256467110126,0.538992757284824,0.640938621157762,0
0,3,16.151515151515152,3.6363636363636362,4.545454545454546,1.4545454545454546,0.30303030303030304,2.090909090909091,35.39393939393939,1.0,0.53125,0.34375,2.074688796680498,0.5564603691639523,0.5831127806710493,0
0,1,15.75,4.375,5.125,1.5,0.3125,2.78125,37.0,1.0,0.4310850439882698,0.5601173020527859,1.7787418655097613,0.5928853754940712,0.5626684636118598,0
0,2,7.888888888888889,1.1666666666666667,1.3888888888888888,0.5833333333333334,0.1111111111111111,0.8888888888888888,18.333333333333332,0.4444444444444444,0.7198443579766537,0.15953307392996108,1.404494382022472,0.5162885398487492,0.5033152501506932,0
1,3,10.81081081081081,6.621621621621622,1.6756756756756757,0.7297297297297297,0.4864864864864865,1.3243243243243243,30.7027027027027,1.0,0.32413793103448274,0.5413793103448276,1.176470588235294,0.5569789461958338,0.405369834166886,0
0,3,8.064516129032258,3.4516129032258065,0.9354838709677419,0.25806451612903225,0.1935483870967742,0.7096774193548387,22.0,0.6451612903225806,0.7795698924731183,0.21505376344086022,1.1553784860557768,0.6139489194499018,0.4072398190045249,0
1,3,8.457142857142857,4.257142857142857,2.142857142857143,0.8,1.3428571428571427,1.0285714285714285,30.257142857142856,0.9714285714285714,0.49246231155778897,0.32160804020100503,1.8987341772151898,0.6515231554851206,0.34917647058823525,0
0,3,13.785714285714286,5.071428571428571,1.5357142857142858,1.3928571428571428,0.42857142857142855,1.9285714285714286,31.071428571428573,1.0,0.3311897106109325,0.5016077170418006,0.7570422535211269,0.5083763565483089,0.49152153987167735,0
1,3,9.451612903225806,6.903225806451613,1.8387096774193548,1.3870967741935485,1.1612903225806452,1.4838709677419355,28.774193548387096,0.967741935483871,0.2786259541984733,0.2480916030534351,1.160896130346232,0.5041293874741913,0.39101776337839345,0
0,3,8.84375,2.09375,2.84375,0.5625,0.09375,1.4375,20.71875,0.0,0.4663677130044843,0.30493273542600896,1.8495934959349591,0.5594654436185355,0.5613929750825577,0
0,3,6.641025641025641,3.1794871794871793,0.5897435897435898,0.8461538461538461,0.38461538461538464,0.8461538461538461,17.974358974358974,0.3333333333333333,0.5849056603773585,0.25471698113207547,0.6233062330623307,0.5492874109263658,0.40005674563767907,0
0,3,13.458333333333334,3.1666666666666665,5.0,1.625,0.08333333333333333,2.75,29.458333333333332,0.8333333333333334,0.4827586206896552,0.5467980295566502,1.7543859649122806,0.6412801778907242,0.6244713842683959,0
0,2,11.777777777777779,2.8055555555555554,6.055555555555555,1.7222222222222223,0.08333333333333333,2.1666666666666665,31.61111111111111,0.8333333333333334,0.6129032258064516,0.3489736070381232,2.6715686274509802,0.5389465121008745,0.5623686054660126,0
1,3,9.428571428571429,6.828571428571428,2.914285714285714,2.085714285714286,0.7428571428571429,2.2,28.8,1.0,0.10952380952380952,0.5666666666666667,1.2670807453416146,0.628906845555725,0.42708848245180425,0
1,3,7.378378378378378,6.675675675675675,0.4864864864864865,0.4594594594594595,1.7297297297297298,1.162162162162162,23.81081081081081,1.0,0.03977272727272727,0.44886363636363635,0.3854389721627409,0.647656101727083,0.3289250593421499,0
0,3,11.382352941176471,2.088235294117647,1.2941176470588236,0.7941176470588235,0.058823529411764705,0.7941176470588235,32.911764705882355,1.0,0.6996699669966997,0.12871287128712872,1.4473684210526319,0.6043853073463268,0.3839985744832502,0
0,1,17.314285714285713,3.0,7.0285714285714285,1.457142857142857,0.11428571428571428,1.9714285714285715,36.8,1.0,0.36199095022624433,0.4411764705882353,3.3931034482758617,0.5740810913224706,0.6596980255516841,1
0,0,12.777777777777779,5.055555555555555,3.9166666666666665,2.0555555555555554,0.6111111111111112,3.0277777777777777,34.861111111111114,1.0,0.2826747720364742,0.5775075987841946,1.2522202486678509,0.5574406204556471,0.4775146988717623,1
2,2,10.9,6.566666666666666,0.6,0.4666666666666667,0.5666666666666667,1.3666666666666667,24.766666666666666,0.8666666666666667,0.0,0.5112107623318386,0.40909090909090906,0.5985503001903646,0.4624664879356568,0
0,2,16.310344827586206,2.0689655172413794,3.793103448275862,1.206896551724138,0.0,2.0,33.6551724137931,0.9655172413793104,0.49142857142857144,0.3914285714285714,1.80623973727422,0.5764356049527153,0.5955664521401572,0
1,0,13.0,6.62962962962963,0.7777777777777778,0.25925925925925924,0.48148148148148145,1.5925925925925926,29.703703703703702,1.0,0.2896825396825397,0.42063492063492064,0.45951859956236324,0.5876640771497456,0.4622840810239841,0
1,1,15.487179487179487,5.948717948717949,1.8974358974358974,0.6153846153846154,1.1025641025641026,2.230769230769231,33.07692307692308,1.0,0.1891348088531187,0.323943661971831,0.814081408140814,0.531839954916878,0.5239972177138881,0
2,0,6.897435897435898,5.615384615384615,0.46153846153846156,0.41025641025641024,1.794871794871795,1.0256410256410255,13.102564102564102,0.0,0.005847953216374269,0.5087719298245614,0.4100227790432802,0.6426796636085627,0.5573897844241601,0
1,2,8.40625,5.21875,1.375,0.84375,0.53125,1.90625,25.21875,0.59375,0.013043478260869565,0.34347826086956523,0.6853582554517134,0.5080072518507328,0.38632436435448037,0
0,2,14.368421052631579,4.394736842105263,2.8947368421052633,1.4210526315789473,0.21052631578947367,2.026315789473684,33.473684210526315,1.0,0.44761904761904764,0.3761904761904762,1.3613861386138615,0.5576891648962249,0.5141871766734598,0
0,2,9.576923076923077,2.8461538461538463,4.346153846153846,2.0,0.19230769230769232,2.6538461538461537,27.346153846153847,0.6153846153846154,0.13877551020408163,0.17959183673469387,1.578212290502793,0.4709487063095778,0.507286995515695,0
0,1,13.083333333333334,3.1666666666666665,4.583333333333333,0.9583333333333334,0.08333333333333333,2.625,31.541666666666668,1.0,0.14338235294117646,0.3713235294117647,1.6819571865443423,0.49614460877259514,0.5583355280484593,0
0,3,11.5,2.8333333333333335,1.2222222222222223,0.6944444444444444,0.4166666666666667,1.1666666666666667,30.305555555555557,0.9444444444444444,0.6328358208955224,0.2835820895522388,0.9649122807017544,0.5493630573248407,0.4184176868262378,0
0,3,10.333333333333334,2.393939393939394,1.3333333333333333,1.0303030303030303,0.030303030303030304,0.8181818181818182,26.848484848484848,1.0,0.6290322580645161,0.32661290322580644,1.452145214521452,0.6011140882809195,0.4329247722928146,0
1,1,13.86111111111111,6.222222222222222,2.25,1.0833333333333333,0.6944444444444444,2.138888888888889,24.583333333333332,0.9722222222222222,0.1046831955922865,0.39944903581267216,1.0049627791563276,0.5845829428303655,0.6527121314427189,0
0,3,9.25,2.5,5.6875,1.34375,0.125,2.15625,29.28125,1.0,0.252212389380531,0.5530973451327433,2.520775623268698,0.5266903914590747,0.5084024675600936,0
0,1,11.714285714285714,3.0,1.542857142857143,0.37142857142857144,0.08571428571428572,1.4857142857142858,27.02857142857143,1.0,0.307909604519774,0.2062146892655367,0.9729729729729729,0.5309230291101212,0.48867825171142704,0
1,3,11.61111111111111,3.8055555555555554,1.1388888888888888,0.6944444444444444,0.2777777777777778,1.0,28.86111111111111,1.0,0.5718562874251497,0.19760479041916168,1.0353535353535352,0.5756941383869546,0.44024553999616345,0
0,3,9.935483870967742,3.193548387096774,2.6129032258064515,0.9032258064516129,0.22580645161290322,1.096774193548387,33.58064516129032,1.0,0.7786561264822134,0.08300395256916997,2.183288409703504,0.587248322147651,0.37256967723398143,0
1,0,7.833333333333333,6.416666666666667,0.3611111111111111,0.7777777777777778,1.8611111111111112,1.9722222222222223,26.47222222222222,1.0,0.0,0.6208791208791209,0.17426273458445038,0.6084930088037286,0.3083838595024043,0
1,1,9.735294117647058,6.882352941176471,1.0294117647058822,1.0588235294117647,1.3823529411764706,1.8823529411764706,24.470588235294116,0.9411764705882353,0.0,0.5107296137339056,0.5192878338278931,0.5799691617605831,0.4381134785731386,0
1,3,15.0,6.366666666666666,3.0,1.0333333333333334,0.9666666666666667,2.2,33.4,1.0,0.43832020997375326,0.30708661417322836,1.3043478260869563,0.5202552719200888,0.5373134328358209,0
0,3,8.4375,4.375,2.71875,1.25,0.375,1.90625,29.3125,1.0,0.4393939393939394,0.3787878787878788,1.355140186915888,0.5844155844155844,0.37930301742456435,0
0,0,10.5,2.1875,3.25,0.8125,0.28125,2.15625,33.8125,0.9375,0.535593220338983,0.23728813559322035,1.440443213296399,0.5156537753222836,0.40545521562845555,0
0,3,8.93939393939394,2.6363636363636362,3.6666666666666665,0.9696969696969697,0.18181818181818182,1.5151515151515151,29.575757575757574,1.0,0.35080645161290325,0.3467741935483871,2.270168855534709,0.516022949902043,0.42479321964668637,0
1,2,17.352941176470587,15.147058823529411,1.0588235294117647,1.7647058823529411,1.6176470588235294,1.911764705882353,31.852941176470587,1.0,0.0,0.4198473282442748,0.5263157894736842,0.6335910652920962,0.5762150220913107,0
0,1,12.228571428571428,2.8285714285714287,2.8285714285714287,1.4857142857142858,0.05714285714285714,1.4857142857142858,32.114285714285714,1.0,0.41687344913151364,0.1935483870967742,1.7837837837837838,0.48934418732278423,0.4674057649667406,0
2,3,13.647058823529411,11.823529411764707,2.764705882352941,0.7647058823529411,0.6764705882352942,2.5,30.852941176470587,1.0,0.005405405405405406,0.3972972972972973,1.0633484162895928,0.533725959326401,0.5302166476624857,0
1,1,13.352941176470589,7.323529411764706,1.2941176470588236,0.6176470588235294,0.8235294117647058,1.1176470588235294,31.676470588235293,1.0,0.05396825396825397,0.526984126984127,1.0628019323671498,0.5849912380166993,0.4609403924472418,0
1,1,7.9375,3.375,0.59375,0.53125,0.71875,1.21875,21.53125,0.65625,0.32727272727272727,0.6606060606060606,0.45023696682464454,0.5963561232156274,0.39439468361745156,0
1,3,9.514285714285714,4.2,1.0285714285714285,0.8285714285714286,2.0285714285714285,1.5714285714285714,26.34285714285714,0.7714285714285715,0.0,0.4698275862068966,0.6153846153846153,0.5947278182597514,0.3987034035656402,0
0,3,13.594594594594595,3.864864864864865,2.4594594594594597,1.2972972972972974,0.05405405405405406,2.027027027027027,32.62162162162162,1.0,0.6699507389162561,0.15024630541871922,1.1562897077509529,0.5810461140375197,0.4906252581151401,0
1,0,11.696969696969697,6.818181818181818,0.8787878787878788,0.42424242424242425,1.2121212121212122,1.2424242424242424,26.666666666666668,1.0,0.24067796610169492,0.39661016949152544,0.6546275395033859,0.5570307088432233,0.46982905015283594,0
2,3,13.642857142857142,6.678571428571429,1.2142857142857142,0.75,0.4642857142857143,2.4285714285714284,27.178571428571427,0.9642857142857143,0.12048192771084337,0.4578313253012048,0.48022598870056493,0.6384543388153496,0.5446451950772453,0
1,1,12.344827586206897,7.827586206896552,0.7931034482758621,0.6551724137931034,0.896551724137931,1.4137931034482758,22.655172413793103,0.9655172413793104,0.0045871559633027525,0.5825688073394495,0.5239179954441914,0.6535709069665547,0.577360206091832,0
1,2,12.03225806451613,4.451612903225806,1.1290322580645162,0.8709677419354839,0.5806451612903226,1.4516129032258065,26.64516129032258,1.0,0.5749128919860628,0.18118466898954705,0.7276507276507277,0.6018458758228992,0.4920998673260162,0
0,0,10.92,3.44,4.28,2.6,0.04,2.32,31.04,0.96,0.2815126050420168,0.21428571428571427,1.7685950413223142,0.5241130394716633,0.4881181759794476,0
0,0,7.588235294117647,2.7058823529411766,1.7352941176470589,0.9411764705882353,0.058823529411764705,1.4411764705882353,26.647058823529413,0.8235294117647058,0.43243243243243246,0.3333333333333333,1.1259541984732824,0.5067567567567568,0.3485814822960193,0
1,1,11.441176470588236,7.205882352941177,1.0,0.7941176470588235,1.2352941176470589,1.911764705882353,27.029411764705884,0.9705882352941176,0.0,0.548,0.4970760233918129,0.6268531648833312,0.4585862966175195,0
0,0,12.46875,1.75,3.09375,1.6875,0.03125,2.21875,26.3125,0.5,0.5086705202312138,0.26011560693641617,1.3342318059299192,0.5173755186721991,0.5892096545196402,0
0,3,12.53125,3.0625,3.0625,1.40625,0.34375,2.1875,29.8125,0.90625,0.3466135458167331,0.41832669322709165,1.3387978142076502,0.6746298788694483,0.5213121604680317,0
0,3,14.027027027027026,4.648648648648648,3.6486486486486487,0.918918918918919,0.2702702702702703,2.027027027027027,32.78378378378378,1.0,0.6330275229357798,0.4923547400611621,1.715374841168996,0.6522722702594007,0.5375195200131503,0
0,2,7.875,2.375,1.5625,0.65625,0.09375,2.1875,26.28125,0.8125,0.5350877192982456,0.34649122807017546,0.6830601092896175,0.4795250418632973,0.3577351338545368,0
1,2,8.323529411764707,3.0588235294117645,1.2352941176470589,0.5294117647058824,0.14705882352941177,1.1764705882352942,30.176470588235293,0.9117647058823529,0.27710843373493976,0.26104417670682734,0.9677419354838709,0.5097262247838616,0.31571789391878763,0
0,3,15.848484848484848,2.757575757575758,4.666666666666667,1.8484848484848484,0.15151515151515152,2.5757575757575757,34.39393939393939,1.0,0.5404040404040404,0.28535353535353536,1.7440543601359004,0.5866911962667145,0.594746551875604,0
0,2,11.272727272727273,2.8484848484848486,2.272727272727273,0.9090909090909091,0.030303030303030304,1.6363636363636365,29.696969696969695,0.7575757575757576,0.717687074829932,0.20068027210884354,1.3089005235602094,0.5813226653331667,0.4545916810739348,0
0,3,11.275862068965518,3.1379310344827585,4.103448275862069,1.3793103448275863,0.0,2.6206896551724137,32.41379310344828,0.9655172413793104,0.49110320284697506,0.26334519572953735,1.508238276299113,0.5214313050133945,0.47300880263018347,0
0,3,14.67741935483871,4.645161290322581,2.096774193548387,0.7741935483870968,0.12903225806451613,1.935483870967742,33.354838709677416,0.9354838709677419,0.5463659147869674,0.2731829573934837,1.0301109350237716,0.5089940934311795,0.5013981293992865,0
1,3,10.61111111111111,5.416666666666667,1.8611111111111112,1.0833333333333333,0.5555555555555556,1.6666666666666667,28.38888888888889,1.0,0.05860805860805861,0.4835164835164835,1.0534591194968552,0.5768998429382627,0.43779251170046796,0
1,2,8.0625,4.75,0.6875,0.65625,0.75,0.75,18.59375,0.125,0.11794871794871795,0.27692307692307694,0.8088235294117647,0.589687328579265,0.46807087930458036,0
0,3,18.848484848484848,3.4545454545454546,6.424242424242424,1.7575757575757576,0.06060606060606061,3.4242424242424243,36.666666666666664,1.0,0.4908256880733945,0.48394495412844035,1.8228718830610489,0.5880795703804553,0.6873815214703701,0
0,2,11.142857142857142,2.7714285714285714,1.4,1.0,0.2571428571428571,1.2285714285714286,29.542857142857144,0.9714285714285714,0.5014005602240896,0.21008403361344538,1.0537634408602148,0.5,0.42313253012048185,0
0,3,8.911764705882353,2.264705882352941,6.529411764705882,1.588235294117647,0.08823529411764706,2.2941176470588234,32.44117647058823,1.0,0.46558704453441296,0.3603238866396761,2.7272727272727275,0.5294240984064859,0.4745119305856833,0
1,3,11.078947368421053,6.5,1.4473684210526316,0.8157894736842105,0.6842105263157895,1.5263157894736843,29.63157894736842,0.9736842105263158,0.3322784810126582,0.3860759493670886,0.889967637540453,0.569411382817572,0.42131350681536556,0
0,3,23.580645161290324,3.225806451612903,4.290322580645161,1.4838709677419355,0.0967741935483871,3.806451612903226,34.58064516129032,1.0,0.5343811394891945,0.5029469548133595,1.098265895953757,0.5879608776783991,0.8036461724490745,0
0,3,21.387096774193548,7.129032258064516,2.774193548387097,2.129032258064516,0.967741935483871,2.4516129032258065,33.903225806451616,1.0,0.33712984054669703,0.5899772209567198,1.0872313527180784,0.5995008680555555,0.7105587705151313,1
0,3,13.28125,2.34375,3.34375,0.78125,0.125,2.75,28.90625,0.15625,0.4199288256227758,0.35587188612099646,1.1732456140350878,0.6538461538461539,0.5731523378582202,0
0,2,7.7272727272727275,1.3636363636363635,2.393939393939394,0.8484848484848485,0.06060606060606061,0.9393939393939394,25.363636363636363,0.7575757575757576,0.5,0.18421052631578946,2.3032069970845477,0.5172833495618306,0.3974770915149351,0
1,1,20.323529411764707,9.176470588235293,1.6470588235294117,0.5588235294117647,1.8529411764705883,2.4705882352941178,28.647058823529413,1.0,0.0022675736961451248,0.6689342403628118,0.6407322654462242,0.6052908199018922,0.7642725598526704,0
1,2,9.142857142857142,5.857142857142857,1.457142857142857,0.9142857142857143,0.4,1.6571428571428573,30.542857142857144,1.0,0.19796954314720813,0.5634517766497462,0.8292682926829267,0.6508298080052066,0.3459207459207459,0
0,2,9.407407407407407,2.4814814814814814,1.3333333333333333,0.8148148148148148,0.14814814814814814,0.9259259259259259,25.555555555555557,0.48148148148148145,0.6981981981981982,0.23423423423423423,1.2996389891696751,0.5186213655668083,0.4186516529522159,0
0,3,15.235294117647058,4.794117647058823,4.176470588235294,0.9117647058823529,0.14705882352941177,2.6176470588235294,33.1764705882353,1.0,0.14460784313725492,0.29901960784313725,1.5367965367965368,0.5609946283139837,0.5833480643450591,0
0,1,12.515151515151516,4.212121212121212,3.515151515151515,0.5454545454545454,0.0,1.7272727272727273,30.515151515151516,0.6666666666666666,0.36721311475409835,0.26885245901639343,1.923714759535655,0.6054298111879911,0.5236068494506582,0
0,0,11.058823529411764,3.264705882352941,2.3823529411764706,1.2941176470588236,0.11764705882352941,1.8529411764705883,29.88235294117647,0.5294117647058824,0.3707865168539326,0.2443820224719101,1.219879518072289,0.47681850461600894,0.44830292328820875,0
0,3,10.314285714285715,3.8285714285714287,0.9714285714285714,0.6857142857142857,0.2,1.2571428571428571,27.6,0.08571428571428572,0.5486111111111112,0.2361111111111111,0.7157894736842105,0.5677528938097635,0.407426508509541,0
1,1,9.542857142857143,5.4,1.457142857142857,1.1714285714285715,0.6571428571428571,1.7428571428571429,23.514285714285716,0.4857142857142857,0.4015151515151515,0.42045454545454547,0.7906976744186046,0.5338192047052805,0.4658197217180883,0
1,3,19.676470588235293,6.529411764705882,0.8529411764705882,1.3529411764705883,0.47058823529411764,2.0,36.970588235294116,1.0,0.36627906976744184,0.3701550387596899,0.40616246498599434,0.557462835810946,0.5537924468422722,0
1,0,10.85,8.025,0.75,0.65,1.475,1.0,28.125,0.975,0.44642857142857145,0.20833333333333334,0.6818181818181818,0.5916030534351144,0.41098317094774134,1
0,3,11.717948717948717,2.7435897435897436,1.9230769230769231,1.2820512820512822,0.20512820512820512,1.4871794871794872,28.615384615384617,1.0,0.6005361930294906,0.24932975871313673,1.2116316639741518,0.5520390413606494,0.4750424145012947,0
0,3,10.054054054054054,1.9189189189189189,2.5405405405405403,0.8108108108108109,0.10810810810810811,1.0810810810810811,26.135135135135137,1.0,0.44482758620689655,0.3,2.1510297482837526,0.5665894967710492,0.48006593180179247,0
0,2,16.848484848484848,3.606060606060606,3.6666666666666665,1.0909090909090908,0.15151515151515152,3.0303030303030303,32.09090909090909,1.0,0.4430992736077482,0.423728813559322,1.1713455953533398,0.5673469387755102,0.6372964322696036,0
0,3,8.7,2.566666666666667,2.2,0.7333333333333333,0.16666666666666666,2.1333333333333333,23.666666666666668,0.3,0.45893719806763283,0.3671497584541063,0.9850746268656717,0.5427549492596906,0.45862552594670397,0
1,3,10.628571428571428,5.285714285714286,1.0571428571428572,0.37142857142857144,1.542857142857143,1.0,21.82857142857143,0.6285714285714286,0.00423728813559322,0.3305084745762712,0.961038961038961,0.6880733944954128,0.5328990228013029,0
0,2,10.363636363636363,3.3333333333333335,0.9393939393939394,0.5151515151515151,0.3333333333333333,0.8181818181818182,26.757575757575758,0.6666666666666666,0.5498154981549815,0.16974169741697417,1.023102310231023,0.5871446229913473,0.420850727744556,0
1,0,9.06060606060606,7.333333333333333,0.9696969696969697,0.9090909090909091,1.0909090909090908,1.0909090909090908,24.393939393939394,0.6666666666666666,0.03867403314917127,0.5248618784530387,0.8142493638676845,0.6710053859964094,0.409501422739082,0
1,3,14.46875,7.71875,1.25,1.0,1.03125,1.90625,27.75,1.0,0.39009287925696595,0.5015479876160991,0.6230529595015576,0.5871461905245003,0.5644075403949731,0
0,3,15.352941176470589,3.3529411764705883,2.4705882352941178,1.0588235294117647,0.14705882352941177,2.235294117647059,26.029411764705884,1.0,0.4790697674418605,0.21627906976744185,1.057934508816121,0.5542342648432854,0.6821251688428636,0
1,3,12.294117647058824,6.235294117647059,2.8823529411764706,1.0588235294117647,0.5588235294117647,2.2058823529411766,29.58823529411765,1.0,0.11400651465798045,0.3583061889250814,1.2499999999999998,0.5880697805289815,0.5111947691698039,0
2,0,9.290322580645162,9.838709677419354,0.8709677419354839,0.5161290322580645,1.2580645161290323,1.2580645161290323,28.161290322580644,0.9354838709677419,0.0045871559633027525,0.5091743119266054,0.6413301662707838,0.5396492280017988,0.35954799680401783,0
1,3,10.066666666666666,6.333333333333333,1.3666666666666667,0.8,0.9,1.7,28.833333333333332,1.0,0.004032258064516129,0.29838709677419356,0.7592592592592593,0.5382092956943256,0.3951612903225806,0
0,3,10.741935483870968,1.8064516129032258,1.5483870967741935,1.3548387096774193,0.03225806451612903,0.9032258064516129,26.806451612903224,1.0,0.6372881355932203,0.0847457627118644,1.5434083601286175,0.5441176470588235,0.4567797626183911,0
2,2,10.78125,8.65625,1.0,0.34375,1.34375,0.4375,25.0625,1.0,0.003875968992248062,0.1821705426356589,1.8604651162790697,0.6189895220324386,0.4682066567312469,0
1,3,13.333333333333334,7.363636363636363,4.606060606060606,1.4545454545454546,0.8181818181818182,2.8181818181818183,33.24242424242424,1.0,0.12422360248447205,0.30745341614906835,1.5784008307372792,0.6018163912900755,0.5380350813414524,0
1,2,11.125,6.791666666666667,1.75,0.5833333333333334,0.7083333333333334,1.3333333333333333,27.708333333333332,1.0,0.3055555555555556,0.1712962962962963,1.2209302325581395,0.5747373859135526,0.46299071021875937,0
0,2,18.058823529411764,6.5588235294117645,3.2941176470588234,1.2352941176470589,0.4411764705882353,2.2058823529411766,35.14705882352941,0.9705882352941176,0.2681818181818182,0.5340909090909091,1.4285714285714284,0.5649613544350387,0.6058077436582109,0
0,3,9.35483870967742,4.064516129032258,0.9354838709677419,1.2903225806451613,0.6774193548387096,1.4516129032258065,30.29032258064516,1.0,0.5053003533568905,0.26855123674911663,0.6029106029106028,0.4582227278473012,0.3386052436047129,0
0,3,16.771428571428572,3.7714285714285714,3.257142857142857,0.9428571428571428,0.0,1.7714285714285714,32.142857142857146,1.0,0.49061032863849763,0.31220657276995306,1.7404580152671756,0.6057541484355651,0.6211785556047851,0
0,3,10.705882352941176,7.0,2.3529411764705883,2.0,0.7352941176470589,2.1176470588235294,30.647058823529413,0.9705882352941176,0.35379061371841153,0.4223826714801444,1.0610079575596816,0.5540672187043351,0.4247178113640711,0
1,1,19.11111111111111,9.0,1.4444444444444444,0.7407407407407407,1.4074074074074074,2.185185185185185,34.25925925925926,1.0,0.0,0.6468926553672316,0.6320907617504051,0.5673322191925412,0.5982537458230031,0
0,3,12.75,4.055555555555555,3.7222222222222223,0.9444444444444444,0.2222222222222222,1.8888888888888888,30.083333333333332,1.0,0.34394904458598724,0.36942675159235666,1.8715083798882681,0.6286982248520709,0.5457390023927848,1
1,2,17.366666666666667,6.566666666666666,1.9333333333333333,0.5,0.9666666666666667,2.3333333333333335,32.96666666666667,1.0,0.4429347826086957,0.3342391304347826,0.7945205479452054,0.6171230929593481,0.5836693548387096,0
2,3,12.027777777777779,7.694444444444445,1.3611111111111112,0.6388888888888888,2.5833333333333335,1.9444444444444444,27.75,1.0,0.050156739811912224,0.5297805642633229,0.6657608695652175,0.5503864144803742,0.4807500498703371,0
0,2,8.147058823529411,2.4705882352941178,1.6764705882352942,0.9117647058823529,0.029411764705882353,1.5588235294117647,23.941176470588236,0.6176470588235294,0.5063291139240507,0.270042194092827,1.0106382978723405,0.5223261427062905,0.4086126743332517,0
0,0,8.612903225806452,2.4838709677419355,1.8064516129032258,1.4838709677419355,0.2903225806451613,1.6451612903225807,29.06451612903226,0.9354838709677419,0.4063926940639269,0.3561643835616438,1.0351201478743066,0.5270014211274278,0.357261364893264,0
1,1,9.096774193548388,2.2903225806451615,0.8387096774193549,0.9032258064516129,0.3870967741935484,0.7741935483870968,21.741935483870968,0.3225806451612903,0.5806451612903226,0.271889400921659,0.9594095940959411,0.5803424432005269,0.45488111061881553,0
0,2,7.153846153846154,2.4358974358974357,1.4871794871794872,0.6666666666666666,0.1794871794871795,0.7948717948717948,23.82051282051282,0.10256410256410256,0.5069124423963134,0.2304147465437788,1.6618911174785103,0.5836820083682008,0.3612391467467039,0
0,3,11.405405405405405,6.486486486486487,2.5405405405405403,0.6756756756756757,0.32432432432432434,1.7567567567567568,31.72972972972973,0.972972972972973,0.2646048109965636,0.4261168384879725,1.368267831149927,0.6106030790600764,0.438142141462172,1
0,1,12.516129032258064,2.4193548387096775,1.7419354838709677,0.967741935483871,0.16129032258064516,1.967741935483871,28.612903225806452,0.7096774193548387,0.4376731301939058,0.18005540166204986,0.8424336973478939,0.4979466119096509,0.49657341871699806,0
0,0,9.9375,2.84375,1.03125,0.84375,0.1875,1.5,23.0,0.53125,0.372,0.332,0.64453125,0.5549350830657546,0.4748376623376623,0
0,2,11.090909090909092,2.909090909090909,4.090909090909091,1.3333333333333333,0.24242424242424243,2.727272727272727,32.06060606060606,1.0,0.3488372093023256,0.2691029900332226,1.4469453376205788,0.5436074144486692,0.47206256477904457,0
1,2,10.13888888888889,9.444444444444445,2.2222222222222223,0.5833333333333334,0.5,1.25,27.47222222222222,1.0,0.20164609053497942,0.38271604938271603,1.646090534979424,0.6427867004790081,0.44831754986903083,0
0,1,16.16216216216216,3.7837837837837838,1.2702702702702702,0.7027027027027027,0.5135135135135135,1.3513513513513513,29.35135135135135,1.0,0.6314606741573033,0.31685393258426964,0.8752327746741153,0.5896970653202903,0.5919060291823437,1
0,2,8.363636363636363,2.6666666666666665,1.3636363636363635,1.2424242424242424,0.18181818181818182,0.9696969696969697,32.09090909090909,1.0,0.5581395348837209,0.3209302325581395,1.2747875354107647,0.5624388653407238,0.3021745269697825,0
1,1,10.75,5.722222222222222,1.4166666666666667,0.3333333333333333,0.4444444444444444,1.9722222222222223,24.083333333333332,0.9722222222222222,0.17288135593220338,0.36271186440677966,0.6836461126005362,0.5656571562207671,0.5031013094417642,0
0,3,21.71875,4.1875,4.25,2.15625,0.53125,2.40625,36.125,1.0,0.1054481546572935,0.38488576449912126,1.6957605985037405,0.5222736563664783,0.7168737060041408,0
0,2,10.851851851851851,3.111111111111111,5.481481481481482,1.4074074074074074,0.07407407407407407,2.4444444444444446,32.370370370370374,0.7777777777777778,0.17843866171003717,0.21561338289962825,2.1542940320232895,0.4974195300828467,0.5030226987567011,0
1,2,21.21875,9.65625,2.0625,0.96875,1.03125,2.75,33.3125,1.0,0.1944990176817289,0.36345776031434185,0.7236842105263158,0.5750338753387534,0.6967826412270857,0
0,1,10.451612903225806,3.096774193548387,1.7741935483870968,2.096774193548387,0.7096774193548387,2.032258064516129,29.93548387096774,1.0,0.5019157088122606,0.1685823754789272,0.832072617246596,0.5778285062063061,0.40704543013639777,0
1,1,7.382352941176471,5.735294117647059,0.7647058823529411,0.7647058823529411,1.1176470588235294,0.7941176470588235,23.764705882352942,0.5882352941176471,0.3333333333333333,0.4722222222222222,0.8552631578947368,0.577276908923643,0.34138526004436776,0
1,1,13.935483870967742,4.935483870967742,1.1612903225806452,1.2258064516129032,0.2903225806451613,1.5483870967741935,30.225806451612904,0.6129032258064516,0.5842696629213483,0.1853932584269663,0.7045009784735813,0.5609806773322252,0.49781938091692374,0
0,3,14.75,3.28125,1.3125,0.8125,0.25,1.5,24.78125,0.40625,0.4641638225255973,0.726962457337884,0.8203125,0.6102606537029375,0.6455664405928159,0
1,3,13.771428571428572,7.771428571428571,1.5142857142857142,0.9142857142857143,0.34285714285714286,1.8571428571428572,34.91428571428571,1.0,0.5477386934673367,0.17587939698492464,0.7737226277372262,0.5620335820895522,0.4365565075479397,0
0,3,10.451612903225806,2.6774193548387095,5.354838709677419,1.3548387096774193,0.22580645161290322,3.129032258064516,32.193548387096776,1.0,0.3525641025641026,0.25,1.6583416583416584,0.4677754677754678,0.48946159224852653,0
0,2,11.59375,1.8125,2.28125,0.65625,0.03125,1.3125,20.84375,0.28125,0.691304347826087,0.41304347826086957,1.6150442477876106,0.6824871228844739,0.6624888093106535,0
1,0,19.151515151515152,11.757575757575758,4.787878787878788,1.9696969696969697,0.8181818181818182,3.3636363636363638,34.878787878787875,0.9696969696969697,0.007772020725388601,0.7694300518134715,1.3823272090988625,0.6115971200743205,0.6843974703283376,1
0,1,14.147058823529411,2.6176470588235294,1.4705882352941178,1.0294117647058822,0.029411764705882353,1.2352941176470589,32.411764705882355,0.9705882352941176,0.49417249417249415,0.11888111888111888,1.1013215859030836,0.5327396774765196,0.48036909715939924,0
1,3,12.966666666666667,6.4,1.1,0.9333333333333333,0.7,2.6333333333333333,31.0,0.9666666666666667,0.1329639889196676,0.3157894736842105,0.4024390243902439,0.4730518532931219,0.4523043944265809,0
0,3,9.529411764705882,3.4411764705882355,1.7647058823529411,1.0294117647058822,0.38235294117647056,1.3235294117647058,27.441176470588236,0.9411764705882353,0.636986301369863,0.18493150684931506,1.2396694214876032,0.5130478844692171,0.4100811618966253,0
0,3,9.27027027027027,3.081081081081081,2.2432432432432434,1.054054054054054,0.13513513513513514,0.972972972972973,30.72972972972973,1.0,0.5674740484429066,0.1903114186851211,2.0906801007556672,0.54757343550447,0.37345489611641974,0
1,1,15.17142857142857,6.0285714285714285,1.8857142857142857,0.6,1.2571428571428571,2.1142857142857143,28.8,1.0,0.06459948320413436,0.5478036175710594,0.8516129032258064,0.5528025318564171,0.5902125556104795,0
0,2,9.17142857142857,2.857142857142857,1.7714285714285714,0.9142857142857143,0.2,1.4,24.142857142857142,1.0,0.41304347826086957,0.2427536231884058,1.180952380952381,0.5254026450176771,0.45138479670005893,0
1,3,14.956521739130435,8.08695652173913,1.2608695652173914,0.6521739130434783,0.391304347826087,2.5652173913043477,28.130434782608695,0.8260869565217391,0.0,0.7085201793721974,0.47308319738988586,0.5879939833173801,0.574464808255044,0
1,1,10.805555555555555,7.638888888888889,0.6666666666666666,0.4166666666666667,3.2222222222222223,1.25,25.416666666666668,1.0,0.0,0.32894736842105265,0.4938271604938271,0.5589080459770115,0.44959721315044626,0
1,1,7.875,4.09375,0.875,0.4375,0.9375,1.8125,22.21875,0.625,0.1813186813186813,0.45054945054945056,0.45751633986928103,0.5777696258253853,0.39204704564547743,0
2,3,10.64864864864865,7.027027027027027,2.2162162162162162,0.32432432432432434,0.13513513513513514,2.5945945945945947,27.81081081081081,0.972972972972973,0.0,0.43223443223443225,0.8224674022066198,0.6063030899913825,0.4609276653432749,0
1,0,11.482758620689655,4.689655172413793,1.7586206896551724,1.4137931034482758,0.1724137931034483,1.5517241379310345,28.655172413793103,0.8620689655172413,0.6557377049180327,0.3729508196721312,1.0647181628392484,0.5861850443599492,0.46048686892912816,0
1,0,9.93939393939394,5.090909090909091,1.121212121212121,0.6060606060606061,0.5151515151515151,0.9393939393939394,26.393939393939394,0.9393939393939394,0.34765625,0.4765625,1.0787172011661805,0.5295789201756652,0.4174768386137481,0
1,3,12.548387096774194,5.935483870967742,1.3548387096774193,0.5161290322580645,0.7419354838709677,1.3548387096774193,22.161290322580644,0.6451612903225806,0.3607142857142857,0.2892857142857143,0.9312638580931263,0.6162083386136105,0.6245471670772352,0
2,2,10.86111111111111,5.472222222222222,0.4444444444444444,0.3055555555555556,0.4444444444444444,1.0833333333333333,22.833333333333332,0.9444444444444444,0.006779661016949152,0.2745762711864407,0.3755868544600939,0.5912775223808372,0.4929748062015504,0
0,0,13.5,4.125,3.65625,0.8125,0.25,2.78125,33.0625,1.0,0.27543424317617865,0.18858560794044665,1.2689804772234272,0.4949133901567226,0.5173388616660384,1
0,3,12.222222222222221,2.111111111111111,2.6944444444444446,1.0,0.05555555555555555,1.9722222222222223,33.05555555555556,1.0,0.5409836065573771,0.2814207650273224,1.3002680965147453,0.5348633667217738,0.44989946380697043,0
0,2,19.147058823529413,5.5588235294117645,2.1176470588235294,1.3529411764705883,0.058823529411764705,1.5588235294117647,32.205882352941174,1.0,0.555793991416309,0.3927038626609442,1.276595744680851,0.5955866208007027,0.6582301529497452,0
0,2,14.233333333333333,2.933333333333333,1.9,1.4,0.03333333333333333,2.0,31.433333333333334,0.7,0.27648578811369506,0.5090439276485789,0.9047619047619047,0.4507262286775882,0.5116279069767441,0
0,0,9.885714285714286,1.9428571428571428,4.0,1.0285714285714285,0.14285714285714285,2.6857142857142855,29.485714285714284,0.9714285714285714,0.47333333333333333,0.25666666666666665,1.435897435897436,0.5181502336168683,0.46933848382423954,0
0,2,17.454545454545453,6.575757575757576,1.2121212121212122,0.8787878787878788,0.15151515151515152,1.5757575757575757,29.09090909090909,0.6363636363636364,0.3604336043360434,0.4065040650406504,0.7233273056057866,0.6620689655172414,0.6394684937195058,0
1,3,8.96875,3.90625,0.84375,0.625,0.4375,1.625,25.3125,0.8125,0.4069264069264069,0.48917748917748916,0.48913043478260865,0.5111855229410088,0.3861288735858337,0
0,1,11.714285714285714,2.742857142857143,4.171428571428572,1.2285714285714286,0.2857142857142857,1.8857142857142857,33.68571428571428,1.0,0.4778761061946903,0.2890855457227139,2.100719424460432,0.5364806866952789,0.47019027484143766,0
1,3,10.352941176470589,6.588235294117647,0.7941176470588235,0.38235294117647056,0.7941176470588235,1.3529411764705883,30.264705882352942,1.0,0.2558922558922559,0.26262626262626265,0.5465587044534412,0.5312084993359893,0.36710577295621855,0
1,2,13.26923076923077,7.3076923076923075,0.8076923076923077,0.5384615384615384,0.5769230769230769,1.1153846153846154,31.26923076923077,0.9615384615384616,0.41089108910891087,0.49504950495049505,0.6645569620253164,0.7012195121951219,0.44874938695438943,0
0,1,9.63888888888889,2.3333333333333335,3.611111111111111,1.3888888888888888,0.1111111111111111,1.6944444444444444,26.916666666666668,0.9722222222222222,0.5506329113924051,0.12341772151898735,2.0123839009287927,0.5207708008164245,0.49043800123380626,0
0,1,12.64,2.92,3.64,1.32,0.12,2.32,29.4,0.92,0.44964028776978415,0.28776978417266186,1.5041322314049588,0.5044699872286079,0.5518644067796611,0
0,0,9.257142857142858,3.4571428571428573,1.457142857142857,0.5142857142857142,0.4857142857142857,1.4857142857142858,30.8,1.0,0.4197952218430034,0.2525597269624573,0.9189189189189187,0.4976041282712864,0.34674063800277394,1
0,2,13.971428571428572,2.257142857142857,2.6857142857142855,0.9714285714285714,0.34285714285714286,1.3428571428571427,35.34285714285714,1.0,0.49736842105263157,0.15789473684210525,1.8613861386138613,0.6016240157480315,0.4699717855703346,0
0,2,15.944444444444445,3.611111111111111,4.027777777777778,1.7777777777777777,0.16666666666666666,2.0555555555555554,36.361111111111114,1.0,0.4763636363636364,0.26,1.8685567010309279,0.46825034262220194,0.5477677891208288,0
0,2,8.633333333333333,3.9,1.6333333333333333,0.6,0.13333333333333333,0.9333333333333333,21.666666666666668,0.26666666666666666,0.35467980295566504,0.4187192118226601,1.5806451612903223,0.5386855241264559,0.47166921898928016,0
0,2,13.8125,4.4375,3.1875,2.625,0.1875,2.65625,32.3125,1.0,0.3634085213032581,0.24812030075187969,1.1564625850340136,0.49936731742588575,0.5244890088700347,0
2,2,15.875,9.34375,1.21875,1.125,2.375,2.03125,29.53125,0.96875,0.0,0.6676646706586826,0.5718475073313782,0.5877996852726095,0.5768825142375026,0
0,0,13.379310344827585,4.310344827586207,2.8620689655172415,1.103448275862069,0.2413793103448276,2.5517241379310347,29.93103448275862,0.9655172413793104,0.4240506329113924,0.379746835443038,1.0793237971391416,0.5260303687635575,0.540819841543231,0
0,3,11.52,3.16,3.12,1.0,0.2,1.88,30.76,0.84,0.6115702479338843,0.25206611570247933,1.575757575757576,0.5356345781877697,0.47440051847051196,0
0,1,10.4375,3.65625,4.4375,1.375,0.125,2.46875,28.34375,0.71875,0.5437956204379562,0.3722627737226277,1.727493917274939,0.5237079779227296,0.5229619863766205,0
0,1,10.583333333333334,3.388888888888889,3.2222222222222223,0.8888888888888888,0.16666666666666666,2.3055555555555554,33.94444444444444,1.0,0.4470588235294118,0.18823529411764706,1.3394919168591226,0.5174380704041721,0.4055156657963447,0
1,0,12.586206896551724,8.068965517241379,0.5862068965517241,0.5172413793103449,2.1724137931034484,1.8620689655172413,26.448275862068964,0.5517241379310345,0.0,0.27238805970149255,0.2987697715289982,0.6080900972944155,0.49616833354981166,0
0,3,18.0,4.777777777777778,3.388888888888889,1.1666666666666667,0.3055555555555556,2.0555555555555554,32.25,1.0,0.5246212121212122,0.2708333333333333,1.5721649484536082,0.5482975698910174,0.6611712175854371,0
0,0,15.696969696969697,5.333333333333333,1.5151515151515151,0.6363636363636364,0.06060606060606061,1.606060606060606,29.96969696969697,1.0,0.47268408551068886,0.25653206650831356,0.8880994671403197,0.5528045761120123,0.5724075380429305,0
0,2,16.35483870967742,3.3870967741935485,2.903225806451613,0.41935483870967744,0.03225806451612903,2.161290322580645,32.16129032258065,1.0,0.5707434052757794,0.2182254196642686,1.2838801711840229,0.5546560476107124,0.596940305969403,0
0,3,10.575757575757576,3.8484848484848486,1.7575757575757576,0.6060606060606061,0.2727272727272727,1.2727272727272727,30.818181818181817,1.0,0.629746835443038,0.1962025316455696,1.280353200883002,0.508331391284083,0.3989022836420661,0
0,0,10.34375,3.0,3.96875,1.40625,0.25,2.875,31.65625,1.0,0.3217993079584775,0.3044982698961938,1.334033613445378,0.5050042719394605,0.4506986813619366,0
1,3,18.305555555555557,6.416666666666667,1.4166666666666667,0.7777777777777778,1.4166666666666667,1.8611111111111112,28.88888888888889,1.0,0.3353658536585366,0.3313008130081301,0.7223796033994334,0.5845100404456113,0.6803372939823688,0
1,3,8.515151515151516,7.121212121212121,0.6060606060606061,0.21212121212121213,1.1515151515151516,1.5151515151515151,28.515151515151516,0.8484848484848485,0.009216589861751152,0.46543778801843316,0.37523452157598497,0.5374082007343941,0.318754633061527,0
1,1,12.0,2.34375,0.65625,0.5625,0.6875,0.8125,27.03125,1.0,0.6472491909385113,0.12297734627831715,0.7191780821917808,0.5894633427483728,0.4664823773324119,0
1,3,10.5,8.0,0.5625,0.78125,0.5,1.46875,27.0625,1.0,0.0,0.6712328767123288,0.3585657370517928,0.5922165820642978,0.40727105384261386,0
0,1,7.647058823529412,2.8823529411764706,5.5588235294117645,1.1176470588235294,0.17647058823529413,1.9411764705882353,30.764705882352942,1.0,0.27710843373493976,0.4779116465863454,2.723342939481268,0.4313777541810459,0.42786354107108826,0
0,2,8.512820512820513,1.435897435897436,0.9743589743589743,0.5897435897435898,0.1282051282051282,0.7948717948717948,26.205128205128204,0.6153846153846154,0.6666666666666666,0.21138211382113822,1.0888252148997135,0.6173757810175543,0.3606589336192611,0
0,3,16.885714285714286,6.828571428571428,1.6,1.3142857142857143,0.2571428571428571,2.0285714285714285,34.57142857142857,1.0,0.18687872763419483,0.27435387673956263,0.7516778523489933,0.5241964095650322,0.5331685208075815,0
0,3,10.36111111111111,4.0,1.1388888888888888,0.75,0.19444444444444445,0.8333333333333334,29.305555555555557,1.0,0.7007575757575758,0.29545454545454547,1.2202380952380951,0.6251676052561008,0.3910825618741734,0
0,0,8.030303030303031,2.0,2.0,0.6666666666666666,0.12121212121212122,1.7878787878787878,21.03030303030303,0.6666666666666666,0.41472868217054265,0.10465116279069768,1.059390048154093,0.49095894471617013,0.474688082604331,0
0,3,12.805555555555555,3.25,0.9722222222222222,0.6111111111111112,0.16666666666666666,1.0277777777777777,31.555555555555557,1.0,0.6719160104986877,0.2099737532808399,0.8620689655172413,0.5538202787121577,0.43524043524043515,0
0,0,10.696969696969697,2.242424242424242,0.8787878787878788,0.9090909090909091,0.18181818181818182,0.9696969696969697,23.78787878787879,0.06060606060606061,0.6810631229235881,0.19933554817275748,0.8215297450424929,0.5390959071472206,0.48458708613472024,0
0,0,16.25,4.125,2.09375,1.3125,0.46875,1.6875,31.5625,0.78125,0.5689277899343544,0.18818380743982493,1.1713286713286712,0.5254223587422197,0.5793525463876825,0
0,3,9.527777777777779,2.4166666666666665,7.888888888888889,0.8055555555555556,0.1388888888888889,2.8333333333333335,35.388888888888886,1.0,0.23595505617977527,0.29213483146067415,2.6893939393939394,0.5691623523164742,0.4907639323731998,0
0,0,10.27027027027027,1.972972972972973,5.594594594594595,1.4594594594594594,0.13513513513513514,2.7567567567567566,29.81081081081081,0.918918918918919,0.3092485549132948,0.25722543352601157,1.95837275307474,0.4933014850971025,0.5304057106713653,0
0,3,15.125,3.7916666666666665,2.125,0.7916666666666666,0.125,1.875,35.083333333333336,1.0,0.6213235294117647,0.3235294117647059,1.0759493670886076,0.5841271884654994,0.4902889625769777,0
0,1,7.72972972972973,2.4324324324324325,3.135135135135135,0.972972972972973,0.2972972972972973,1.2972972972972974,27.972972972972972,0.972972972972973,0.5098039215686274,0.12549019607843137,2.243713733075435,0.5314404638025866,0.3870222393376336,0
0,3,11.75,2.6944444444444446,4.0,0.5,0.0,1.5277777777777777,32.083333333333336,1.0,0.48823529411764705,0.2852941176470588,2.4573378839590445,0.5526810912511759,0.48938373899533916,0
1,1,7.71875,2.9375,0.65625,0.34375,0.125,1.0625,19.90625,0.0,0.45901639344262296,0.30601092896174864,0.564516129032258,0.5947794259294934,0.4186191815057794,0
1,1,13.705882352941176,4.323529411764706,1.4705882352941178,1.2352941176470589,0.7941176470588235,1.8529411764705883,32.6764705882353,1.0,0.6395663956639567,0.25203252032520324,0.7530120481927711,0.5684035909445745,0.46302943287867904,0
1,0,10.0,5.897435897435898,0.41025641025641024,0.46153846153846156,1.7692307692307692,1.5384615384615385,17.256410256410255,0.0,0.10144927536231885,0.714975845410628,0.2503912363067292,0.7165956195795973,0.5997931747673216,1
0,3,13.285714285714286,6.285714285714286,7.071428571428571,1.1428571428571428,0.32142857142857145,2.5357142857142856,29.5,0.75,0.23666666666666666,0.31,2.682926829268293,0.5455825413586765,0.6877413127413127,0
1,3,13.756756756756756,6.135135135135135,0.7567567567567568,0.6486486486486487,0.5675675675675675,1.135135135135135,28.027027027027028,1.0,0.006134969325153374,0.5306748466257669,0.612691466083151,0.6328956530388938,0.5159988469299509,0
0,2,8.65625,4.0625,1.1875,0.8125,0.28125,1.3125,27.40625,0.125,0.6420664206642066,0.19557195571955718,0.8407079646017699,0.47057624354444144,0.35787321063394684,0
0,1,11.057142857142857,4.4,3.1714285714285713,0.8,0.22857142857142856,1.2857142857142858,33.02857142857143,1.0,0.7937062937062938,0.14685314685314685,2.2886597938144324,0.6355097214923804,0.4294954721862871,0
0,0,7.84375,2.96875,1.71875,0.9375,0.15625,1.15625,20.0625,0.125,0.32589285714285715,0.36160714285714285,1.3681592039800994,0.48336157756894166,0.4742715437073775,0
1,2,14.727272727272727,9.333333333333334,1.3333333333333333,0.8484848484848485,1.4242424242424243,1.6666666666666667,30.03030303030303,0.9090909090909091,0.011527377521613832,0.4495677233429395,0.7547169811320754,0.5846405543258589,0.5330383184149652,0
0,3,17.2972972972973,4.648648648648648,6.648648648648648,3.027027027027027,0.35135135135135137,2.6486486486486487,35.486486486486484,1.0,0.3850687622789784,0.3045186640471513,2.4188790560471976,0.5544005544005544,0.6728943571048834,1
0,3,10.3125,3.21875,2.0,0.96875,0.09375,1.1875,31.25,0.78125,0.6521739130434783,0.22134387351778656,1.5533980582524272,0.5942947702060222,0.3927432216905901,0
0,1,13.774193548387096,3.161290322580645,3.129032258064516,0.5483870967741935,0.12903225806451613,2.4516129032258065,32.935483870967744,1.0,0.5722070844686649,0.1907356948228883,1.2262958280657394,0.536701860231272,0.511668782345474,0
0,1,17.22222222222222,5.333333333333333,2.6666666666666665,0.3888888888888889,0.1111111111111111,1.7222222222222223,31.944444444444443,0.7222222222222222,0.4393939393939394,0.5858585858585859,1.4634146341463412,0.6223899775136524,0.6206657420249654,0
0,3,21.18918918918919,3.6216216216216215,3.4864864864864864,1.2162162162162162,0.21621621621621623,1.4864864864864864,34.78378378378378,1.0,0.46787479406919275,0.28500823723228996,2.1976149914821126,0.5738376859116993,0.7073680948322616,0
0,0,7.628571428571429,2.857142857142857,1.1714285714285715,0.6,0.45714285714285713,0.6,19.97142857142857,0.02857142857142857,0.7640449438202247,0.1853932584269663,1.6734693877551021,0.6934344483690006,0.43843416370106764,0
0,2,12.5,4.666666666666667,0.6666666666666666,0.9166666666666666,0.1388888888888889,1.3888888888888888,29.13888888888889,1.0,0.3924914675767918,0.515358361774744,0.4477611940298507,0.6259737369241042,0.4503135094052821,1
1,2,11.571428571428571,7.821428571428571,0.6428571428571429,1.0714285714285714,0.2857142857142857,1.0357142857142858,26.964285714285715,1.0,0.5485232067510548,0.15611814345991562,0.5660377358490566,0.6396083385975995,0.45130641330166266,0
1,3,15.030303030303031,5.0606060606060606,1.1515151515151516,0.30303030303030304,1.6666666666666667,1.2424242424242424,27.181818181818183,1.0,0.20064724919093851,0.4627831715210356,0.8577878103837472,0.6668100666810066,0.5931356214595135,0
0,1,8.516129032258064,2.6451612903225805,0.5483870967741935,0.5483870967741935,0.1935483870967742,1.096774193548387,19.322580645161292,0.22580645161290322,0.5263157894736842,0.25101214574898784,0.45822102425876005,0.4812600262505469,0.4666998837402424,0
1,2,13.636363636363637,5.136363636363637,1.0454545454545454,0.7727272727272727,0.9090909090909091,1.5454545454545454,25.363636363636363,1.0,0.014423076923076924,0.38461538461538464,0.6353591160220994,0.6167763157894737,0.576579792931096,0
0,2,8.941176470588236,2.411764705882353,0.9705882352941176,0.8823529411764706,0.29411764705882354,1.0588235294117647,20.647058823529413,0.4117647058823529,0.21323529411764705,0.19852941176470587,0.8375634517766497,0.513930213686773,0.4777431244683867,0
0,2,15.243243243243244,6.243243243243243,1.3243243243243243,0.8378378378378378,0.43243243243243246,1.5135135135135136,31.18918918918919,1.0,0.4839506172839506,0.3308641975308642,0.8207705192629815,0.6078110181912234,0.5294981428694826,1
0,2,13.36111111111111,3.111111111111111,4.138888888888889,1.5277777777777777,0.19444444444444445,1.7777777777777777,35.25,1.0,0.659400544959128,0.2506811989100817,2.20414201183432,0.5902130165897712,0.49504950495049505,0
2,3,11.32,5.0,1.08,0.2,2.0,1.52,23.0,0.96,0.15121951219512195,0.32195121951219513,0.6666666666666666,0.6045975047000512,0.5367965367965368,0
1,2,10.891891891891891,6.72972972972973,0.7567567567567568,0.4594594594594595,1.7837837837837838,1.2972972972972974,23.027027027027028,0.8108108108108109,0.32941176470588235,0.396078431372549,0.5415860735009671,0.6729227892065188,0.5036811966810797,0
0,2,12.173913043478262,3.0,4.304347826086956,1.173913043478261,0.0,1.7391304347826086,31.08695652173913,0.9130434782608695,0.42436974789915966,0.31092436974789917,2.340425531914893,0.5174452986398581,0.5283702774292486,0
0,0,15.866666666666667,2.933333333333333,3.7666666666666666,1.3333333333333333,0.03333333333333333,2.6333333333333333,31.6,0.8333333333333334,0.3659217877094972,0.3268156424581006,1.3780487804878048,0.5812249682524177,0.6193480546792849,0
1,3,8.764705882352942,3.8823529411764706,0.7941176470588235,0.6176470588235294,0.38235294117647056,0.9705882352941176,23.11764705882353,0.5,0.513986013986014,0.1958041958041958,0.7417582417582418,0.4796549060005151,0.41170509247529774,0
1,1,11.166666666666666,3.5,1.8055555555555556,0.6388888888888888,0.2222222222222222,1.0,28.88888888888889,0.75,0.7201365187713311,0.15017064846416384,1.6414141414141412,0.6434882827506723,0.4474894595630509,0
1,2,9.46875,6.03125,1.40625,0.75,0.90625,1.65625,26.21875,1.0,0.005291005291005291,0.328042328042328,0.800711743772242,0.7004808581468467,0.41320351460460697,0
1,3,7.055555555555555,6.111111111111111,1.0277777777777777,1.0277777777777777,0.5833333333333334,1.5,26.055555555555557,0.8888888888888888,0.2617801047120419,0.36649214659685864,0.642361111111111,0.5725879170423805,0.30904842820730666,0
1,1,16.321428571428573,7.392857142857143,2.9285714285714284,1.1071428571428572,0.6071428571428571,2.642857142857143,34.57142857142857,1.0,0.16101694915254236,0.4293785310734463,1.0677083333333333,0.5429100931381866,0.5552121961269056,0
1,2,9.212121212121213,5.9393939393939394,1.0606060606060606,0.8181818181818182,1.0303030303030303,1.393939393939394,20.575757575757574,0.8484848484848485,0.0,0.25523012552301255,0.7099391480730222,0.5717724947336744,0.49684889344862965,0
1,3,17.323529411764707,10.058823529411764,4.5,1.1176470588235294,1.2941176470588236,3.0588235294117645,32.0,1.0,0.010309278350515464,0.3319587628865979,1.4245810055865922,0.529828727691422,0.6798607293384643,0
1,3,8.68421052631579,5.7631578947368425,0.7368421052631579,0.47368421052631576,2.4210526315789473,1.0,25.36842105263158,0.9736842105263158,0.15165876777251186,0.3886255924170616,0.6698564593301435,0.6677999028654688,0.3699111386650134,0
0,3,11.25,5.0625,2.03125,0.84375,0.25,0.9375,35.46875,0.9375,0.3659305993690852,0.14826498422712933,1.9578313253012047,0.5330490405117271,0.3733965911087682,0
0,2,14.833333333333334,2.75,5.222222222222222,0.7222222222222222,0.1111111111111111,2.6666666666666665,34.19444444444444,1.0,0.2778904665314402,0.21906693711967545,1.887550200803213,0.49396877081329094,0.5848047950753281,0
1,3,8.433333333333334,3.1,0.8666666666666667,0.23333333333333334,0.5,0.7,22.533333333333335,0.9333333333333333,0.5135135135135135,0.21081081081081082,1.0833333333333335,0.6257419865453107,0.4108983799705449,0
1,1,11.75,5.96875,0.9375,0.375,0.3125,1.75,29.5625,1.0,0.19195046439628483,0.38699690402476783,0.5067567567567567,0.4973544973544973,0.4277286135693215,0
0,2,8.96774193548387,4.225806451612903,0.9354838709677419,0.3548387096774194,0.3225806451612903,1.1935483870967742,17.096774193548388,0.03225806451612903,0.03225806451612903,0.5483870967741935,0.7231920199501246,0.602044352044352,0.5758769461639466,0
1,3,12.411764705882353,4.4411764705882355,1.8823529411764706,0.7058823529411765,0.6764705882352942,1.1470588235294117,24.147058823529413,0.9705882352941176,0.32452830188679244,0.38113207547169814,1.5094339622641508,0.6818769389865563,0.5895196506550218,0
0,2,10.294117647058824,3.7058823529411766,0.8823529411764706,0.9411764705882353,0.20588235294117646,1.1470588235294117,29.794117647058822,1.0,0.5844594594594594,0.16891891891891891,0.7075471698113207,0.550314465408805,0.37386855568673755,0
1,3,7.75,2.9375,0.3125,0.125,1.0,1.0,16.1875,0.0625,0.0,0.5164835164835165,0.28409090909090906,0.5551575931232091,0.4950115118956254,0
0,3,9.035714285714286,2.75,5.321428571428571,0.4642857142857143,0.0,2.107142857142857,31.642857142857142,1.0,0.3744075829383886,0.27488151658767773,2.4110032362459544,0.534838491459496,0.4522952295229523,0
0,2,11.892857142857142,2.5,1.8928571428571428,0.7857142857142857,0.0,1.6071428571428572,25.678571428571427,0.17857142857142858,0.3680297397769517,0.26394052044609667,1.108786610878661,0.5545563549160671,0.5347741756719312,0
1,3,24.096774193548388,8.741935483870968,1.7419354838709677,0.6774193548387096,1.6129032258064515,1.5161290322580645,31.451612903225808,1.0,0.1968503937007874,0.39173228346456695,1.0778443113772456,0.6271408422325208,0.8189346692567222,1
0,3,16.789473684210527,4.947368421052632,4.473684210526316,1.368421052631579,0.10526315789473684,2.0526315789473686,37.526315789473685,1.0,0.199288256227758,0.3274021352313167,2.078239608801956,0.4961428393679233,0.5651140019583158,0
0,0,13.393939393939394,2.909090909090909,5.242424242424242,1.121212121212121,0.030303030303030304,3.0,31.606060606060606,0.9696969696969697,0.3789173789173789,0.4700854700854701,1.6911045943304006,0.5217186024551463,0.5877855299627258,0
0,2,9.944444444444445,2.138888888888889,1.8611111111111112,0.8611111111111112,0.08333333333333333,1.0833333333333333,28.666666666666668,1.0,0.6148148148148148,0.2518518518518518,1.5727699530516432,0.596825820218725,0.4103901120123599,0
1,2,10.837837837837839,3.918918918918919,0.5945945945945946,0.8378378378378378,0.918918918918919,1.1891891891891893,27.7027027027027,1.0,0.5953079178885631,0.20234604105571846,0.4612159329140461,0.5399073675140026,0.41119860017497817,0
0,2,12.882352941176471,2.9411764705882355,1.588235294117647,0.6470588235294118,0.029411764705882353,0.8235294117647058,36.76470588235294,1.0,0.6528189910979229,0.2344213649851632,1.7197452229299364,0.5890897353131053,0.3925323121110579,0
0,1,8.233333333333333,3.966666666666667,0.6333333333333333,0.5666666666666667,0.26666666666666666,1.1666666666666667,24.6,0.6666666666666666,0.5660377358490566,0.22169811320754718,0.4999999999999999,0.5307718755372185,0.35897435897435886,0
0,1,16.0,4.111111111111111,1.5925925925925926,0.7777777777777778,0.3333333333333333,1.5925925925925926,32.333333333333336,0.9629629629629629,0.4297520661157025,0.1790633608815427,0.9409190371991247,0.5515832482124616,0.5424232042937078,0
1,1,15.058823529411764,6.147058823529412,2.176470588235294,0.9117647058823529,0.3235294117647059,1.6470588235294117,30.647058823529413,1.0,0.48877805486284287,0.30423940149625933,1.2457912457912457,0.5630333421307293,0.5605509852687965,0
0,2,12.352941176470589,3.323529411764706,5.323529411764706,1.4411764705882353,0.20588235294117646,1.9705882352941178,33.205882352941174,1.0,0.31952662721893493,0.33727810650887574,2.571022727272727,0.5410140148392415,0.5307311903920876,0
0,3,8.724137931034482,2.4827586206896552,2.103448275862069,1.3793103448275863,0.06896551724137931,1.6206896551724137,26.275862068965516,0.896551724137931,0.24444444444444444,0.3466666666666667,1.222444889779559,0.48781428351072037,0.4105111779317558,0
0,3,8.514285714285714,4.2,1.0857142857142856,0.9428571428571428,0.7428571428571429,0.8571428571428571,32.91428571428571,1.0,0.757201646090535,0.27983539094650206,1.1343283582089552,0.5459475304118423,0.29078321073128516,0
1,3,11.11111111111111,8.027777777777779,1.1666666666666667,0.5833333333333334,0.8888888888888888,1.6666666666666667,24.75,1.0,0.011583011583011582,0.3861003861003861,0.660377358490566,0.6600660066006601,0.49407556449809964,0
1,2,16.454545454545453,4.7272727272727275,1.7272727272727273,1.2727272727272727,0.045454545454545456,2.4545454545454546,27.181818181818183,0.9545454545454546,0.4006849315068493,0.2773972602739726,0.6761565836298932,0.5524356000488341,0.6664445184938352,0
0,2,11.636363636363637,5.454545454545454,4.454545454545454,1.7878787878787878,0.09090909090909091,2.0303030303030303,33.57575757575758,1.0,0.5344262295081967,0.36721311475409835,2.0910384068278804,0.5419442249068533,0.4778187708089624,0
0,0,16.029411764705884,3.9705882352941178,2.7058823529411766,1.0588235294117647,0.2647058823529412,2.5,32.529411764705884,0.9117647058823529,0.24666666666666667,0.2777777777777778,1.0407239819004526,0.5396039603960396,0.5741842437353525,0
0,1,10.84375,2.1875,2.8125,0.6875,0.28125,1.8125,25.21875,0.71875,0.4258064516129032,0.25806451612903225,1.4705882352941175,0.5026071842410197,0.5393729943223895,0
2,3,14.46875,10.3125,1.5625,1.375,2.71875,2.0,32.53125,1.0,0.003289473684210526,0.4605263157894737,0.7440476190476191,0.6332056892778993,0.49128519440720164,0
0,2,9.029411764705882,3.088235294117647,3.176470588235294,0.5588235294117647,0.20588235294117646,2.235294117647059,28.08823529411765,0.9411764705882353,0.35384615384615387,0.2423076923076923,1.3602015113350123,0.533504796329765,0.43301335559265436,0
1,3,15.961538461538462,7.730769230769231,2.730769230769231,0.9230769230769231,3.0,2.5384615384615383,31.192307692307693,1.0,0.05,0.5166666666666667,1.0349854227405249,0.5635524171645845,0.5973451327433629,0
0,3,15.029411764705882,3.2058823529411766,2.235294117647059,0.8823529411764706,0.2647058823529412,2.088235294117647,33.3235294117647,1.0,0.5560859188544153,0.18615751789976134,1.021505376344086,0.5636195182211241,0.5165434706089406,0
0,2,15.129032258064516,4.741935483870968,4.096774193548387,1.0,0.25806451612903225,3.129032258064516,32.96774193548387,1.0,0.4822485207100592,0.3757396449704142,1.2687312687312686,0.5953589925865747,0.5814066920300458,0
1,0,7.894736842105263,5.394736842105263,0.9473684210526315,0.5789473684210527,0.6842105263157895,1.894736842105263,20.789473684210527,0.6842105263157895,0.09659090909090909,0.8806818181818182,0.47493403693931396,0.6142506142506142,0.4232804232804232,0
0,0,15.909090909090908,3.3636363636363638,6.0,2.0303030303030303,0.09090909090909091,2.909090909090909,33.0,0.9696969696969697,0.5086848635235732,0.36228287841191065,1.9939577039274923,0.561809776560226,0.6619060697610546,0
0,1,9.151515151515152,3.484848484848485,1.4545454545454546,1.0606060606060606,0.24242424242424243,1.9090909090909092,23.272727272727273,0.3333333333333333,0.3906810035842294,0.24731182795698925,0.7239819004524887,0.48810447375226274,0.45377933359263584,0
1,1,9.392857142857142,3.9285714285714284,0.5714285714285714,0.8214285714285714,0.35714285714285715,0.8928571428571429,21.321428571428573,0.42857142857142855,0.011428571428571429,0.3657142857142857,0.5755395683453237,0.6472730852530025,0.46515505168389454,0
1,3,20.514285714285716,6.228571428571429,3.342857142857143,0.8857142857142857,0.6285714285714286,2.6285714285714286,33.2,1.0,0.27606177606177607,0.22972972972972974,1.225130890052356,0.6294270285433761,0.7164307164307163,1
0,3,12.307692307692308,6.076923076923077,1.4230769230769231,1.5769230769230769,0.3076923076923077,0.8846153846153846,31.26923076923077,0.8076923076923077,0.44525547445255476,0.09854014598540146,1.4453125000000002,0.5596753882748007,0.4377145659637077,0
0,1,7.9714285714285715,2.5428571428571427,2.4285714285714284,1.0,0.14285714285714285,1.7428571428571429,23.228571428571428,0.9714285714285714,0.4824561403508772,0.31140350877192985,1.317829457364341,0.5381114025613332,0.44580526638089407,0
0,2,15.235294117647058,3.6470588235294117,4.970588235294118,1.3529411764705883,0.11764705882352941,1.911764705882353,34.529411764705884,0.9411764705882353,0.3333333333333333,0.3466666666666667,2.4707602339181287,0.4993830016967453,0.583489043655512,0
0,3,10.9,2.8666666666666667,1.3333333333333333,0.8666666666666667,0.16666666666666666,1.6,28.666666666666668,0.8333333333333334,0.43820224719101125,0.4307116104868914,0.784313725490196,0.5147984886649873,0.42526071842410196,0
1,0,9.65625,4.5625,0.40625,0.5,0.59375,1.09375,22.28125,0.40625,0.5793991416309013,0.30472103004291845,0.3403141361256544,0.5846957311534968,0.4495950851717397,0
0,0,7.323529411764706,1.8823529411764706,1.911764705882353,0.6470588235294118,0.0,2.088235294117647,19.147058823529413,0.6470588235294118,0.3815789473684211,0.32456140350877194,0.8736559139784946,0.4778170095179613,0.4798288508557456,0
2,1,13.0,7.371428571428571,1.5142857142857142,0.5142857142857142,2.4571428571428573,0.8,22.514285714285716,0.9428571428571428,0.027491408934707903,0.47766323024054985,1.6825396825396823,0.6460131758291685,0.6418193303853442,1
0,2,19.580645161290324,6.774193548387097,3.4516129032258065,1.1935483870967742,0.4838709677419355,3.096774193548387,34.25806451612903,0.967741935483871,0.2914046121593291,0.2976939203354298,1.0797174571140262,0.5625787795655075,0.6703595906487654,1
1,2,12.027777777777779,3.861111111111111,0.7777777777777778,0.8055555555555556,0.8333333333333334,0.8611111111111112,31.27777777777778,1.0,0.592814371257485,0.1407185628742515,0.8092485549132948,0.6104093831058983,0.40810906515580736,0
1,1,7.96969696969697,4.757575757575758,1.4242424242424243,0.9393939393939394,0.5151515151515151,1.7575757575757576,26.515151515151516,1.0,0.10756972111553785,0.30278884462151395,0.766721044045677,0.4623119111236113,0.3529545713309803,0
0,0,12.090909090909092,3.0,4.545454545454546,1.5,0.22727272727272727,2.272727272727273,31.636363636363637,0.9545454545454546,0.40711462450592883,0.36363636363636365,1.9157088122605364,0.4531824996592613,0.5242050988255514,0
0,0,27.375,3.90625,8.71875,1.6875,0.25,5.21875,35.40625,1.0,0.5307443365695793,0.44336569579288027,1.6392479435957699,0.5930459272097054,1.0165463826791057,1
0,3,12.206896551724139,3.5172413793103448,0.3448275862068966,0.7586206896551724,0.3448275862068966,1.0344827586206897,25.896551724137932,0.9310344827586207,0.7219917012448133,0.5518672199170125,0.303951367781155,0.5909455128205129,0.48282265552460535,0
0,3,12.096774193548388,4.967741935483871,1.4838709677419355,1.5161290322580645,0.1935483870967742,1.8064516129032258,33.58064516129032,1.0,0.6360544217687075,0.3129251700680272,0.7783417935702199,0.5605716335804831,0.4032180825591419,0
0,3,9.083333333333334,3.0833333333333335,2.138888888888889,3.5,2.2777777777777777,1.8333333333333333,31.055555555555557,1.0,0.5592592592592592,0.24814814814814815,1.1063218390804597,0.5459463069320155,0.3601997146932953,1
0,1,7.911764705882353,4.911764705882353,4.0588235294117645,1.5588235294117647,0.35294117647058826,1.7352941176470589,25.61764705882353,0.058823529411764705,0.07909604519774012,0.7457627118644068,2.2115384615384612,0.5721456525438149,0.4654620311070448,0
0,3,17.714285714285715,3.9523809523809526,4.0,1.9523809523809523,0.19047619047619047,3.5238095238095237,35.285714285714285,0.9523809523809523,0.363914373088685,0.3577981651376147,1.1038107752956636,0.49143944197844003,0.6136455389584174,0
1,3,13.405405405405405,8.45945945945946,1.5945945945945945,0.7297297297297297,1.0810810810810811,2.1621621621621623,29.16216216216216,0.972972972972973,0.1,0.49714285714285716,0.7048984468339307,0.5813953488372093,0.5126073704627321,0
0,2,15.8,3.4571428571428573,4.685714285714286,1.2285714285714286,0.2857142857142857,2.1714285714285713,35.97142857142857,1.0,0.3808411214953271,0.3247663551401869,2.0628930817610063,0.565254722381225,0.567920792079208,1
0,0,9.25,4.972222222222222,0.7777777777777778,1.1388888888888888,0.3611111111111111,1.1944444444444444,21.0,0.75,0.38306451612903225,0.4435483870967742,0.6008583690987124,0.5617408906882592,0.47525013164823593,1
0,3,8.176470588235293,3.4705882352941178,1.2941176470588236,0.47058823529411764,0.11764705882352941,1.7941176470588236,24.764705882352942,0.6764705882352942,0.3739130434782609,0.4043478260869565,0.6832298136645962,0.5130665879226339,0.3808847882659096,0
1,1,8.571428571428571,4.0,1.2285714285714286,0.6,0.6,0.6857142857142857,16.714285714285715,0.02857142857142857,0.2943722943722944,0.31601731601731603,1.5636363636363637,0.5700820918212223,0.5828377230246389,0
0,3,14.558823529411764,6.176470588235294,1.8529411764705883,1.1764705882352942,0.20588235294117646,1.8529411764705883,33.05882352941177,1.0,0.47607655502392343,0.25598086124401914,0.9487951807228915,0.532166508987701,0.4949441192123469,0
0,1,13.814814814814815,2.8518518518518516,4.481481481481482,0.8888888888888888,0.037037037037037035,1.7037037037037037,32.888888888888886,1.0,0.38622754491017963,0.27844311377245506,2.484599589322382,0.4974394537501333,0.554619961827776,0
0,0,12.12,3.72,3.08,1.72,0.08,2.36,34.96,1.0,0.48868778280542985,0.3665158371040724,1.2520325203252034,0.5903210723192021,0.43354249857387334,0
1,2,12.59375,6.1875,1.21875,0.8125,0.75,1.625,33.3125,0.96875,0.39762611275964393,0.2818991097922849,0.7065217391304347,0.5319429778247096,0.41339319117096895,0
1,1,17.82857142857143,8.6,2.2,0.8571428571428571,1.8,2.1714285714285713,34.02857142857143,0.9714285714285714,0.1054945054945055,0.4,0.968553459119497,0.5830903790087463,0.5868564252825449,0
1,3,12.0,5.818181818181818,0.696969696969697,0.8787878787878788,0.45454545454545453,0.9393939393939394,26.272727272727273,1.0,0.009554140127388535,0.3535031847133758,0.6705539358600583,0.5456950722081357,0.48144318051246693,0
1,1,10.033333333333333,5.3,1.0,0.5333333333333333,0.8,2.1666666666666665,25.766666666666666,0.5333333333333333,0.24378109452736318,0.5323383084577115,0.4411764705882353,0.6066591422121896,0.4265463917525773,0
1,3,12.32258064516129,7.290322580645161,1.032258064516129,0.7419354838709677,1.1290322580645162,1.4838709677419355,29.193548387096776,1.0,0.10676156583629894,0.5302491103202847,0.6517311608961303,0.5511311172668514,0.4558969276511397,1
0,2,14.606060606060606,6.575757575757576,3.696969696969697,1.6666666666666667,0.9696969696969697,2.696969696969697,34.18181818181818,1.0,0.24579124579124578,0.5286195286195287,1.3217768147345612,0.658326048951049,0.5338990541854504,0
1,1,14.32258064516129,6.0,1.967741935483871,1.6774193548387097,0.4838709677419355,1.7096774193548387,34.516129032258064,0.967741935483871,0.35802469135802467,0.5092592592592593,1.087344028520499,0.5597579425113464,0.47059919858354293,0
0,3,10.84375,4.71875,1.5,1.53125,0.5,1.1875,30.28125,1.0,0.35034013605442177,0.3673469387755102,1.1650485436893203,0.5080229561958304,0.4062950010285949,0
1,3,11.6,8.533333333333333,0.8333333333333334,0.8333333333333334,0.7333333333333333,1.3,26.633333333333333,0.8,0.016736401673640166,0.5104602510460251,0.5952380952380952,0.5945059450594505,0.46508728179551123,0
0,2,13.310344827586206,2.5517241379310347,1.6206896551724137,0.7241379310344828,0.20689655172413793,1.1724137931034482,30.896551724137932,1.0,0.6706231454005934,0.11869436201780416,1.2737127371273713,0.5442752397067118,0.4816998553787962,0
1,3,10.21875,7.1875,1.4375,0.75,1.0625,1.6875,25.40625,1.0,0.3559322033898305,0.3686440677966102,0.8041958041958042,0.5961061688785184,0.4569958343543249,0
0,3,8.375,2.9375,3.28125,0.75,0.09375,1.53125,30.65625,0.6875,0.5720164609053497,0.23045267489711935,2.0114942528735633,0.5006725452099836,0.3789880105669579,0
0,3,10.578947368421053,4.7105263157894735,2.289473684210526,0.9736842105263158,0.3157894736842105,1.5789473684210527,26.68421052631579,1.0,0.11510791366906475,0.5683453237410072,1.3636363636363633,0.5783839779005525,0.4804480251522892,0
1,3,18.59375,4.96875,1.8125,0.90625,0.4375,1.3125,31.84375,1.0,0.5240506329113924,0.2481012658227848,1.2831858407079646,0.6790377065644115,0.6388182351790256,1
2,2,22.264705882352942,12.882352941176471,1.5294117647058822,0.23529411764705882,2.1176470588235294,2.264705882352941,31.676470588235293,1.0,0.0,0.50418410041841,0.6467661691542288,0.6480720498595987,0.748796741947427,0
0,0,10.088235294117647,3.9705882352941178,1.3529411764705883,0.7352941176470589,0.23529411764705882,1.5294117647058822,32.0,1.0,0.5950704225352113,0.29225352112676056,0.8303249097472925,0.5350680144764758,0.3564229430089793,1
0,0,11.82857142857143,4.857142857142857,2.342857142857143,1.2857142857142858,0.6571428571428571,1.7142857142857142,27.2,0.9714285714285714,0.4162303664921466,0.23036649214659685,1.2913385826771655,0.4920136908157444,0.5190999476713762,1
1,2,12.911764705882353,6.0588235294117645,0.6764705882352942,0.3235294117647059,1.2352941176470589,2.0294117647058822,20.823529411764707,0.7352941176470589,0.0071174377224199285,0.604982206405694,0.31767955801104975,0.616919617762788,0.6494236716333989,0
0,3,18.346153846153847,6.0,4.115384615384615,1.5,0.38461538461538464,2.5384615384615383,34.23076923076923,1.0,0.3342857142857143,0.4257142857142857,1.5597667638483963,0.5739243430551545,0.6542684293076405,1
1,3,12.757575757575758,7.484848484848484,1.7575757575757576,0.5151515151515151,0.6363636363636364,1.606060606060606,28.09090909090909,0.7575757575757576,0.22,0.44333333333333336,1.030195381882771,0.5871360035702332,0.5148876706438783,0
0,3,12.294117647058824,3.735294117647059,1.588235294117647,1.3823529411764706,0.058823529411764705,1.588235294117647,30.970588235294116,1.0,0.5614035087719298,0.12030075187969924,0.940766550522648,0.4974769113586594,0.4468004543733434,0
1,1,9.75,4.555555555555555,1.9722222222222223,1.6666666666666667,0.8888888888888888,1.2777777777777777,29.805555555555557,0.9166666666666666,0.48068669527896996,0.24034334763948498,1.431451612903226,0.6811830461108523,0.3919747352777261,0
0,1,14.027777777777779,2.388888888888889,1.4722222222222223,1.25,0.2777777777777778,1.2777777777777777,28.583333333333332,1.0,0.5494791666666666,0.2682291666666667,1.0685483870967742,0.5881393832106587,0.5403834979662987,0
1,2,10.275862068965518,6.413793103448276,0.5517241379310345,0.5862068965517241,0.4827586206896552,0.7586206896551724,25.896551724137932,0.7931034482758621,0.014925373134328358,0.5223880597014925,0.642570281124498,0.6027508090614887,0.4165008621833134,0
0,1,13.78125,3.625,6.65625,0.96875,0.15625,2.4375,35.6875,1.0,0.35170603674540685,0.2230971128608924,2.623152709359606,0.5270076481835564,0.5710792874607056,0
1,1,15.307692307692308,6.653846153846154,2.1538461538461537,0.6923076923076923,0.6538461538461539,1.8076923076923077,31.807692307692307,1.0,0.2668711656441718,0.3006134969325153,1.129032258064516,0.5391200693541396,0.5472516875602701,0
1,2,11.617647058823529,6.470588235294118,0.8529411764705882,0.8529411764705882,0.47058823529411764,1.1470588235294117,25.264705882352942,0.8823529411764706,0.004098360655737705,0.6721311475409836,0.6839622641509434,0.6246837044534413,0.4916512059369202,0
0,2,8.7,5.2,4.966666666666667,0.8333333333333334,0.2,1.8666666666666667,32.06666666666667,1.0,0.34763948497854075,0.22746781115879827,2.5254237288135593,0.5091292134831461,0.4248704663212434,0
0,0,9.870967741935484,3.967741935483871,2.6129032258064515,0.967741935483871,0.16129032258064516,1.8387096774193548,25.193548387096776,0.4838709677419355,0.45634920634920634,0.31746031746031744,1.3477537437603992,0.5327298050139276,0.4935594949623772,0
0,2,14.969696969696969,3.3333333333333335,4.363636363636363,1.2727272727272727,0.21212121212121213,1.878787878787879,35.72727272727273,1.0,0.5127551020408163,0.30612244897959184,2.2052067381316993,0.5553057553956834,0.5396261524147847,0
0,2,16.303030303030305,3.787878787878788,2.484848484848485,2.1515151515151514,0.21212121212121213,2.515151515151515,34.63636363636363,1.0,0.298,0.26,0.9501738122827347,0.48277099784637467,0.5408706272354532,0
1,2,8.096774193548388,7.612903225806452,0.8064516129032258,0.5806451612903226,0.3225806451612903,1.2580645161290323,23.93548387096774,0.5483870967741935,0.3623853211009174,0.3486238532110092,0.5938242280285035,0.4991250397709195,0.37042007784190045,0
0,2,12.6,3.9714285714285715,6.942857142857143,1.1714285714285715,0.02857142857142857,2.3142857142857145,35.8,1.0,0.29380053908355797,0.2722371967654987,2.875739644970414,0.5307625649913345,0.5443692797453243,0
0,0,11.178571428571429,2.8214285714285716,1.1428571428571428,0.7142857142857143,0.25,1.4642857142857142,29.678571428571427,0.8571428571428571,0.29292929292929293,0.19528619528619529,0.730593607305936,0.4852412253503659,0.41376828975773566,0
1,3,9.257142857142858,5.171428571428572,1.0571428571428572,0.4,1.3714285714285714,1.0,25.685714285714287,1.0,0.2544642857142857,0.39285714285714285,0.961038961038961,0.6166260657734469,0.39999999999999997,0
0,0,8.771428571428572,1.8857142857142857,2.657142857142857,1.7142857142857142,0.08571428571428572,1.7142857142857142,22.085714285714285,0.02857142857142857,0.5060728744939271,0.3603238866396761,1.464566929133858,0.5364131954151523,0.51513200257566,0
0,0,12.516129032258064,3.4516129032258065,3.870967741935484,1.2903225806451613,0.1935483870967742,1.6451612903225807,29.193548387096776,0.9354838709677419,0.3056379821958457,0.18991097922848665,2.2181146025878,0.531273962098806,0.5594097566347318,1
1,2,13.135135135135135,10.027027027027026,1.2702702702702702,1.1081081081081081,1.135135135135135,1.945945945945946,28.83783783783784,0.972972972972973,0.04938271604938271,0.4567901234567901,0.6208718626155877,0.6244860197368421,0.4978051741851125,0
0,1,13.484848484848484,2.242424242424242,5.393939393939394,0.6666666666666666,0.0,2.0606060606060606,31.818181818181817,1.0,0.6882716049382716,0.25617283950617287,2.496493688639551,0.6171640963053368,0.5914744137472705,0
0,1,17.7027027027027,5.621621621621622,2.5405405405405403,0.972972972972973,0.2702702702702703,1.7837837837837838,32.45945945945946,1.0,0.46487603305785125,0.3677685950413223,1.3486370157819223,0.5824085929719732,0.6217315514235908,1
0,3,9.242424242424242,3.0303030303030303,2.5757575757575757,1.1515151515151516,0.48484848484848486,2.121212121212121,30.393939393939394,0.9696969696969697,0.3794466403162055,0.32806324110671936,1.159618008185539,0.5267339043934789,0.3875583821921892,0
0,1,7.647058823529412,4.9411764705882355,1.0588235294117647,0.7941176470588235,0.35294117647058826,0.8235294117647058,24.264705882352942,0.0,0.3870967741935484,0.3087557603686636,1.1464968152866244,0.5274261603375527,0.35731530661516175,0
0,3,12.54054054054054,3.864864864864865,6.864864864864865,1.4054054054054055,0.32432432432432434,3.4864864864864864,34.86486486486486,1.0,0.3096446700507614,0.3426395939086294,1.9140919366993219,0.5116894574327305,0.5549972945814331,0
0,2,17.22222222222222,2.888888888888889,2.4166666666666665,1.1388888888888888,0.05555555555555555,1.3611111111111112,29.055555555555557,1.0,0.4989339019189765,0.16204690831556504,1.6539923954372622,0.6169890932250617,0.6735899390243902,0
1,3,11.27027027027027,6.4324324324324325,3.054054054054054,0.8918918918918919,0.35135135135135137,2.081081081081081,28.83783783783784,0.7837837837837838,0.13142857142857142,0.5542857142857143,1.4002478314745972,0.47891400220507163,0.4950032688895115,0
0,2,14.1,6.525,2.775,0.975,0.825,2.025,34.35,0.975,0.3157894736842105,0.3229665071770335,1.3058823529411765,0.5906996229576875,0.48984034833091433,1
1,2,15.303030303030303,5.666666666666667,1.0,0.6666666666666666,1.121212121212121,1.7272727272727273,24.575757575757574,0.8181818181818182,0.23119777158774374,0.31197771587743733,0.5472636815920398,0.6184481238365828,0.6606901633304679,0
0,1,11.058823529411764,2.0,2.735294117647059,0.8529411764705882,0.29411764705882354,1.5,27.852941176470587,0.6176470588235294,0.3111888111888112,0.3916083916083916,1.7095588235294117,0.5607253638749702,0.49347643097643096,0
0,2,10.46875,2.90625,1.625,0.90625,0.09375,1.8125,24.53125,0.71875,0.5073529411764706,0.3125,0.8496732026143791,0.5413703943115709,0.49099213397614816,0
0,2,12.805555555555555,2.9722222222222223,2.0555555555555554,0.8888888888888888,0.1111111111111111,1.5277777777777777,28.833333333333332,0.5833333333333334,0.48404255319148937,0.2632978723404255,1.2627986348122866,0.5493850700734102,0.5136328725038403,0
1,1,11.65625,5.4375,1.6875,0.9375,1.09375,1.90625,30.65625,1.0,0.4892086330935252,0.3345323741007194,0.8411214953271028,0.584786153267277,0.43385490753911804,0
2,2,8.424242424242424,6.090909090909091,0.45454545454545453,0.45454545454545453,3.4545454545454546,1.4848484848484849,23.12121212121212,0.9696969696969697,0.0,0.48743718592964824,0.2868068833652007,0.5751406818934127,0.3823567793292444,0
0,3,21.88235294117647,3.7058823529411766,5.4411764705882355,1.9705882352941178,0.17647058823529413,3.088235294117647,34.911764705882355,1.0,0.3411978221415608,0.47368421052631576,1.706642066420664,0.558692779046017,0.7804099462365591,0
0,3,10.666666666666666,2.757575757575758,1.5454545454545454,1.0,0.030303030303030304,1.303030303030303,26.303030303030305,0.8181818181818182,0.4966442953020134,0.23825503355704697,1.101511879049676,0.5345644514639777,0.4625272581200504,0
0,2,13.4375,2.9375,2.03125,0.9375,0.375,1.625,34.0625,1.0,0.6410256410256411,0.11282051282051282,1.1775362318840579,0.5252100840336135,0.4527991218441273,0
2,0,12.457142857142857,5.371428571428571,0.42857142857142855,0.5142857142857142,1.5714285714285714,1.5142857142857142,23.057142857142857,0.6285714285714286,0.0,0.4557823129251701,0.2654867256637168,0.6176337262012693,0.5564466378778532,1
1,3,7.7631578947368425,2.973684210526316,0.868421052631579,1.0263157894736843,0.2631578947368421,1.0263157894736843,21.736842105263158,0.05263157894736842,0.5590551181102362,0.2677165354330709,0.7710280373831775,0.5195125387433079,0.3952759701132803,0
0,2,11.416666666666666,3.9444444444444446,1.3333333333333333,0.9444444444444444,0.4722222222222222,1.3333333333333333,29.47222222222222,0.9722222222222222,0.6226993865030674,0.2791411042944785,0.9302325581395349,0.5614140531089498,0.43114784895735486,0
0,3,7.8125,1.78125,2.34375,0.6875,0.0,1.15625,16.40625,0.0625,0.3142857142857143,0.2857142857142857,1.8656716417910446,0.5287648054145516,0.6152972358954941,0
0,3,13.95,3.25,4.6,0.95,0.0,1.6,33.35,1.0,0.5240384615384616,0.34615384615384615,2.705882352941176,0.5820260347129506,0.5545590433482809,0
0,2,10.636363636363637,2.9696969696969697,0.9090909090909091,0.36363636363636365,0.06060606060606061,0.8181818181818182,25.181818181818183,0.6666666666666666,0.5977011494252874,0.16091954022988506,0.9900990099009901,0.6279519106912838,0.45667026249550513,0
0,2,12.966666666666667,6.033333333333333,1.8666666666666667,2.6,0.26666666666666666,1.2333333333333334,30.5,0.9666666666666667,0.2564935064935065,0.3116883116883117,1.4,0.5553334856098675,0.48474945533769065,1
1,3,9.742857142857142,5.571428571428571,1.3142857142857143,0.6,0.4,1.0,33.57142857142857,1.0,0.6292834890965732,0.21806853582554517,1.1948051948051948,0.484650369528141,0.32838353839626644,0
0,3,17.13888888888889,3.5277777777777777,3.2222222222222223,1.1666666666666667,0.3333333333333333,1.8888888888888888,33.138888888888886,1.0,0.5142857142857142,0.23047619047619047,1.6201117318435754,0.5335154952960708,0.6125689453451446,0
0,3,9.54054054054054,1.7297297297297298,3.189189189189189,0.5135135135135135,0.0,1.4864864864864864,23.972972972972972,0.08108108108108109,0.38235294117647056,0.38235294117647056,2.0102214650766608,0.49373391518406623,0.5287975749410576,0
0,1,16.181818181818183,3.8181818181818183,5.515151515151516,1.4848484848484849,0.2727272727272727,2.303030303030303,31.78787878787879,1.0,0.40414507772020725,0.44559585492227977,2.2950819672131146,0.5783226477213654,0.6804143305141119,0
0,1,12.310344827586206,5.862068965517241,1.3448275862068966,0.8275862068965517,0.41379310344827586,1.8275862068965518,31.275862068965516,0.896551724137931,0.27208480565371024,0.3568904593639576,0.6976744186046511,0.5451380405570486,0.43521266073194853,0
0,3,14.78125,6.53125,2.90625,1.46875,0.15625,2.6875,31.65625,0.96875,0.316622691292876,0.2559366754617414,1.0426008968609866,0.5608518307721495,0.5569769730368037,0
0,3,7.823529411764706,2.2941176470588234,3.264705882352941,1.411764705882353,0.29411764705882354,2.0588235294117645,22.41176470588235,0.5,0.2978723404255319,0.3148936170212766,1.5122615803814714,0.4970847660337868,0.49255291350927616,0
0,3,13.3,3.75,2.8,1.25,0.05,2.45,33.25,0.9,0.3409090909090909,0.2545454545454545,1.0980392156862744,0.5436559843034664,0.4827586206896552,0
0,3,16.833333333333332,5.805555555555555,2.611111111111111,1.0,0.4722222222222222,2.1666666666666665,32.138888888888886,1.0,0.4831932773109244,0.23529411764705882,1.1519607843137256,0.576835211696619,0.6031363088057901,0
0,3,7.875,1.125,0.9375,0.5,0.03125,1.03125,22.65625,0.09375,0.7111111111111111,0.14222222222222222,0.8287292817679557,0.5270202442697005,0.3872562482834386,0
1,0,13.393939393939394,8.424242424242424,0.8181818181818182,0.5757575757575758,1.5454545454545454,2.5454545454545454,32.15151515151515,1.0,0.022151898734177215,0.47151898734177217,0.30927835051546393,0.579201174127267,0.44066522597012125,1
1,2,8.151515151515152,6.333333333333333,2.9696969696969697,0.9393939393939394,0.12121212121212122,2.272727272727273,24.636363636363637,0.0,0.1875,0.4659090909090909,1.2515964240102169,0.6341946435307432,0.449589611662379,0
1,1,9.178571428571429,2.857142857142857,1.2142857142857142,0.6785714285714286,0.25,2.0714285714285716,25.571428571428573,0.7142857142857143,0.3105263157894737,0.43157894736842106,0.5592105263157894,0.5683828733191791,0.40484140233722865,0
1,1,23.485714285714284,8.657142857142857,1.4857142857142858,1.2857142857142858,1.9428571428571428,1.1142857142857143,31.885714285714286,1.0,0.2996389891696751,0.34296028880866425,1.2235294117647058,0.6446047678795482,0.780705672175078,1
0,3,13.387096774193548,3.6129032258064515,2.4516129032258065,1.1935483870967742,0.41935483870967744,2.5161290322580645,29.677419354838708,1.0,0.3712574850299401,0.2874251497005988,0.93711467324291,0.5515096746757389,0.5319033690824396,0
0,0,10.235294117647058,3.1176470588235294,2.735294117647059,0.9705882352941176,0.08823529411764706,1.9705882352941178,26.764705882352942,0.6176470588235294,0.5777027027027027,0.22972972972972974,1.321022727272727,0.5338733431516937,0.4828114736150645,0
0,3,15.970588235294118,3.1176470588235294,4.176470588235294,0.8529411764705882,0.0,2.6176470588235294,33.970588235294116,1.0,0.5534441805225653,0.3752969121140142,1.5367965367965368,0.5534942509989399,0.5913328729281768,0
0,2,7.194444444444445,3.3055555555555554,3.75,1.3333333333333333,0.0,1.5555555555555556,22.13888888888889,0.0,0.4752475247524752,0.39603960396039606,2.2651006711409396,0.5459527824620574,0.4921309018236322,0
0,1,13.575757575757576,3.4242424242424243,1.393939393939394,0.6060606060606061,0.030303030303030304,1.5151515151515151,31.12121212121212,0.9696969696969697,0.49221183800623053,0.3644859813084112,0.8630393996247655,0.6013745704467354,0.4794719984470543,0
0,2,16.12121212121212,5.0606060606060606,3.212121212121212,1.0909090909090908,0.06060606060606061,1.878787878787879,34.93939393939394,0.9696969696969697,0.4254278728606357,0.3080684596577017,1.6232771822358343,0.5727327534234777,0.5517599238951829,0
1,1,8.272727272727273,4.575757575757576,1.0,0.8787878787878788,0.6666666666666666,1.121212121212121,25.333333333333332,0.12121212121212122,0.3894230769230769,0.40384615384615385,0.8188585607940447,0.5572338340953625,0.3645895389014655,0
0,3,10.222222222222221,3.5925925925925926,2.962962962962963,0.6666666666666666,0.2222222222222222,2.2962962962962963,29.962962962962962,0.8518518518518519,0.4672489082969432,0.34497816593886466,1.2364760432766615,0.5232029117379436,0.43858568436614503,0
0,1,8.0,1.9375,0.34375,0.34375,0.03125,0.8125,18.5,0.25,0.4788732394366197,0.26291079812206575,0.3767123287671233,0.5386298602928801,0.4485887096774193,0
0,2,11.36111111111111,2.5833333333333335,3.1944444444444446,0.75,0.16666666666666666,1.8611111111111112,36.111111111111114,1.0,0.38529411764705884,0.2411764705882353,1.6288951841359773,0.5437672835566901,0.4019637925744093,0
0,3,14.78125,6.0625,2.78125,1.46875,0.71875,2.25,30.71875,0.90625,0.14905149051490515,0.45799457994579945,1.1835106382978724,0.5334265608083724,0.5698641249239504,0
0,3,15.32258064516129,4.935483870967742,7.709677419354839,1.5806451612903225,0.16129032258064516,2.870967741935484,32.96774193548387,1.0,0.34472934472934474,0.2678062678062678,2.59500542888165,0.6053114486695891,0.6965174129353233,1
0,3,16.416666666666668,4.694444444444445,2.0833333333333335,1.8333333333333333,0.4444444444444444,2.2222222222222223,34.55555555555556,1.0,0.25481798715203424,0.3618843683083512,0.8971291866028708,0.5458474951972809,0.5338249438922731,1
2,2,14.243243243243244,9.243243243243244,2.108108108108108,1.162162162162162,3.3783783783783785,1.7297297297297298,35.37837837837838,1.0,0.004819277108433735,0.3204819277108434,1.1521418020679466,0.5564706876161514,0.4608821512912318,0
0,2,9.0,2.2903225806451615,2.0,0.4838709677419355,0.0967741935483871,0.9354838709677419,32.74193548387097,1.0,0.7839195979899497,0.15577889447236182,1.9314641744548289,0.656038374717833,0.33493762891660933,0
1,1,9.225806451612904,5.387096774193548,0.7096774193548387,0.5161290322580645,0.7741935483870968,1.4193548387096775,23.806451612903224,0.967741935483871,0.6,0.33181818181818185,0.4670912951167728,0.5671902268760908,0.4155984347591418,0
1,3,14.108108108108109,4.1891891891891895,1.054054054054054,0.4864864864864865,0.3783783783783784,1.2702702702702702,25.594594594594593,1.0,0.25196850393700787,0.2572178477690289,0.7692307692307692,0.6153918702254079,0.590091511517829,0
0,3,13.333333333333334,3.757575757575758,3.303030303030303,1.121212121212121,0.09090909090909091,2.242424242424242,32.24242424242424,1.0,0.3004807692307692,0.2620192307692308,1.4100905562742563,0.4741788085179757,0.5143820856366532,0
0,1,11.121212121212121,4.878787878787879,2.212121212121212,1.303030303030303,0.3333333333333333,2.1515151515151514,30.636363636363637,1.0,0.42388059701492536,0.4208955223880597,0.9825033647375504,0.4621700584323997,0.4337967070886325,0
1,2,7.6,7.914285714285715,0.9142857142857143,1.3714285714285714,0.7428571428571429,0.9714285714285714,26.82857142857143,0.8285714285714286,0.17870722433460076,0.23193916349809887,0.8533333333333333,0.45887386144079495,0.3161803713527851,0
0,3,11.205882352941176,2.588235294117647,3.2941176470588234,2.0588235294117645,0.4411764705882353,2.2941176470588234,24.970588235294116,0.6470588235294118,0.36363636363636365,0.4107744107744108,1.375921375921376,0.5432302954260294,0.5783669638667293,0
0,3,12.580645161290322,4.161290322580645,3.6129032258064515,0.7096774193548387,0.12903225806451613,2.096774193548387,34.225806451612904,0.967741935483871,0.2962962962962963,0.44107744107744107,1.644640234948605,0.5498533724340177,0.47176017291607925,0
1,1,6.783783783783784,5.351351351351352,0.5675675675675675,0.8108108108108109,1.0810810810810811,1.1081081081081081,23.08108108108108,0.1891891891891892,0.5380710659898477,0.28426395939086296,0.46979865771812074,0.566233531853456,0.31712720065290895,0
0,2,13.068965517241379,4.793103448275862,2.103448275862069,0.7931034482758621,0.3103448275862069,1.8620689655172413,31.103448275862068,1.0,0.5160256410256411,0.1891025641025641,1.0720562390158173,0.5607172446443366,0.48624157365454745,0
1,0,11.916666666666666,3.0,1.5833333333333333,0.625,0.6666666666666666,2.0,28.375,0.75,0.211340206185567,0.39690721649484534,0.753968253968254,0.6275232578550114,0.4741000877963125,1
0,2,15.878787878787879,3.5757575757575757,1.0909090909090908,1.0606060606060606,0.12121212121212122,1.2727272727272727,31.90909090909091,0.9696969696969697,0.423728813559322,0.36803874092009686,0.7947019867549668,0.5459698257897808,0.5301524188204109,0
0,2,11.363636363636363,3.5454545454545454,6.7272727272727275,1.0909090909090908,0.030303030303030304,2.909090909090909,33.06060606060606,1.0,0.25477707006369427,0.35668789808917195,2.2356495468277946,0.5161308081920283,0.5455542355843918,0
0,2,10.071428571428571,3.607142857142857,2.642857142857143,0.9642857142857143,0.10714285714285714,2.4642857142857144,35.107142857142854,1.0,0.5947136563876652,0.32158590308370044,1.0306406685236769,0.5441494288360605,0.36112801785352,0
1,2,7.666666666666667,3.484848484848485,0.696969696969697,0.5454545454545454,0.5454545454545454,1.303030303030303,21.363636363636363,0.5454545454545454,0.4312796208530806,0.23222748815165878,0.4967602591792657,0.5439456484348125,0.38966539601863615,0
0,3,14.428571428571429,2.085714285714286,1.4857142857142858,0.4,0.02857142857142857,0.8571428571428571,28.057142857142857,0.9714285714285714,0.6793002915451894,0.21865889212827988,1.5522388059701495,0.6715425531914894,0.56519533231862,0
1,3,15.941176470588236,7.5,2.0,0.8529411764705882,1.2647058823529411,2.088235294117647,30.235294117647058,1.0,0.14360313315926893,0.38903394255874674,0.9139784946236558,0.6041555198858569,0.591429125460539,0
0,3,15.333333333333334,3.1538461538461537,5.051282051282051,1.0256410256410255,0.15384615384615385,1.7692307692307692,33.56410256410256,0.8461538461538461,0.4969450101832994,0.3360488798370672,2.702331961591221,0.5305180979418027,0.6055297433163227,0
0,2,10.25,5.96875,1.71875,1.4375,1.0625,1.15625,29.03125,0.9375,0.5986159169550173,0.20761245674740483,1.3681592039800994,0.5199746353836399,0.4108560394765072,0
0,3,8.914285714285715,2.2,3.0,1.0,0.08571428571428572,1.2,31.885714285714286,1.0,0.5208333333333334,0.3402777777777778,2.3076923076923075,0.4711282918579367,0.37248771773112993,0
1,2,10.575757575757576,5.515151515151516,1.9393939393939394,1.3636363636363635,0.30303030303030304,1.2424242424242424,30.727272727272727,1.0,0.5234899328859061,0.2953020134228188,1.4446952595936795,0.5182347350914707,0.40597660473803204,0
1,2,9.714285714285714,4.9714285714285715,0.8285714285714286,0.5428571428571428,0.5428571428571428,1.1428571428571428,25.37142857142857,0.9714285714285714,0.3253424657534247,0.18835616438356165,0.6666666666666667,0.5376344086021505,0.41390914189568145,0
0,1,10.67741935483871,6.129032258064516,1.3225806451612903,1.3870967741935485,0.3548387096774194,1.7096774193548387,28.870967741935484,1.0,0.4068441064638783,0.17870722433460076,0.730837789661319,0.5834038353073886,0.41420777196303304,0
0,3,13.61111111111111,3.3333333333333335,2.5,0.75,0.027777777777777776,1.8611111111111112,29.166666666666668,0.9722222222222222,0.662303664921466,0.225130890052356,1.2747875354107647,0.5835556402439024,0.5504935459377372,0
1,1,12.548387096774194,8.161290322580646,0.7741935483870968,0.4838709677419355,0.45161290322580644,1.4516129032258065,27.193548387096776,0.8709677419354839,0.033707865168539325,0.5318352059925093,0.4989604989604989,0.5903241471409494,0.4881219713981798,0
0,1,19.741935483870968,8.225806451612904,2.129032258064516,1.1612903225806452,0.7419354838709677,2.2903225806451615,34.193548387096776,1.0,0.2459349593495935,0.3983739837398374,0.8906882591093116,0.5291920309905921,0.6377575016461292,1
2,3,12.27027027027027,6.945945945945946,2.4054054054054053,0.5945945945945946,0.6486486486486487,1.972972972972973,26.675675675675677,1.0,0.01773049645390071,0.49645390070921985,1.1603650586701435,0.6606519208381839,0.5480973049359038,0
1,3,8.030303030303031,5.909090909090909,1.5151515151515151,2.4242424242424243,0.42424242424242425,1.2121212121212122,27.0,0.9090909090909091,0.2711864406779661,0.3389830508474576,1.1547344110854503,0.48856932153392335,0.3522307950352231,0
1,0,10.736842105263158,3.6578947368421053,2.3157894736842106,0.5263157894736842,0.5,1.368421052631579,26.68421052631579,0.9736842105263158,0.2796352583586626,0.2826747720364742,1.5770609318996416,0.551470588235294,0.48732560424444876,0
2,2,11.096774193548388,9.387096774193548,0.2903225806451613,0.3548387096774194,1.967741935483871,1.2580645161290323,25.516129032258064,0.967741935483871,0.0,0.3738738738738739,0.21377672209026127,0.6653257001392543,0.44452839692733914,0
1,2,11.121212121212121,5.7272727272727275,1.6666666666666667,0.7272727272727273,0.18181818181818182,1.5454545454545454,29.03030303030303,0.9393939393939394,0.3943089430894309,0.3821138211382114,1.0128913443830572,0.6385718262806236,0.43898886923957137,0
1,0,9.34375,4.84375,1.53125,0.75,0.125,1.09375,22.34375,0.5,0.252212389380531,0.41150442477876104,1.2827225130890052,0.5600929117338528,0.48454469507101083,0
0,2,12.21875,4.1875,2.84375,1.25,0.1875,1.5,33.75,1.0,0.5384615384615384,0.2867132867132867,1.77734375,0.6069920516641828,0.4449778434268833,0
0,1,10.1875,3.8125,1.4375,0.8125,0.3125,1.5625,31.78125,0.9375,0.16593886462882096,0.47161572052401746,0.8646616541353384,0.5894691161579633,0.36463438541462456,0
1,0,11.8,6.2,0.6857142857142857,0.5428571428571428,2.1714285714285713,1.0571428571428572,22.571428571428573,0.7428571428571429,0.0,0.5940959409594095,0.5925925925925926,0.6040837818862625,0.5507246376811593,0
0,3,8.764705882352942,2.235294117647059,1.7941176470588236,0.7941176470588235,0.08823529411764706,1.0,23.029411764705884,0.11764705882352941,0.5934065934065934,0.19413919413919414,1.6310160427807485,0.5028347732181425,0.45651068158697866,0
0,3,12.82857142857143,4.685714285714286,1.7142857142857142,0.9714285714285714,0.2,0.9714285714285714,30.085714285714285,0.9714285714285714,0.47293447293447294,0.34472934472934474,1.5999999999999999,0.5553631506036019,0.48177946048272596,0
2,3,12.636363636363637,10.848484848484848,1.393939393939394,0.6666666666666666,0.8787878787878788,1.0303030303030303,33.21212121212121,1.0,0.33532934131736525,0.17365269461077845,1.2332439678284182,0.5799399198931909,0.421177112708087,1
0,0,8.258064516129032,2.225806451612903,3.6451612903225805,1.2903225806451613,0.06451612903225806,2.225806451612903,22.93548387096774,0.8064516129032258,0.31683168316831684,0.4207920792079208,1.5672676837725381,0.5346700083542189,0.5167343509312421,0
0,3,19.130434782608695,2.782608695652174,3.6956521739130435,1.2173913043478262,0.043478260869565216,2.4347826086956523,33.52173913043478,1.0,0.4171779141104294,0.4386503067484663,1.457975986277873,0.5656690321917104,0.6789085736454157,0
1,2,13.444444444444445,7.444444444444445,1.1111111111111112,0.7222222222222222,1.3888888888888888,0.8888888888888888,26.52777777777778,0.5277777777777778,0.31475409836065577,0.5344262295081967,1.1235955056179776,0.6423869186663834,0.5466305028166075,0
0,1,14.088235294117647,3.1470588235294117,2.4705882352941178,1.1764705882352942,0.11764705882352941,2.0,30.852941176470587,0.9117647058823529,0.4282051282051282,0.33076923076923076,1.1764705882352942,0.5360820127137613,0.5349676928924363,0
0,2,13.90625,6.78125,1.25,0.6875,0.1875,1.03125,30.96875,1.0,0.5216049382716049,0.2037037037037037,1.1049723756906076,0.6302401994108316,0.4878294105813719,0
0,3,13.548387096774194,2.032258064516129,3.903225806451613,0.6129032258064516,0.0,2.129032258064516,28.29032258064516,0.5806451612903226,0.4967532467532468,0.538961038961039,1.751085383502171,0.5511232416544195,0.6147028746733326,0
1,3,10.444444444444445,4.888888888888889,2.861111111111111,1.5555555555555556,0.6388888888888888,1.4444444444444444,30.055555555555557,0.8611111111111112,0.40588235294117647,0.12941176470588237,1.8525179856115108,0.5231522707034728,0.44123065585851134,0
2,1,16.416666666666668,8.277777777777779,2.7777777777777777,1.1388888888888888,1.5,2.111111111111111,30.416666666666668,1.0,0.25688073394495414,0.3830275229357798,1.2562814070351758,0.5800031404569365,0.6289823411614782,1
1,3,11.555555555555555,3.8333333333333335,1.7222222222222223,0.5833333333333334,0.1388888888888889,1.2222222222222223,30.77777777777778,1.0,0.6990595611285266,0.30094043887147337,1.3025210084033612,0.5757944856605027,0.43001079525008995,0
0,2,9.18918918918919,2.081081081081081,1.2162162162162162,0.5945945945945946,0.35135135135135137,1.0,23.135135135135137,0.35135135135135137,0.6790123456790124,0.3045267489711934,1.1056511056511056,0.6169255334591377,0.4478306385948586,0
0,2,11.571428571428571,2.4,3.3714285714285714,0.6571428571428571,0.0,1.6571428571428573,31.0,1.0,0.7006802721088435,0.3979591836734694,1.9186991869918697,0.5861410211879124,0.4804777216352779,0
1,1,8.823529411764707,4.264705882352941,1.0588235294117647,0.5294117647058824,0.17647058823529413,0.7058823529411765,26.029411764705884,0.3235294117647059,0.19047619047619047,0.1984126984126984,1.313868613138686,0.5474452554744526,0.37820801440792434,0
0,1,9.4375,2.125,1.34375,1.4375,0.0625,1.34375,24.90625,0.9375,0.532258064516129,0.3346774193548387,0.9307359307359306,0.5307184029242233,0.4311422144463884,0
0,0,8.054054054054054,3.27027027027027,3.081081081081081,0.8918918918918919,0.16216216216216217,1.864864864864865,25.54054054054054,0.5405405405405406,0.5272727272727272,0.18545454545454546,1.5680880330123796,0.5009413663259817,0.43427848634974175,0
1,2,14.911764705882353,7.176470588235294,2.411764705882353,0.6470588235294118,0.5294117647058824,1.3529411764705883,33.35294117647059,0.9705882352941176,0.5809018567639257,0.20954907161803712,1.6599190283400806,0.6156498931416359,0.5178477228767364,0
1,3,9.552631578947368,6.105263157894737,0.2894736842105263,0.2631578947368421,0.3157894736842105,0.8947368421052632,24.05263157894737,1.0,0.4307116104868914,0.4344569288389513,0.29100529100529104,0.570682932964407,0.4074961865330136,0
0,2,10.88888888888889,2.037037037037037,1.6296296296296295,0.5555555555555556,0.14814814814814814,1.1481481481481481,24.77777777777778,0.4444444444444444,0.5767634854771784,0.26556016597510373,1.3056379821958455,0.5461435577351761,0.5032008337055233,0
0,3,13.176470588235293,3.823529411764706,3.088235294117647,2.0294117647058822,0.11764705882352941,1.3529411764705883,31.470588235294116,1.0,0.4911242603550296,0.2514792899408284,2.1255060728744937,0.5966968566862014,0.5151853922116639,0
0,1,14.833333333333334,3.611111111111111,4.861111111111111,1.25,0.16666666666666666,2.6666666666666665,32.861111111111114,1.0,0.4742268041237113,0.4690721649484536,1.757028112449799,0.5704153136216031,0.5975054778358333,0
1,1,8.823529411764707,4.323529411764706,0.7058823529411765,0.5882352941176471,0.8529411764705882,1.3529411764705883,24.029411764705884,0.7647058823529411,0.4107142857142857,0.4017857142857143,0.48582995951417,0.5690440060698027,0.3949293027791321,0
1,0,22.606060606060606,8.878787878787879,2.0606060606060606,2.121212121212121,1.7878787878787878,2.3636363636363638,30.0,1.0,0.1632183908045977,0.4666666666666667,0.8364083640836407,0.7113976197741836,0.8194905869324473,1
0,1,8.4375,4.28125,3.53125,1.125,0.40625,2.625,27.0625,0.6875,0.15165876777251186,0.3459715639810427,1.2958715596330275,0.5552813425468904,0.44063506672802577,0
0,1,8.294117647058824,1.911764705882353,1.588235294117647,0.47058823529411764,0.2647058823529412,1.2352941176470589,28.647058823529413,0.8823529411764706,0.49356223175965663,0.3133047210300429,1.18942731277533,0.5318346409173205,0.34376918354818903,0
1,2,9.625,6.09375,0.6875,0.6875,0.53125,1.34375,24.75,0.5625,0.3269961977186312,0.3574144486692015,0.47619047619047616,0.5059797608095676,0.41498993963782693,0
1,3,10.225806451612904,6.032258064516129,0.3225806451612903,0.6129032258064516,0.6774193548387096,1.1935483870967742,23.612903225806452,0.7419354838709677,0.11616161616161616,0.5151515151515151,0.24937655860349123,0.6525856389986825,0.44483743708339,0
0,3,9.566666666666666,3.8333333333333335,2.3,0.3333333333333333,0.16666666666666666,1.2333333333333334,25.033333333333335,0.7666666666666667,0.5982142857142857,0.15178571428571427,1.7249999999999996,0.6005189152996318,0.4721485411140583,0
1,3,9.0,5.324324324324325,0.7297297297297297,1.1081081081081081,0.21621621621621623,1.2972972972972974,23.35135135135135,1.0,0.18503937007874016,0.29133858267716534,0.5222437137330753,0.5810301507537688,0.4148899389189812,0
1,2,9.666666666666666,3.0,1.5151515151515151,0.5151515151515151,0.3939393939393939,1.4545454545454546,29.12121212121212,1.0,0.5654008438818565,0.22362869198312235,0.9746588693957114,0.6127074370006147,0.3826609976148501,0
0,3,11.0,2.3333333333333335,0.9393939393939394,0.42424242424242425,0.030303030303030304,1.0,27.818181818181817,0.9696969696969697,0.6071428571428571,0.11038961038961038,0.8539944903581267,0.5619891008174387,0.4276565722348855,0
1,2,7.555555555555555,3.5833333333333335,1.7777777777777777,0.8333333333333334,0.1388888888888889,1.3055555555555556,26.944444444444443,0.6111111111111112,0.42738589211618255,0.18672199170124482,1.2648221343873516,0.5214723926380368,0.34511092851273617,0
1,0,12.242424242424242,4.090909090909091,1.303030303030303,0.42424242424242425,0.36363636363636365,1.2424242424242424,27.09090909090909,1.0,0.4608433734939759,0.3373493975903614,0.9706546275395033,0.5297943768359211,0.49816115011701767,0
0,2,19.0,7.516129032258065,4.032258064516129,1.3870967741935485,0.5806451612903226,2.903225806451613,39.354838709677416,0.967741935483871,0.4350515463917526,0.31958762886597936,1.342642320085929,0.5323571945046999,0.5837625705175374,0
0,0,9.625,2.96875,2.9375,1.125,0.0625,1.34375,23.8125,0.03125,0.2627118644067797,0.3983050847457627,2.0346320346320343,0.5552350735506201,0.5253528489283847,0
0,1,6.972222222222222,2.361111111111111,2.0,1.0,0.19444444444444445,0.9722222222222222,20.25,0.0,0.15053763440860216,0.43010752688172044,1.8652849740932642,0.5673598553345389,0.4408954408954408,0
1,1,14.625,6.90625,1.84375,1.03125,0.65625,2.28125,25.90625,0.96875,0.2403846153846154,0.5673076923076923,0.774278215223097,0.6001846722068329,0.6332612352799808,0
0,1,12.555555555555555,3.9166666666666665,3.9444444444444446,1.3888888888888888,0.1111111111111111,2.0555555555555554,33.52777777777778,1.0,0.28823529411764703,0.4117647058823529,1.829896907216495,0.5627490039840637,0.49066578556087886,0
0,0,11.742857142857142,3.742857142857143,0.7428571428571429,0.5428571428571428,0.02857142857142857,1.0285714285714285,27.4,0.5428571428571428,0.5835866261398176,0.2613981762917933,0.6582278481012659,0.5601897284919856,0.45402597402597394,0
0,2,16.13888888888889,3.611111111111111,2.25,1.1111111111111112,0.3055555555555556,2.0833333333333335,34.138888888888886,0.8055555555555556,0.2916666666666667,0.5046296296296297,1.030534351145038,0.5502727686013033,0.5370760993022878,0
0,2,7.875,3.09375,0.71875,0.84375,0.21875,0.9375,20.125,0.1875,0.5757575757575758,0.3878787878787879,0.6927710843373494,0.6523089666597639,0.4249072929542645,0
0,3,13.405405405405405,2.5945945945945947,5.027027027027027,1.2432432432432432,0.0,1.5675675675675675,32.027027027027025,1.0,0.3473451327433628,0.2610619469026549,3.0145867098865478,0.49214160977933,0.5737360141330865,0
0,2,10.571428571428571,5.107142857142857,0.8571428571428571,0.6785714285714286,0.2857142857142857,1.4642857142857142,28.5,0.8571428571428571,0.4505928853754941,0.20553359683794467,0.547945205479452,0.5364651297665651,0.3996003996003996,0
0,2,10.885714285714286,4.371428571428571,2.4857142857142858,1.3714285714285714,0.11428571428571428,2.057142857142857,33.114285714285714,0.8857142857142857,0.3919308357348703,0.1844380403458213,1.152317880794702,0.5077833457724704,0.40258064516129033,0
0,2,9.5,3.03125,5.25,1.78125,0.53125,1.5625,32.625,1.0,0.29961089494163423,0.33852140077821014,3.1578947368421053,0.5147656461663507,0.4507257448433919,0
0,2,10.352941176470589,3.9411764705882355,2.823529411764706,0.6764705882352942,0.14705882352941177,0.9411764705882353,33.794117647058826,1.0,0.6120401337792643,0.12374581939799331,2.711864406779661,0.5582339507739152,0.388753904894134,0
1,3,11.25,3.25,1.1111111111111112,0.75,0.3333333333333333,1.0277777777777777,32.22222222222222,1.0,0.6148409893992933,0.21554770318021202,0.9852216748768473,0.6535631293570876,0.3824338260570643,0
0,2,11.38888888888889,2.611111111111111,2.0,0.6944444444444444,0.0,1.5,29.305555555555557,0.8611111111111112,0.6147959183673469,0.13520408163265307,1.25,0.49359530000963114,0.455318344983941,0
0,2,10.892857142857142,2.7142857142857144,3.75,1.25,0.10714285714285714,1.5,30.964285714285715,0.6785714285714286,0.5953307392996109,0.19844357976653695,2.34375,0.545734325794446,0.4713727293630719,0
0,0,15.1875,2.9375,3.875,1.03125,0.0625,2.0,23.3125,0.03125,0.39779005524861877,0.27071823204419887,1.8452380952380951,0.5998222748815166,0.8142018152696209,1
1,3,12.875,4.9375,2.40625,0.8125,0.46875,1.59375,29.40625,1.0,0.3710247349823322,0.48056537102473496,1.4206642066420663,0.6008633765021584,0.5178987502647744,0
0,2,11.071428571428571,3.857142857142857,1.8571428571428572,1.3928571428571428,0.03571428571428571,1.6071428571428572,30.285714285714285,0.8571428571428571,0.30364372469635625,0.5020242914979757,1.0878661087866108,0.5139938983950126,0.42548189938881054,0
0,1,10.13888888888889,4.472222222222222,1.4722222222222223,1.1111111111111112,0.3888888888888889,1.0555555555555556,25.47222222222222,0.05555555555555555,0.46473029045643155,0.4024896265560166,1.2740384615384615,0.6433305132543711,0.4540517054095155,0
0,2,11.870967741935484,4.354838709677419,1.4516129032258065,1.1290322580645162,0.03225806451612903,1.5161290322580645,30.193548387096776,1.0,0.5520833333333334,0.20833333333333334,0.8982035928143712,0.5852417302798982,0.43978277073794053,0
1,0,7.694444444444445,6.361111111111111,1.2222222222222223,0.4166666666666667,1.25,1.4722222222222223,20.333333333333332,0.027777777777777776,0.18269230769230768,0.5288461538461539,0.7773851590106007,0.5401716068642746,0.43637846655791196,0
0,3,19.264705882352942,3.676470588235294,4.352941176470588,1.1176470588235294,0.11764705882352941,2.323529411764706,31.88235294117647,1.0,0.3483606557377049,0.4036885245901639,1.7961165048543686,0.5698823693185773,0.7384587088467904,0
0,0,8.588235294117647,2.911764705882353,2.1176470588235294,0.29411764705882354,0.29411764705882354,1.6176470588235294,29.0,0.9705882352941176,0.5739910313901345,0.27802690582959644,1.2328767123287672,0.58334665175004,0.3678997372144734,0
0,3,11.608695652173912,3.9130434782608696,1.434782608695652,1.3478260869565217,0.0,1.1304347826086956,29.82608695652174,1.0,0.6414141414141414,0.1919191919191919,1.166077738515901,0.6217399403874814,0.4358564579398518,0
0,1,17.228571428571428,4.2,1.7428571428571429,1.0,0.11428571428571428,2.0285714285714285,28.8,1.0,0.3496932515337423,0.2822085889570552,0.8187919463087249,0.5484610347085789,0.6564508156203658,1
0,1,12.25,3.0,1.96875,0.78125,0.09375,2.03125,31.0,0.75,0.6162361623616236,0.5461254612546126,0.9237536656891495,0.5831250743781983,0.4571945337620579,0
1,1,10.454545454545455,5.787878787878788,3.6666666666666665,0.7575757575757576,0.45454545454545453,2.272727272727273,27.87878787878788,0.9696969696969697,0.3717105263157895,0.3355263157894737,1.5453384418901657,0.49443934877321716,0.5047113614209899,0
1,1,14.0,10.451612903225806,1.5483870967741935,0.6774193548387096,1.0,2.161290322580645,32.645161290322584,0.967741935483871,0.0641025641025641,0.5993589743589743,0.6847360912981455,0.5503702952216699,0.47483006600334937,1
2,3,13.96875,7.75,1.8125,0.84375,0.9375,1.40625,32.71875,1.0,0.0924092409240924,0.45874587458745875,1.2033195020746887,0.6137412126537786,0.48086078842125307,0
0,1,11.304347826086957,2.869565217391304,1.0,0.9130434782608695,0.21739130434782608,1.0869565217391304,31.73913043478261,1.0,0.6074380165289256,0.0743801652892562,0.8424908424908425,0.5201664532650448,0.38645363921889936,0
1,3,13.65625,4.5625,1.34375,1.125,0.53125,1.84375,34.40625,1.0,0.5238095238095238,0.2857142857142857,0.6913183279742765,0.5436946352144919,0.4347038579967397,0
0,0,9.09375,3.28125,0.90625,0.4375,0.15625,0.59375,26.21875,0.625,0.7829787234042553,0.2127659574468085,1.3063063063063063,0.566147859922179,0.37995725480883397,0
2,1,17.677419354838708,9.451612903225806,0.16129032258064516,0.3225806451612903,1.2903225806451613,1.7419354838709677,27.0,1.0,0.0,0.6636085626911316,0.08756567425569176,0.6485514107176671,0.6582549696464706,0
1,2,14.0,5.257142857142857,1.542857142857143,0.6285714285714286,0.4,2.342857142857143,33.97142857142857,1.0,0.44959128065395093,0.46866485013623976,0.631578947368421,0.5534471853257432,0.45618448637316567,0
0,1,10.464285714285714,5.785714285714286,1.2857142857142858,0.39285714285714285,0.5714285714285714,1.6071428571428572,28.25,1.0,0.36475409836065575,0.3524590163934426,0.7531380753138075,0.5197984672154413,0.4144620811287478,0
1,1,11.135135135135135,5.081081081081081,1.7567567567567568,1.5945945945945945,0.32432432432432434,1.1081081081081081,31.35135135135135,1.0,0.5591715976331361,0.2603550295857988,1.45413870246085,0.5468252282862603,0.4098994586233565,0
1,1,9.545454545454545,5.545454545454546,0.5151515151515151,0.7575757575757576,1.1818181818181819,1.5151515151515151,20.545454545454547,0.6363636363636364,0.0,0.49029126213592233,0.31894934333958724,0.6288931480594154,0.4873036841332746,0
0,3,17.903225806451612,4.870967741935484,3.129032258064516,1.3548387096774193,0.3870967741935484,2.774193548387097,34.483870967741936,0.9354838709677419,0.44341801385681295,0.2678983833718245,1.0886644219977553,0.5732997272952648,0.6081522246059136,0
0,3,7.828571428571428,2.3714285714285714,4.457142857142857,1.4285714285714286,0.11428571428571428,1.8571428571428572,32.0,1.0,0.5825242718446602,0.28640776699029125,2.2773722627737225,0.5906190722538368,0.3827325322652425,0
0,0,9.483870967741936,1.8387096774193548,1.4838709677419355,0.6129032258064516,0.1935483870967742,1.2903225806451613,24.580645161290324,0.3548387096774194,0.458955223880597,0.16791044776119404,1.0672853828306264,0.5107713690062543,0.44438635472487253,0
1,0,10.15625,5.15625,0.46875,0.34375,0.6875,0.71875,23.71875,0.8125,0.5789473684210527,0.11278195488721804,0.5725190839694657,0.5820200573065902,0.4460771451062713,0
1,2,18.20689655172414,6.793103448275862,1.4827586206896552,0.7241379310344828,1.4827586206896552,2.4827586206896552,29.03448275862069,0.9655172413793104,0.1246376811594203,0.6028985507246377,0.5740987983978638,0.6047832859891872,0.6758196236240975,0
0,1,8.0,2.342857142857143,0.9714285714285714,0.6857142857142857,0.11428571428571428,1.0,24.285714285714285,0.42857142857142855,0.7276264591439688,0.09727626459143969,0.8831168831168831,0.5223880597014925,0.36789689513766843,0
2,1,10.86111111111111,9.527777777777779,0.5555555555555556,0.25,2.611111111111111,2.5,26.305555555555557,1.0,0.00425531914893617,0.5063829787234042,0.21367521367521367,0.6803312917594655,0.432358510414475,0
1,1,7.222222222222222,3.75,0.6111111111111112,0.5277777777777778,0.5,1.1944444444444444,21.694444444444443,0.2222222222222222,0.3487179487179487,0.30256410256410254,0.4721030042918455,0.5883417813178856,0.3594188121335713,0
0,1,9.416666666666666,2.8055555555555554,2.638888888888889,0.6111111111111112,0.5277777777777778,2.0555555555555554,29.444444444444443,1.0,0.4300341296928328,0.3583617747440273,1.2242268041237114,0.4997051886792453,0.40804813839789394,0
0,3,17.81081081081081,8.216216216216216,2.3513513513513513,1.5405405405405406,0.5945945945945946,1.8108108108108107,33.21621621621622,1.0,0.19152854511970535,0.24861878453038674,1.2305516265912304,0.5469787516600266,0.6051756307292934,1
1,1,16.90909090909091,9.242424242424242,1.7878787878787878,1.1515151515151516,0.696969696969697,2.787878787878788,35.121212121212125,0.9696969696969697,0.1309823677581864,0.5113350125944585,0.6190975865687303,0.5736963316334923,0.5308440161748258,1
1,3,15.294117647058824,9.558823529411764,1.4705882352941178,0.9411764705882353,0.11764705882352941,1.0294117647058822,34.705882352941174,1.0,0.5710306406685237,0.30919220055710306,1.3020833333333335,0.6375049038838759,0.4816630049011324,1
0,0,12.454545454545455,4.121212121212121,4.484848484848484,2.484848484848485,0.696969696969697,2.0,28.939393939393938,0.15151515151515152,0.5475285171102662,0.24714828897338403,2.1356421356421356,0.7047325102880658,0.5833246373786913,1
0,3,12.5625,6.6875,3.125,1.21875,0.71875,2.5,33.46875,1.0,0.47266881028938906,0.29260450160771706,1.2019230769230769,0.5725843208751139,0.46732452057345,0
1,3,10.885714285714286,6.257142857142857,1.3142857142857143,0.6571428571428571,0.6857142857142857,1.0857142857142856,25.97142857142857,1.0,0.021739130434782608,0.30124223602484473,1.108433734939759,0.5223757815070746,0.46794520547945206,0
2,3,21.13888888888889,10.166666666666666,2.0,0.3888888888888889,1.0,2.3333333333333335,33.333333333333336,1.0,0.02127659574468085,0.44468085106382976,0.821917808219178,0.6770944551213609,0.6920903954802259,0
0,3,13.647058823529411,3.5,2.323529411764706,1.6764705882352942,0.5294117647058824,1.4411764705882353,28.676470588235293,0.9705882352941176,0.6062052505966588,0.15513126491646778,1.5076335877862597,0.518319928507596,0.5549877350776778,0
0,2,8.333333333333334,2.878787878787879,2.242424242424242,1.0,0.030303030303030304,1.5454545454545454,22.333333333333332,0.15151515151515152,0.17289719626168223,0.4392523364485981,1.3627992633517494,0.5384555137844611,0.4714305011481832,0
1,3,7.96969696969697,5.363636363636363,0.7878787878787878,0.5454545454545454,1.1818181818181819,1.4242424242424243,22.78787878787879,0.5757575757575758,0.043010752688172046,0.2903225806451613,0.5168986083499005,0.626906941266209,0.38262941877399703,0
0,1,14.1875,3.5,3.65625,1.03125,0.0625,2.625,31.78125,1.0,0.3701657458563536,0.47513812154696133,1.341743119266055,0.5186437579967099,0.5596941776122328,0
1,1,12.272727272727273,3.272727272727273,1.696969696969697,0.7575757575757576,0.6363636363636364,1.7272727272727273,24.96969696969697,0.36363636363636365,0.33574007220216606,0.4584837545126354,0.9286898839137645,0.6083273251622207,0.557234376888674,0
0,0,11.27027027027027,5.0,1.7837837837837838,1.135135135135135,1.135135135135135,1.1081081081081081,28.405405405405407,0.5675675675675675,0.1444043321299639,0.4584837545126354,1.4765100671140938,0.6263518385003605,0.45795012799848295,1
1,0,16.892857142857142,8.285714285714286,2.0714285714285716,0.6785714285714286,1.5357142857142858,2.357142857142857,31.964285714285715,0.9642857142857143,0.3956043956043956,0.25274725274725274,0.8430232558139535,0.5847013449367089,0.5914457562931611,0
0,2,8.821428571428571,1.9642857142857142,1.9642857142857142,0.8571428571428571,0.0,1.5714285714285714,24.5,0.5714285714285714,0.6,0.17872340425531916,1.175213675213675,0.4872179264636263,0.4384436701509872,0
1,3,11.555555555555555,5.25,1.1388888888888888,1.1111111111111112,1.0,1.6944444444444444,30.88888888888889,1.0,0.5142857142857142,0.3392857142857143,0.6346749226006192,0.6463642013673089,0.40964503406238795,1
1,2,11.083333333333334,5.277777777777778,1.8611111111111112,0.6111111111111112,0.2777777777777778,2.4444444444444446,26.52777777777778,1.0,0.168141592920354,0.46607669616519176,0.7314410480349345,0.4883481836874572,0.4861255998330899,0
0,3,9.774193548387096,1.8709677419354838,1.096774193548387,0.7419354838709677,0.2903225806451613,0.7419354838709677,26.741935483870968,1.0,0.6164383561643836,0.1404109589041096,1.3026819923371646,0.48864662624177524,0.4049993991106838,0
0,1,16.166666666666668,5.277777777777778,3.111111111111111,1.2777777777777777,0.25,2.9444444444444446,34.44444444444444,1.0,0.2672811059907834,0.28110599078341014,1.021897810218978,0.5967027559055118,0.5580572531360566,1
1,2,12.129032258064516,7.193548387096774,1.4193548387096775,0.45161290322580644,1.3870967741935485,1.935483870967742,31.451612903225808,0.967741935483871,0.15140845070422534,0.38028169014084506,0.6973058637083993,0.5670849420849421,0.42940394642674573,0
0,1,15.272727272727273,2.787878787878788,5.818181818181818,2.909090909090909,0.12121212121212122,3.4545454545454546,32.42424242424242,0.8787878787878788,0.4275,0.32,1.6368286445012787,0.5522440392706872,0.6484673437063264,1
1,3,17.483870967741936,9.096774193548388,1.5161290322580645,0.9354838709677419,2.5161290322580645,2.5161290322580645,34.32258064516129,1.0,0.002717391304347826,0.5190217391304348,0.5795314426633785,0.5995044686310945,0.5519632649236248,1
0,0,16.296296296296298,2.888888888888889,4.2592592592592595,1.4814814814814814,0.2222222222222222,3.2962962962962963,29.962962962962962,0.9629629629629629,0.25477707006369427,0.4968152866242038,1.2540894220283534,0.5749529583943133,0.6837501539977825,1
0,0,9.6875,5.46875,1.15625,0.6875,0.25,1.875,28.15625,0.96875,0.4603174603174603,0.3492063492063492,0.5854430379746836,0.5331590533847,0.3837646538376465,0
0,1,12.25,3.5,1.125,1.03125,0.4375,1.53125,27.09375,0.875,0.4688427299703264,0.32047477744807124,0.689655172413793,0.5097264121502133,0.4918409561020455,0
0,3,11.583333333333334,6.027777777777778,2.4444444444444446,1.1666666666666667,0.2777777777777778,1.3055555555555556,34.22222222222222,1.0,0.183206106870229,0.5229007633587787,1.7391304347826086,0.6469529601588682,0.4087083198446099,0
0,1,8.083333333333334,2.4444444444444446,0.8611111111111112,0.4444444444444444,0.16666666666666666,1.0277777777777777,20.555555555555557,0.0,0.31140350877192985,0.3508771929824561,0.7635467980295567,0.5528115501519757,0.4330285099515868,0
1,3,12.03125,3.84375,1.65625,1.21875,0.28125,1.8125,27.6875,0.78125,0.4843304843304843,0.25925925925925924,0.8660130718954248,0.4922770049099836,0.4925775978407557,0
0,3,13.185185185185185,3.4814814814814814,4.037037037037037,1.1851851851851851,0.07407407407407407,2.5555555555555554,34.44444444444444,1.0,0.43846153846153846,0.28846153846153844,1.5202231520223153,0.6075085324232082,0.4985525892569958,0
1,3,11.428571428571429,6.0,1.0,0.4642857142857143,1.2857142857142858,2.142857142857143,27.821428571428573,0.8928571428571429,0.02127659574468085,0.5691489361702128,0.445859872611465,0.680619363620895,0.44512663085188026,0
0,2,12.969696969696969,3.757575757575758,4.848484848484849,1.121212121212121,0.3939393939393939,1.8181818181818181,33.45454545454545,1.0,0.44854881266490765,0.29815303430079154,2.527646129541864,0.4991602910990856,0.531021403413709,0
0,2,16.0,3.6785714285714284,3.9642857142857144,1.25,0.10714285714285714,2.607142857142857,35.607142857142854,1.0,0.4943181818181818,0.17897727272727273,1.4643799472295513,0.589908353523649,0.559111822364473,0
0,0,11.0,3.4193548387096775,3.6129032258064515,1.2580645161290323,0.1935483870967742,2.096774193548387,25.870967741935484,0.9354838709677419,0.3229571984435798,0.5992217898832685,1.644640234948605,0.5250030791969454,0.5626630232269283,0
0,3,16.482758620689655,3.4827586206896552,2.9655172413793105,1.4482758620689655,0.13793103448275862,1.793103448275862,33.48275862068966,1.0,0.5488126649076517,0.24538258575197888,1.5664845173041895,0.5691560297199466,0.5791148988602525,0
1,3,16.647058823529413,6.529411764705882,1.6764705882352942,0.8235294117647058,0.4411764705882353,1.7647058823529411,30.558823529411764,1.0,0.38313253012048193,0.3493975903614458,0.8990536277602523,0.5910609857978278,0.5976592478894858,0
1,3,19.636363636363637,6.757575757575758,2.727272727272727,0.5757575757575758,0.7575757575757576,2.121212121212121,33.24242424242424,0.9393939393939394,0.2567849686847599,0.4613778705636743,1.2278308321964528,0.5622657226155768,0.6707261655912024,0
0,3,10.038461538461538,4.115384615384615,1.7307692307692308,1.3461538461538463,0.15384615384615385,2.230769230769231,28.96153846153846,0.8846153846153846,0.43612334801762115,0.2555066079295154,0.7425742574257426,0.5167907492475843,0.40497617787188994,0
0,0,8.142857142857142,2.342857142857143,1.7714285714285714,1.9142857142857144,0.08571428571428572,1.1714285714285715,23.771428571428572,0.11428571428571428,0.5795454545454546,0.23106060606060605,1.393258426966292,0.4899601155274378,0.4153201675643327,0
2,3,10.90625,8.34375,1.03125,0.8125,1.21875,1.375,27.5,1.0,0.013333333333333334,0.3511111111111111,0.6991525423728813,0.6717739451801663,0.43251811594202894,0
0,1,8.382352941176471,2.264705882352941,2.4411764705882355,0.8529411764705882,0.17647058823529413,1.7058823529411764,24.470588235294116,0.9411764705882353,0.3281853281853282,0.22393822393822393,1.3517915309446256,0.5008435259384226,0.440507541297582,0
1,3,14.444444444444445,11.027777777777779,2.5833333333333335,0.5833333333333334,0.8055555555555556,2.1944444444444446,31.11111111111111,1.0,0.08403361344537816,0.6722689075630253,1.12590799031477,0.5620406398616515,0.5455678177287291,0
0,1,16.647058823529413,4.176470588235294,3.235294117647059,1.0588235294117647,0.29411764705882354,2.235294117647059,33.76470588235294,1.0,0.2359081419624217,0.3444676409185804,1.3853904282115868,0.5130529369108049,0.5871113427132186,0
2,0,14.071428571428571,7.357142857142857,0.8928571428571429,0.32142857142857145,1.4285714285714286,2.2857142857142856,25.964285714285715,0.8214285714285714,0.01532567049808429,0.42528735632183906,0.37425149700598803,0.6358120320165246,0.5741298986023567,0
1,0,8.8,5.0,0.34285714285714286,0.8857142857142857,0.6,1.2,22.02857142857143,0.45714285714285713,0.08878504672897196,0.4766355140186916,0.26373626373626374,0.5948702101359703,0.41316978695932866,0
1,3,11.303030303030303,6.96969696969697,1.1515151515151516,0.3939393939393939,1.4848484848484849,1.5151515151515151,29.484848484848484,1.0,0.04129793510324484,0.18289085545722714,0.7129455909943715,0.509173310036038,0.4209771586602479,0
0,3,9.714285714285714,2.085714285714286,1.7714285714285714,0.4,0.05714285714285714,0.8285714285714286,26.314285714285713,0.3142857142857143,0.5378787878787878,0.38636363636363635,1.9076923076923076,0.5503755503755504,0.4348296376419686,0
1,1,19.0,7.0,2.34375,0.6875,0.71875,1.78125,28.15625,1.0,0.058011049723756904,0.5082872928176796,1.245847176079734,0.6862922160014449,0.7553638575536386,0
0,1,10.484848484848484,5.181818181818182,3.4545454545454546,1.8181818181818181,0.48484848484848486,1.6363636363636365,33.21212121212121,1.0,0.07317073170731707,0.3519163763066202,1.9895287958115182,0.5219647598358678,0.41844810333848814,0
0,3,13.870967741935484,3.3870967741935485,3.967741935483871,0.8387096774193549,0.03225806451612903,1.8064516129032258,33.29032258064516,1.0,0.47293447293447294,0.28774928774928776,2.081218274111675,0.5436981590127453,0.5342478987537437,0
1,2,15.323529411764707,5.411764705882353,3.4411764705882355,0.5,0.47058823529411764,2.676470588235294,30.735294117647058,1.0,0.2832512315270936,0.3078817733990148,1.239406779661017,0.5650759219088937,0.6085463563525372,0
0,0,8.294117647058824,3.323529411764706,0.7941176470588235,0.7647058823529411,0.17647058823529413,0.7941176470588235,23.470588235294116,0.11764705882352941,0.5952380952380952,0.11904761904761904,0.8881578947368421,0.5316742081447964,0.38557524332418275,0
1,2,15.290322580645162,5.193548387096774,0.8387096774193549,0.3225806451612903,0.25806451612903225,1.8064516129032258,25.451612903225808,0.967741935483871,0.125,0.2761627906976744,0.43993231810490696,0.614307931570762,0.6312334301224592,0
0,3,10.45945945945946,2.7027027027027026,3.7837837837837838,0.918918918918919,0.24324324324324326,1.4594594594594594,28.513513513513512,0.6756756756756757,0.11501597444089456,0.3258785942492013,2.4263431542461005,0.5406840281658657,0.49778029659015777,0
0,1,12.756756756756756,2.972972972972973,2.1621621621621623,1.0810810810810811,0.21621621621621623,1.5405405405405406,33.08108108108108,1.0,0.5501355013550135,0.24390243902439024,1.3179571663920921,0.5775819872736172,0.4496212429746681,1
1,3,11.21875,7.15625,0.875,0.40625,0.71875,1.59375,28.5625,0.875,0.11255411255411256,0.6147186147186147,0.5166051660516605,0.6116260051792285,0.42193632795464453,0
0,3,8.806451612903226,2.7096774193548385,3.806451612903226,1.2903225806451613,0.12903225806451613,1.2580645161290323,33.193548387096776,1.0,0.444015444015444,0.22007722007722008,2.802850356294537,0.4804984511405238,0.378839259761651,0
1,3,14.0625,4.71875,1.21875,1.15625,0.90625,1.125,29.03125,0.9375,0.48812664907651715,0.17678100263852242,0.9948979591836734,0.5508225616921268,0.524565543874705,0
1,3,14.40625,6.40625,0.875,0.78125,0.40625,2.03125,30.875,1.0,0.4057507987220447,0.43769968051118213,0.4105571847507331,0.6174989284183455,0.4933414043583535,0
0,1,10.25,3.0625,4.4375,1.8125,0.71875,1.96875,34.8125,1.0,0.3359683794466403,0.44664031620553357,2.1450151057401814,0.5417547568710359,0.42069459362692446,0
0,3,18.333333333333332,4.555555555555555,3.7222222222222223,2.25,0.6944444444444444,2.888888888888889,33.138888888888886,0.9722222222222222,0.4227504244482173,0.2631578947368421,1.2453531598513012,0.5021302495435179,0.6635467156944677,0
0,3,8.444444444444445,4.111111111111111,1.1944444444444444,0.5,0.2222222222222222,1.0277777777777777,22.5,0.05555555555555555,0.5145228215767634,0.2946058091286307,1.0591133004926108,0.5583308845136644,0.42649950835791545,0
0,1,15.236842105263158,5.078947368421052,1.9736842105263157,0.5789473684210527,0.5789473684210527,1.368421052631579,32.473684210526315,1.0,0.26649746192893403,0.39847715736040606,1.3440860215053763,0.6251619590567504,0.5283567619970916,1
1,2,8.948717948717949,6.435897435897436,0.9743589743589743,1.205128205128205,1.7179487179487178,1.2307692307692308,25.94871794871795,0.9743589743589743,0.0,0.5423728813559322,0.7321772639691714,0.5969485495347564,0.38094300620139776,1
0,3,11.75,2.78125,2.4375,1.65625,0.375,1.96875,30.96875,0.625,0.3507692307692308,0.42153846153846153,1.1782477341389728,0.48795681063122925,0.45664856165761414,0
1,2,9.911764705882353,7.205882352941177,1.2941176470588236,0.8235294117647058,1.9705882352941178,2.235294117647059,28.676470588235293,1.0,0.0045662100456621,0.6164383561643836,0.5541561712846348,0.6052442528735633,0.3894112837285364,0
1,3,10.485714285714286,5.6,3.4857142857142858,0.9142857142857143,0.4857142857142857,2.1142857142857143,28.37142857142857,1.0,0.07042253521126761,0.4507042253521127,1.5741935483870968,0.5391984015044664,0.4907175112895133,0
0,2,17.5,3.0588235294117645,3.588235294117647,1.1764705882352942,0.35294117647058826,2.3529411764705883,34.05882352941177,1.0,0.23672566371681417,0.4026548672566372,1.4628297362110312,0.5591264471508044,0.6173583605992767,0
0,2,14.617647058823529,7.5,2.6470588235294117,1.7941176470588236,0.8235294117647058,1.5294117647058822,36.73529411764706,1.0,0.2853598014888337,0.3598014888337469,1.6245487364620939,0.5323479005998286,0.4687000958160332,0
0,0,14.82857142857143,3.085714285714286,3.8285714285714287,1.6,0.17142857142857143,2.5714285714285716,33.17142857142857,1.0,0.302540415704388,0.29330254041570436,1.4331550802139037,0.5308051055473736,0.5607556891369687,0
0,2,12.423076923076923,4.6923076923076925,2.3076923076923075,0.6923076923076923,0.19230769230769232,1.0384615384615385,29.307692307692307,0.7692307692307693,0.5207547169811321,0.22264150943396227,2.0270270270270268,0.5550591146549354,0.5009155113784985,0
0,0,8.342857142857143,2.4,1.4857142857142858,0.9714285714285714,0.2571428571428571,1.0,19.114285714285714,0.0,0.5323383084577115,0.43283582089552236,1.3506493506493507,0.6101638248077565,0.5115241635687733,0
1,3,15.303030303030303,10.121212121212121,0.7878787878787878,0.696969696969697,0.6060606060606061,1.9090909090909092,29.181818181818183,1.0,0.0219435736677116,0.6520376175548589,0.392156862745098,0.615073565234337,0.54951878298665,0
0,1,8.4,4.542857142857143,1.6571428571428573,1.0,0.17142857142857143,1.2,25.02857142857143,0.9714285714285714,0.11616161616161616,0.4494949494949495,1.2747252747252749,0.6198347107438017,0.4002274019329164,0
0,2,15.517241379310345,2.689655172413793,2.1379310344827585,0.8275862068965517,0.3103448275862069,1.8620689655172413,30.24137931034483,1.0,0.3881019830028329,0.38243626062322944,1.0896309314586994,0.5455868089233754,0.5818843050346629,0
0,3,8.228571428571428,1.7428571428571429,0.7142857142857143,0.6,0.34285714285714286,1.0,19.97142857142857,0.5428571428571428,0.5991189427312775,0.16740088105726872,0.6493506493506493,0.5908419497784343,0.44555160142348743,0
1,1,12.428571428571429,7.114285714285714,0.5142857142857142,0.3142857142857143,1.3428571428571427,1.6571428571428573,18.914285714285715,0.9714285714285714,0.004,0.708,0.2926829268292682,0.6633524460168354,0.6806912096168294,0
0,1,11.375,3.5416666666666665,5.5,2.5416666666666665,0.20833333333333334,3.25,33.5,1.0,0.32894736842105265,0.30701754385964913,1.6417910447761193,0.5274343122102009,0.5022321428571428,0
1,1,9.4375,3.625,0.625,0.5,0.3125,1.15625,23.71875,0.5625,0.4880382775119617,0.3923444976076555,0.49751243781094523,0.6161253468255264,0.422461296247704,0
0,2,13.513513513513514,4.972972972972973,3.7027027027027026,2.4864864864864864,0.24324324324324326,1.8108108108108107,32.0,0.972972972972973,0.4894179894179894,0.328042328042328,1.9377652050919376,0.5779545034214907,0.5363307232466111,0
1,1,16.82758620689655,5.689655172413793,2.0,1.0,0.5172413793103449,2.8620689655172415,32.724137931034484,1.0,0.23705722070844687,0.4713896457765668,0.6752037252619324,0.5506409099115364,0.5735896627797037,0
0,1,12.533333333333333,2.9,1.9333333333333333,0.6333333333333333,0.03333333333333333,1.5666666666666667,30.0,0.9333333333333333,0.5953079178885631,0.11436950146627566,1.16,0.5249050703596158,0.48062015503875966,0
0,3,16.972972972972972,3.324324324324324,2.7837837837837838,1.027027027027027,0.08108108108108109,1.4594594594594594,33.027027027027025,0.972972972972973,0.6153846153846154,0.2702702702702703,1.7850953206239166,0.5834262356001486,0.5963938973647711,0
0,1,10.31578947368421,2.973684210526316,2.526315789473684,0.8157894736842105,0.18421052631578946,1.7894736842105263,30.263157894736842,1.0,0.4742857142857143,0.21428571428571427,1.3370473537604455,0.5117493472584856,0.42295025134338704,0
1,2,10.416666666666666,5.861111111111111,1.1666666666666667,1.1944444444444444,0.9722222222222222,1.2777777777777777,27.25,1.0,0.23469387755102042,0.2857142857142857,0.8467741935483871,0.5665337200870196,0.42352224253503956,0
0,0,11.636363636363637,3.1818181818181817,1.6666666666666667,1.9393939393939394,0.09090909090909091,2.4242424242424243,27.78787878787879,0.9696969696969697,0.36162361623616235,0.6088560885608856,0.6602641056422569,0.5587892898719441,0.4770183635770944,0
0,0,18.125,4.5625,6.15625,1.9375,0.4375,3.375,34.8125,1.0,0.36428571428571427,0.47619047619047616,1.7715827338129495,0.5708661417322834,0.6954887218045113,1
0,3,13.241379310344827,3.8275862068965516,4.0,1.5172413793103448,0.1724137931034483,3.0344827586206895,30.06896551724138,0.896551724137931,0.35082872928176795,0.24861878453038674,1.2761276127612762,0.4780876494023904,0.5714938850154302,0
1,3,10.472222222222221,5.777777777777778,0.25,0.3611111111111111,0.6944444444444444,1.4166666666666667,22.72222222222222,0.7777777777777778,0.0,0.2275449101796407,0.1648351648351648,0.5130089266274765,0.4698149951314508,0
0,1,13.241379310344827,3.0689655172413794,3.0,1.0344827586206897,0.13793103448275862,3.0344827586206895,31.82758620689655,0.9655172413793104,0.4318181818181818,0.3474025974025974,0.9570957095709571,0.540723217303143,0.5086942434388162,0
0,0,8.969696969696969,5.0606060606060606,1.0303030303030303,0.45454545454545453,0.2727272727272727,1.2121212121212122,26.696969696969695,0.8787878787878788,0.19838056680161945,0.2874493927125506,0.7852193995381062,0.5319148936170213,0.37317652380413885,0
1,0,8.838709677419354,4.580645161290323,1.6774193548387097,0.8709677419354839,1.0,1.7096774193548387,29.612903225806452,1.0,0.5364963503649635,0.19343065693430658,0.9269162210338681,0.46078299475312795,0.3539246553034415,0
1,3,15.794117647058824,6.088235294117647,2.588235294117647,1.0588235294117647,0.4117647058823529,1.5,32.64705882352941,1.0,0.20822622107969152,0.40359897172236503,1.6176470588235294,0.5861421585749215,0.5613436321178372,0
0,2,11.555555555555555,4.638888888888889,1.75,1.1111111111111112,0.4166666666666667,1.4722222222222223,27.194444444444443,0.9722222222222222,0.3323262839879154,0.2719033232628399,1.1130742049469964,0.5612520237452779,0.4874821901078771,0
0,2,11.71875,3.09375,1.53125,0.46875,0.0,1.375,32.125,1.0,0.7694704049844237,0.06542056074766354,1.0381355932203389,0.5677688953488372,0.4111714507370054,0
1,3,10.142857142857142,6.928571428571429,1.3928571428571428,0.7142857142857143,0.8214285714285714,1.6071428571428572,28.0,0.8928571428571429,0.03347280334728033,0.38493723849372385,0.815899581589958,0.508086446257335,0.41052364006100656,0
0,1,9.06060606060606,3.0,3.9393939393939394,1.3333333333333333,0.12121212121212122,2.3636363636363638,29.90909090909091,1.0,0.1827956989247312,0.27956989247311825,1.5990159901599015,0.477147963743138,0.43320205998182365,0
0,3,13.818181818181818,4.0,2.696969696969697,1.0606060606060606,0.18181818181818182,1.8484848484848484,30.515151515151516,1.0,0.5437158469945356,0.2459016393442623,1.3841368584758942,0.5621301775147929,0.5394437295852716,0
1,3,16.87878787878788,7.545454545454546,1.2727272727272727,0.5757575757575758,1.0,1.8484848484848484,29.393939393939394,0.15151515151515152,0.11396011396011396,0.6239316239316239,0.6531881804043546,0.62254113018598,0.6154320353436762,0
0,3,12.642857142857142,2.142857142857143,3.857142857142857,1.1785714285714286,0.42857142857142855,1.6071428571428572,34.392857142857146,0.9642857142857143,0.47720364741641336,0.1641337386018237,2.2594142259414225,0.5017575688853612,0.4783599088838268,0
1,3,13.08695652173913,6.0,2.0,0.5652173913043478,0.7391304347826086,1.1304347826086956,31.608695652173914,1.0,0.5201793721973094,0.242152466367713,1.6254416961130742,0.6099043605122386,0.47579871109282873,1
0,3,9.441176470588236,2.823529411764706,2.6176470588235294,0.8529411764705882,0.029411764705882353,1.588235294117647,21.735294117647058,0.029411764705882353,0.39299610894941633,0.47470817120622566,1.5505226480836236,0.5166087292390884,0.5522629310344828,0
0,3,22.17142857142857,4.457142857142857,2.3714285714285714,0.9428571428571428,0.2571428571428571,1.9714285714285715,32.142857142857146,1.0,0.2732342007434944,0.43866171003717475,1.1448275862068964,0.6045120279197308,0.7611874169251217,0
1,3,10.580645161290322,10.32258064516129,1.2258064516129032,0.5161290322580645,0.22580645161290322,1.6129032258064515,27.0,1.0,0.0,0.5786802030456852,0.7156308851224106,0.6635377892862923,0.43566242114034043,0
0,2,13.657142857142857,3.657142857142857,2.057142857142857,0.8285714285714286,0.05714285714285714,1.1428571428571428,31.457142857142856,0.8,0.568019093078759,0.17422434367541767,1.6551724137931032,0.5297925164036177,0.49796287913082843,0
0,2,14.090909090909092,4.121212121212121,2.878787878787879,0.9090909090909091,0.12121212121212122,1.5757575757575757,29.09090909090909,1.0,0.4782608695652174,0.30179028132992325,1.7179023508137432,0.5249254944459496,0.5813349942904599,0
1,3,7.4411764705882355,4.617647058823529,0.5,0.20588235294117646,0.5294117647058824,1.1176470588235294,22.176470588235293,0.9117647058823529,0.005208333333333333,0.22916666666666666,0.41062801932367143,0.5985049205147615,0.35648270398732507,0
0,3,25.0,5.72972972972973,2.027027027027027,1.135135135135135,0.4864864864864865,3.054054054054054,35.37837837837838,1.0,0.5357737104825291,0.33277870216306155,0.6426735218508998,0.6712626995645864,0.7617886798202178,1
0,3,8.212121212121213,2.5454545454545454,1.3333333333333333,0.6666666666666666,0.030303030303030304,1.0909090909090908,24.363636363636363,0.45454545454545453,0.5850622406639004,0.3360995850622407,1.1195928753180662,0.48980624638519377,0.3901895206243033,0
0,2,12.333333333333334,6.433333333333334,3.966666666666667,1.4333333333333333,0.43333333333333335,1.4666666666666666,35.1,1.0,0.08433734939759036,0.22289156626506024,2.5319148936170213,0.5074610489357033,0.4630681818181818,0
0,3,7.648648648648648,1.0,1.5135135135135136,0.8918918918918919,0.02702702702702703,1.027027027027027,17.324324324324323,0.05405405405405406,0.419811320754717,0.6037735849056604,1.3429256594724222,0.527355396541443,0.5258259655653792,0
0,2,11.117647058823529,6.764705882352941,0.7352941176470589,0.47058823529411764,0.20588235294117646,1.6764705882352942,27.735294117647058,0.9117647058823529,0.4139072847682119,0.26158940397350994,0.4139072847682119,0.5612305499465495,0.42582417582417575,0
0,3,8.085714285714285,3.4857142857142858,1.1142857142857143,0.7714285714285715,0.42857142857142855,1.2285714285714286,23.114285714285714,0.5714285714285714,0.416289592760181,0.248868778280543,0.8387096774193548,0.5770799347471453,0.39630769230769225,0
1,3,8.484848484848484,4.363636363636363,0.7575757575757576,0.5757575757575758,0.3939393939393939,1.0606060606060606,20.393939393939394,0.3333333333333333,0.3915094339622642,0.21226415094339623,0.6527415143603132,0.6039689387402933,0.4509832914387106,0
1,2,9.71875,6.78125,1.34375,1.53125,0.8125,1.625,31.03125,1.0,0.2785714285714286,0.19642857142857142,0.7789855072463767,0.5111768573307035,0.35535033125878335,0
1,2,18.4375,6.75,2.75,0.25,0.78125,2.46875,28.0,1.0,0.0707070707070707,0.4393939393939394,1.0705596107055961,0.6242593533096327,0.7540035587188612,0
0,3,15.192307692307692,3.4615384615384617,4.076923076923077,2.8461538461538463,0.038461538461538464,2.0384615384615383,37.11538461538461,1.0,0.42142857142857143,0.2857142857142857,1.9064748201438848,0.6265862944162437,0.5177759404712691,0
0,0,9.702702702702704,3.8378378378378377,2.4864864864864864,1.4054054054054055,0.43243243243243246,1.9189189189189189,27.783783783783782,0.972972972972973,0.25,0.6174242424242424,1.2315930388219545,0.5346717502680804,0.43714258020742464,0
0,0,7.515151515151516,2.909090909090909,1.2121212121212122,0.8787878787878788,0.2727272727272727,1.5454545454545454,18.03030303030303,0.0,0.3372093023255814,0.6744186046511628,0.7366482504604052,0.5559540889526543,0.48136386428213274,0
0,2,16.733333333333334,3.3,4.8,1.9666666666666666,0.36666666666666664,2.8333333333333335,30.333333333333332,1.0,0.4920212765957447,0.24202127659574468,1.6363636363636362,0.6033073742909335,0.7075575027382257,1
0,0,12.06060606060606,2.303030303030303,2.515151515151515,1.2121212121212122,0.030303030303030304,1.7878787878787878,31.151515151515152,0.8787878787878788,0.5522875816993464,0.35947712418300654,1.3322632423756018,0.5615124153498872,0.46640162901192667,0
1,3,9.75,5.142857142857143,3.25,1.1428571428571428,0.8571428571428571,1.7142857142857142,35.035714285714285,1.0,0.011695906432748537,0.5964912280701754,1.7913385826771653,0.632295719844358,0.36999390119943076,0
1,0,16.257142857142856,8.2,2.4285714285714284,0.6285714285714286,1.1142857142857143,1.4857142857142858,29.942857142857143,1.0,0.15223097112860892,0.2782152230971129,1.5315315315315312,0.665279206809466,0.621968616262482,1
1,2,11.11111111111111,4.055555555555555,0.8055555555555556,0.6388888888888888,0.3333333333333333,1.4166666666666667,24.916666666666668,0.5555555555555556,0.6024844720496895,0.36645962732919257,0.5311355311355311,0.5348737697903294,0.4763491005996002,0
1,3,11.551724137931034,3.793103448275862,1.3103448275862069,0.5172413793103449,0.3103448275862069,0.9310344827586207,29.448275862068964,0.6551724137931034,0.625531914893617,0.37446808510638296,1.2709030100334449,0.6119392079497296,0.4352899988330026,0
1,1,12.76,7.72,1.56,1.2,1.12,2.44,28.44,1.0,0.23076923076923078,0.41700404858299595,0.6141732283464567,0.5456349206349207,0.5017519271198317,0
1,3,14.264705882352942,5.823529411764706,1.1470588235294117,0.7941176470588235,0.9705882352941176,1.9411764705882353,32.94117647058823,1.0,0.3740053050397878,0.3952254641909814,0.5619596541786743,0.5479483007953724,0.4664411607619726,0
0,1,15.625,4.5,2.65625,1.03125,0.375,2.375,33.09375,1.0,0.34823529411764703,0.3623529411764706,1.073232323232323,0.5073463755174933,0.5507437394087742,0
1,1,16.970588235294116,7.647058823529412,1.2941176470588236,0.9411764705882353,0.35294117647058826,2.3529411764705883,31.88235294117647,0.8529411764705882,0.46396396396396394,0.3063063063063063,0.52757793764988,0.572602413464592,0.5710869965054257,0
2,0,15.083333333333334,8.972222222222221,1.5555555555555556,1.2777777777777777,0.7222222222222222,2.5,29.083333333333332,1.0,0.289044289044289,0.3962703962703963,0.5982905982905983,0.5389043271139341,0.5701503902531887,0
0,3,8.272727272727273,4.181818181818182,1.4242424242424243,1.3333333333333333,0.8484848484848485,1.5757575757575757,28.242424242424242,1.0,0.2422680412371134,0.44329896907216493,0.8499095840867993,0.5887681159420289,0.3421362129797926,0
0,3,12.588235294117647,2.5294117647058822,3.764705882352941,1.1470588235294117,0.4411764705882353,1.2352941176470589,31.61764705882353,1.0,0.5875706214689266,0.2627118644067797,2.819383259911894,0.5418819001316723,0.5155786350148367,1
0,3,13.956521739130435,3.9130434782608696,3.782608695652174,1.2173913043478262,0.17391304347826086,2.4347826086956523,29.782608695652176,0.9130434782608695,0.2852112676056338,0.31338028169014087,1.4922813036020581,0.4966580022279985,0.5936272370144041,0
0,0,15.333333333333334,4.151515151515151,2.757575757575758,1.121212121212121,0.18181818181818182,2.878787878787879,28.606060606060606,1.0,0.5533980582524272,0.3640776699029126,0.9257375381485249,0.5292887029288703,0.6302121819909217,1
0,2,15.617647058823529,3.7058823529411766,4.411764705882353,0.9117647058823529,0.20588235294117646,2.764705882352941,34.64705882352941,1.0,0.48598130841121495,0.3621495327102804,1.540041067761807,0.5350665054413543,0.5764347384459116,0
0,2,10.513513513513514,3.0,5.405405405405405,1.7027027027027026,0.21621621621621623,2.054054054054054,32.567567567567565,1.0,0.4119318181818182,0.20170454545454544,2.509410288582183,0.507514873186515,0.48730040539422526,0
1,3,11.13888888888889,7.222222222222222,1.2222222222222223,1.3611111111111112,0.3888888888888889,1.2222222222222223,28.75,1.0,0.34935897435897434,0.3974358974358974,0.9243697478991596,0.5469773024879965,0.42846139033314073,0
1,3,11.68,4.08,2.0,1.44,0.8,1.32,29.08,0.96,0.584070796460177,0.2743362831858407,1.408450704225352,0.5764371446620341,0.4688142563399589,0
1,1,8.575757575757576,6.696969696969697,1.393939393939394,0.9090909090909091,0.9696969696969697,1.0909090909090908,27.78787878787879,0.5151515151515151,0.14485981308411214,0.5233644859813084,1.1704834605597965,0.5374506229109693,0.3574921221340867,0
2,3,10.703703703703704,7.185185185185185,2.6296296296296298,0.7037037037037037,0.9629629629629629,1.4444444444444444,30.25925925925926,0.8888888888888888,0.38497652582159625,0.36619718309859156,1.7026378896882495,0.584263302603914,0.43918506770769794,0
2,2,13.878787878787879,6.878787878787879,1.1515151515151516,0.24242424242424243,1.6363636363636365,1.9696969696969697,26.242424242424242,1.0,0.009615384615384616,0.5384615384615384,0.5563689604685212,0.5933872305140961,0.5705740250776486,1
0,2,14.68421052631579,3.1052631578947367,3.6315789473684212,1.394736842105263,0.13157894736842105,1.868421052631579,30.394736842105264,0.9736842105263158,0.5386416861826698,0.32084309133489464,1.8449197860962567,0.5725660811032671,0.6006213324128409,0
0,2,12.038461538461538,2.5384615384615383,3.1538461538461537,1.0769230769230769,0.07692307692307693,3.0384615384615383,24.76923076923077,0.6153846153846154,0.4509090909090909,0.29454545454545455,1.0049019607843137,0.5037986093226887,0.6108877203835447,0
0,3,9.892857142857142,2.8214285714285716,1.9642857142857142,0.42857142857142855,0.17857142857142858,0.8571428571428571,25.285714285714285,0.8928571428571429,0.6598360655737705,0.19262295081967212,2.0522388059701493,0.523273386731147,0.46707934721440625,0
1,3,18.90909090909091,6.333333333333333,1.0909090909090908,0.9696969696969697,2.606060606060606,1.1515151515151516,30.78787878787879,1.0,0.35523613963039014,0.3080082135523614,0.8716707021791765,0.5641952983725136,0.6475031884626704,0
1,3,12.277777777777779,5.166666666666667,0.5555555555555556,0.9444444444444444,0.8611111111111112,0.6111111111111112,25.666666666666668,1.0,0.08080808080808081,0.39057239057239057,0.78125,0.6349844845420066,0.49805950840879687,0
0,0,12.708333333333334,3.6666666666666665,3.7916666666666665,1.1666666666666667,0.0,2.0416666666666665,33.458333333333336,1.0,0.5670498084291188,0.13026819923371646,1.7704280155642023,0.5526163212059719,0.4916811522224981,0
0,2,17.428571428571427,5.428571428571429,1.9142857142857144,1.3428571428571427,0.22857142857142856,1.9428571428571428,32.42857142857143,1.0,0.5200803212851406,0.26104417670682734,0.9370629370629372,0.5493515850144092,0.5946420729029424,0
0,2,8.382352941176471,3.1176470588235294,3.5588235294117645,1.0294117647058822,0.7941176470588235,2.0,24.941176470588236,0.8235294117647058,0.23255813953488372,0.4418604651162791,1.6946778711484591,0.5549065420560747,0.4768616396523373,0
2,2,17.866666666666667,10.033333333333333,1.9666666666666666,0.6,1.1333333333333333,1.7333333333333334,32.666666666666664,1.0,0.11616161616161616,0.39141414141414144,1.0727272727272725,0.5773373545885394,0.6052899287894201,0
1,3,7.575757575757576,4.242424242424242,1.4848484848484849,0.696969696969697,0.48484848484848486,1.1515151515151516,31.242424242424242,0.9696969696969697,0.4789473684210526,0.28421052631578947,1.1864406779661016,0.5847679640718563,0.28908440491153437,0
1,2,7.257142857142857,5.3428571428571425,1.6571428571428573,0.3142857142857143,0.17142857142857143,1.2285714285714286,22.17142857142857,0.8285714285714286,0.532608695652174,0.31521739130434784,1.2473118279569892,0.6061473844979,0.40025657472738935,0
1,3,10.11111111111111,7.361111111111111,3.4166666666666665,1.1944444444444444,0.9444444444444444,2.6944444444444446,29.86111111111111,1.0,0.17647058823529413,0.30514705882352944,1.2226640159045723,0.5899131336704266,0.45151121824587426,0
0,2,13.085714285714285,3.057142857142857,2.4,0.8857142857142857,0.02857142857142857,1.4285714285714286,30.2,0.8571428571428571,0.718562874251497,0.218562874251497,1.570093457943925,0.6254779853599912,0.5110796793965111,0
1,3,9.65625,5.75,1.34375,0.78125,0.59375,1.375,32.71875,1.0,0.2558139534883721,0.4511627906976744,0.9110169491525423,0.5995808755045017,0.3351742525233289,0
0,0,11.848484848484848,5.636363636363637,3.212121212121212,1.4848484848484849,0.5454545454545454,2.0303030303030303,31.90909090909091,0.8787878787878788,0.3253424657534247,0.4143835616438356,1.5078236130867708,0.5662727378055845,0.4705102717031146,0
0,2,11.28,3.4,1.2,0.8,0.44,0.76,29.56,0.8,0.6282722513089005,0.21465968586387435,1.3953488372093024,0.6745120551090701,0.42076871207012806,1
1,2,16.114285714285714,3.2285714285714286,2.7142857142857144,1.0857142857142856,0.45714285714285713,2.057142857142857,25.314285714285713,0.7714285714285715,0.33649289099526064,0.2985781990521327,1.2582781456953644,0.5906501340482574,0.7408656548622822,1
0,2,11.64516129032258,4.709677419354839,2.774193548387097,1.064516129032258,0.3225806451612903,1.935483870967742,27.225806451612904,1.0,0.5538461538461539,0.19076923076923077,1.3629160063391441,0.5123765186783241,0.5276826820918427,0
1,1,8.027027027027026,4.081081081081081,1.027027027027027,0.6486486486486487,0.4594594594594595,0.8648648648648649,26.135135135135137,0.972972972972973,0.6848739495798319,0.13445378151260504,1.0644257703081232,0.5890986988257696,0.3451117750077263,0
0,1,13.512820512820513,4.256410256410256,3.641025641025641,1.0256410256410255,0.20512820512820512,1.8974358974358974,33.94871794871795,1.0,0.4295942720763723,0.30071599045346065,1.822849807445443,0.5553916195936262,0.5038029972136455,0
2,0,7.405405405405405,6.972972972972973,0.5675675675675675,0.5675675675675675,2.081081081081081,1.4054054054054055,24.54054054054054,1.0,0.005494505494505495,0.4010989010989011,0.37701974865350085,0.6398281337567719,0.32357135022485467,0
0,1,11.878787878787879,4.515151515151516,2.3333333333333335,0.9393939393939394,0.3333333333333333,1.1515151515151516,33.303030303030305,1.0,0.6619718309859155,0.2605633802816901,1.8644067796610169,0.6191559262067222,0.4254740088905017,0
0,1,12.363636363636363,5.2727272727272725,2.8484848484848486,1.2424242424242424,0.15151515151515152,2.242424242424242,31.575757575757574,0.8484848484848485,0.1942675159235669,0.4140127388535032,1.2160413971539459,0.5495689655172414,0.4802449057686788,0
1,1,7.5,5.794117647058823,1.7352941176470589,1.411764705882353,1.2647058823529411,0.7941176470588235,23.764705882352942,0.29411764705882354,0.5714285714285714,0.21674876847290642,1.9407894736842108,0.573394495412844,0.3869854572344096,0
1,3,10.857142857142858,6.8,3.657142857142857,0.6857142857142857,0.9142857142857143,1.9428571428571428,31.228571428571428,1.0,0.6014234875444839,0.298932384341637,1.7902097902097902,0.5975594414391748,0.4632922936616507,0
1,1,14.114285714285714,5.714285714285714,2.857142857142857,1.0,0.45714285714285713,1.2,32.6,1.0,0.5587392550143266,0.17478510028653296,2.197802197802198,0.6571945508727118,0.5190039318479686,0
0,1,12.291666666666666,3.6666666666666665,1.8333333333333333,1.5416666666666667,0.4166666666666667,2.2916666666666665,28.208333333333332,0.9583333333333334,0.4259927797833935,0.20577617328519857,0.7665505226480837,0.48828125,0.49896967912864293,0
2,2,18.5,9.029411764705882,1.4705882352941178,0.5,1.7647058823529411,2.0294117647058822,32.705882352941174,1.0,0.13073394495412843,0.36926605504587157,0.6906077348066298,0.6205114039933707,0.6087502241348395,0
1,2,13.257142857142858,9.485714285714286,1.4,0.7142857142857143,0.17142857142857143,2.2857142857142856,25.4,0.9714285714285714,0.0,0.6818181818181818,0.5868263473053892,0.5407925407925408,0.5747899159663866,0
0,0,9.875,4.0625,3.46875,0.71875,0.375,1.96875,32.1875,1.0,0.4150197628458498,0.47035573122529645,1.6767371601208458,0.5174220592088027,0.4132791327913279,0
0,2,13.0,4.722222222222222,3.138888888888889,1.3055555555555556,0.9722222222222222,1.75,30.75,1.0,0.4297082228116711,0.30238726790450926,1.6966966966966965,0.5478041015076318,0.5231406446965604,1
1,1,10.333333333333334,6.366666666666666,0.7666666666666667,1.0,1.2666666666666666,1.5,24.2,0.8666666666666667,0.1076923076923077,0.2692307692307692,0.4791666666666667,0.5330123796423659,0.45679012345679015,0
1,0,10.135135135135135,6.297297297297297,1.1081081081081081,1.135135135135135,1.8108108108108107,1.2702702702702702,30.324324324324323,0.0,0.45660377358490567,0.35094339622641507,0.8086785009861933,0.6129053347280334,0.3695478369014835,0
0,3,8.96774193548387,2.064516129032258,0.8064516129032258,0.5483870967741935,0.16129032258064516,0.6129032258064516,23.64516129032258,0.6774193548387096,0.4372093023255814,0.13488372093023257,1.1312217194570136,0.6102915349490692,0.41162885477516636,0
1,3,7.454545454545454,4.666666666666667,1.4242424242424243,0.3939393939393939,0.9393939393939394,1.121212121212121,21.848484848484848,0.42424242424242425,0.0,0.4772727272727273,1.1662531017369728,0.5775732531930878,0.4045285102857932,0
0,2,9.15625,2.375,4.375,1.0625,0.09375,1.21875,29.875,0.5,0.43612334801762115,0.2511013215859031,3.3175355450236963,0.5811647096159949,0.451417848206839,0
0,2,12.6,2.933333333333333,3.533333333333333,0.6666666666666666,0.26666666666666666,2.466666666666667,27.966666666666665,1.0,0.3435374149659864,0.4897959183673469,1.3766233766233764,0.5288784419073204,0.5748218527315915,0
1,2,8.117647058823529,4.5,0.6470588235294118,0.23529411764705882,0.6470588235294118,1.3823529411764706,22.147058823529413,0.9705882352941176,0.03349282296650718,0.28708133971291866,0.4365079365079365,0.5862361937128292,0.39397144368059217,0
0,2,16.558823529411764,5.852941176470588,0.5882352941176471,1.1470588235294117,0.3235294117647059,1.5588235294117647,29.705882352941178,1.0,0.5209876543209877,0.2740740740740741,0.3546099290780142,0.6202626476291203,0.5752910992697848,0
0,2,10.030303030303031,3.4545454545454546,1.303030303030303,1.1515151515151516,0.12121212121212122,1.3636363636363635,27.181818181818183,0.9090909090909091,0.6025641025641025,0.37606837606837606,0.8902691511387163,0.6068495159870929,0.4154170831944907,0
0,0,10.774193548387096,3.6129032258064515,2.032258064516129,0.8709677419354839,0.3548387096774194,1.8709677419354838,28.35483870967742,0.6129032258064516,0.40304182509505704,0.3269961977186312,1.0310965630114566,0.5551123520808403,0.450062351207346,0
0,2,13.35135135135135,6.324324324324325,0.8648648648648649,0.7567567567567568,0.2972972972972973,0.8648648648648649,30.675675675675677,0.972972972972973,0.7294117647058823,0.10823529411764705,0.896358543417367,0.5547569849968557,0.4619302713620795,0
1,3,8.375,4.34375,1.375,0.46875,0.28125,0.9375,27.0625,1.0,0.5204081632653061,0.5204081632653061,1.325301204819277,0.556293590169379,0.3589507593189139,0
1,3,8.833333333333334,4.388888888888889,1.0277777777777777,0.6388888888888888,1.2777777777777777,1.1388888888888888,19.0,1.0,0.14746543778801843,0.2488479262672811,0.8295964125560537,0.6604087057650773,0.5162885398487492,0
1,0,13.735294117647058,5.382352941176471,0.7647058823529411,0.9411764705882353,1.6176470588235294,2.0294117647058822,24.941176470588236,1.0,0.17751479289940827,0.3816568047337278,0.3591160220994475,0.5914986320802513,0.5790462767206953,1
0,3,13.323529411764707,3.5588235294117645,2.7941176470588234,1.4705882352941178,0.6470588235294118,2.3823529411764706,30.558823529411764,0.7647058823529411,0.542319749216301,0.38557993730407525,1.1255924170616112,0.6070433104631218,0.5257099002302379,0
0,1,13.130434782608695,4.782608695652174,2.5217391304347827,1.2608695652173914,0.7391304347826086,2.5652173913043477,31.434782608695652,0.9130434782608695,0.4017467248908297,0.4279475982532751,0.9461663947797717,0.5549022490077907,0.4963463394457466,0
1,2,8.441176470588236,5.764705882352941,1.0294117647058822,0.8823529411764706,0.4411764705882353,0.7647058823529411,23.205882352941178,0.38235294117647056,0.4112903225806452,0.23790322580645162,1.1904761904761905,0.523799094758359,0.4063604240282685,0
2,3,8.774193548387096,6.064516129032258,0.6129032258064516,0.45161290322580644,0.9032258064516129,1.4193548387096775,26.64516129032258,0.967741935483871,0.0,0.3537117903930131,0.4033970276008492,0.5139056831922613,0.3509829936075262,0
0,0,9.38888888888889,3.75,5.333333333333333,1.8888888888888888,0.16666666666666666,1.4722222222222223,34.166666666666664,1.0,0.322884012539185,0.19435736677115986,3.3922261484098932,0.4880443571676101,0.4296368352788586,0
2,1,9.114285714285714,4.428571428571429,0.2,0.2,3.4571428571428573,1.0285714285714285,26.285714285714285,1.0,0.0,0.5508021390374331,0.17721518987341772,0.6865530303030303,0.35300487276664855,0
0,3,8.966666666666667,4.033333333333333,2.8333333333333335,0.8666666666666667,0.5666666666666667,2.033333333333333,29.433333333333334,0.9,0.24774774774774774,0.2882882882882883,1.328125,0.5376559002238568,0.39954853273137697,0
1,2,9.241379310344827,6.0344827586206895,1.6551724137931034,0.5517241379310345,0.7931034482758621,1.2413793103448276,21.655172413793103,0.8275862068965517,0.2465753424657534,0.2785388127853881,1.2339331619537273,0.5450699642043606,0.5008717704866064,0
0,3,13.303030303030303,2.5757575757575757,1.4848484848484849,1.121212121212121,0.06060606060606061,1.0,31.151515151515152,0.9696969696969697,0.6455696202531646,0.27848101265822783,1.349862258953168,0.6187979251240414,0.4731891787064869,0
1,3,12.043478260869565,5.826086956521739,1.826086956521739,0.8695652173913043,0.7391304347826086,2.8260869565217392,28.130434782608695,0.9565217391304348,0.2358490566037736,0.5,0.6240713224368498,0.5354933498298794,0.4912983212690589,0
0,2,14.125,3.8125,2.28125,0.9375,0.28125,1.375,30.46875,1.0,0.46875,0.2109375,1.5466101694915253,0.5385568582594605,0.5367000613371499,0
0,0,10.333333333333334,4.0,4.083333333333333,1.4583333333333333,0.4583333333333333,2.4583333333333335,24.791666666666668,0.2916666666666667,0.20512820512820512,0.3384615384615385,1.5960912052117262,0.5534725941796108,0.5791764312018748,1
1,3,12.342857142857143,5.228571428571429,1.8285714285714285,0.7428571428571429,0.42857142857142855,1.8285714285714285,30.34285714285714,0.9142857142857143,0.26216216216216215,0.32432432432432434,0.9481481481481481,0.510879848628193,0.46550915063350545,0
0,3,16.77777777777778,2.8333333333333335,3.0833333333333335,1.6111111111111112,0.16666666666666666,1.5833333333333333,30.77777777777778,1.0,0.576036866359447,0.347926267281106,1.8316831683168318,0.6034689473263528,0.6432169845268082,1
0,0,11.61111111111111,2.6944444444444446,1.5833333333333333,1.1388888888888888,0.1388888888888889,0.9722222222222222,27.166666666666668,0.9444444444444444,0.48214285714285715,0.3482142857142857,1.4766839378238341,0.5393826778156292,0.48390383048084756,0
0,3,9.971428571428572,2.942857142857143,4.371428571428571,0.8571428571428571,0.11428571428571428,2.2,36.02857142857143,1.0,0.5165562913907285,0.2582781456953642,1.900621118012422,0.5188510941960038,0.3969948596283115,0
1,3,11.875,3.0625,1.34375,1.40625,0.5625,1.53125,31.03125,1.0,0.4212328767123288,0.3116438356164384,0.8237547892720306,0.5722202144319961,0.4246135314193937,0
0,2,14.727272727272727,2.6818181818181817,1.5454545454545454,0.6818181818181818,0.045454545454545456,1.7272727272727273,31.363636363636363,0.6363636363636364,0.5608856088560885,0.13284132841328414,0.8457711442786069,0.5647747873378888,0.5171915631320427,0
1,2,13.71875,9.46875,1.28125,1.0,1.875,2.46875,31.9375,1.0,0.0,0.7319587628865979,0.49878345498783455,0.5705448118111873,0.46820132657042524,0
0,0,8.65625,2.625,2.34375,0.5625,0.0625,1.5,20.03125,0.125,0.3118279569892473,0.24372759856630824,1.46484375,0.4483361388061634,0.5464141570940702,0
1,3,21.243243243243242,7.54054054054054,3.2162162162162162,0.6216216216216216,0.972972972972973,2.5945945945945947,31.54054054054054,1.0,0.047244094488188976,0.4862204724409449,1.19358074222668,0.6372835181942011,0.7730417698812676,0
0,3,15.075,6.575,6.2,0.925,0.3,2.45,33.175,1.0,0.5034168564920274,0.47380410022779046,2.4313725490196076,0.5683103370278217,0.6393688955672426,1
0,2,8.5,2.5,1.4411764705882353,0.9705882352941176,0.11764705882352941,1.088235294117647,24.147058823529413,0.2647058823529412,0.6138996138996139,0.18532818532818532,1.2128712871287128,0.5158503498500643,0.40999514798641434,0
1,3,14.047619047619047,5.9523809523809526,0.6666666666666666,0.7619047619047619,1.1428571428571428,1.0476190476190477,26.904761904761905,0.5238095238095238,0.28191489361702127,0.32978723404255317,0.5809128630705394,0.6851542177629134,0.5448774466584376,0
0,2,12.392857142857142,2.6785714285714284,4.107142857142857,0.6071428571428571,0.0,1.5,31.321428571428573,1.0,0.4983388704318937,0.2724252491694352,2.566964285714285,0.5147146078082354,0.5251193453057512,0
0,3,16.925,3.45,2.1,1.275,0.125,1.35,32.6,0.9,0.47186932849364793,0.20508166969147004,1.4482758620689653,0.563490478092955,0.5818042813455657,0
0,3,15.631578947368421,3.8157894736842106,3.1842105263157894,1.0263157894736843,0.0,1.6578947368421053,34.23684210526316,1.0,0.628175519630485,0.2678983833718245,1.8113772455089818,0.6135856540781753,0.5479767014101778,0
0,1,13.03225806451613,3.0,2.6129032258064515,1.6129032258064515,0.12903225806451613,1.5483870967741935,31.580645161290324,0.9354838709677419,0.3507246376811594,0.24347826086956523,1.5851272015655575,0.5288511886061368,0.49383973118827,0
1,1,11.575757575757576,5.96969696969697,1.0909090909090908,0.7878787878787878,0.7272727272727273,1.1515151515151516,28.636363636363637,0.9696969696969697,0.15873015873015872,0.6309523809523809,0.8716707021791765,0.5932413964467637,0.44078877992196563,0
0,3,11.615384615384615,4.1923076923076925,2.769230769230769,1.6153846153846154,0.7307692307692307,2.230769230769231,29.46153846153846,1.0,0.34710743801652894,0.2231404958677686,1.188118811881188,0.5681818181818182,0.4865990111891751,0
1,2,8.31578947368421,5.605263157894737,4.2894736842105265,1.4736842105263157,0.34210526315789475,2.236842105263158,29.105263157894736,0.8947368421052632,0.11808118081180811,0.4317343173431734,1.8355855855855856,0.4899528652939717,0.4316092989727879,1
1,0,8.055555555555555,6.361111111111111,1.25,1.0555555555555556,0.3333333333333333,1.3333333333333333,23.75,0.5555555555555556,0.2669491525423729,0.2966101694915254,0.872093023255814,0.5434782608695652,0.39017004425809454,0
1,2,12.545454545454545,4.7272727272727275,0.9696969696969697,1.1515151515151516,0.15151515151515152,1.8484848484848484,30.939393939393938,1.0,0.5064102564102564,0.23717948717948717,0.4976671850699845,0.600766194566984,0.4354193107488041,0
0,2,13.636363636363637,3.121212121212121,3.1818181818181817,1.9696969696969697,0.15151515151515152,2.727272727272727,26.848484848484848,0.9090909090909091,0.46439628482972134,0.5325077399380805,1.1254019292604502,0.5643623959064914,0.6240863600584731,0
2,3,17.0,9.181818181818182,1.5909090909090908,1.7272727272727273,1.8636363636363635,2.3636363636363638,31.454545454545453,0.9545454545454546,0.0,0.5045454545454545,0.6457564575645756,0.6955810147299508,0.5891673869201959,0
0,2,10.64,2.4,0.68,0.64,0.2,1.08,29.04,0.96,0.6380090497737556,0.12217194570135746,0.576271186440678,0.57110958433528,0.38846945778997943,0
1,2,7.970588235294118,5.764705882352941,0.5294117647058824,0.47058823529411764,0.5,1.2941176470588236,20.470588235294116,0.7647058823529411,0.03888888888888889,0.4888888888888889,0.37974683544303794,0.6195135332845647,0.4132113239919931,0
0,3,14.325,4.85,3.625,1.475,0.25,1.0,32.95,1.0,0.5555555555555556,0.2222222222222222,3.295454545454545,0.6443994601889338,0.5431164901664144,1
2,3,8.096774193548388,5.741935483870968,0.8387096774193549,0.1935483870967742,2.2903225806451615,1.5483870967741935,22.29032258064516,0.8387096774193549,0.0,0.4207650273224044,0.5088062622309197,0.5786610106971597,0.39907794265955915,0
0,3,13.085714285714285,3.085714285714286,2.857142857142857,1.0,0.02857142857142857,2.142857142857143,26.942857142857143,0.8571428571428571,0.2946859903381642,0.2753623188405797,1.2738853503184713,0.49336435711823506,0.589540412044374,0
0,3,11.787878787878787,2.4545454545454546,1.2121212121212122,0.6666666666666666,0.06060606060606061,1.121212121212121,30.181818181818183,0.9696969696969697,0.5667870036101083,0.3212996389891697,0.9925558312655087,0.6151948380566801,0.42930051035725003,0
0,2,8.606060606060606,2.6363636363636362,3.0606060606060606,0.7575757575757576,0.12121212121212122,1.0909090909090908,27.424242424242426,0.9696969696969697,0.45936395759717313,0.24381625441696114,2.569974554707379,0.4531529231554761,0.4238687658262688,0
1,3,9.0,5.205882352941177,0.9705882352941176,0.17647058823529413,0.38235294117647056,1.0294117647058822,28.794117647058822,0.8823529411764706,0.0,0.4626865671641791,0.859375,0.6324404761904762,0.34507328990228014,0
0,1,11.96,3.68,0.88,0.64,0.16,1.2,29.92,0.68,0.5951417004048583,0.16194331983805668,0.6769230769230768,0.5650037792894935,0.4277148567621586,0
1,3,16.0,5.0588235294117645,2.411764705882353,1.1470588235294117,0.5588235294117647,1.7941176470588236,33.8235294117647,1.0,0.405,0.2575,1.2732919254658384,0.6107967304410312,0.5427431940350269,1
0,2,13.763157894736842,3.4473684210526314,2.6315789473684212,0.7368421052631579,0.2894736842105263,1.868421052631579,29.842105263157894,0.9736842105263158,0.47368421052631576,0.2907268170426065,1.3368983957219251,0.5810594613812106,0.5475478994550887,0
0,3,18.542857142857144,6.4,5.171428571428572,1.2,0.4,3.6285714285714286,34.114285714285714,1.0,0.2976939203354298,0.37945492662473795,1.3869731800766285,0.5829620580626617,0.6931106471816284,0
0,2,13.818181818181818,8.666666666666666,5.96969696969697,1.7878787878787878,0.3333333333333333,2.909090909090909,30.87878787878788,1.0,0.0626865671641791,0.5432835820895522,1.9838872104733132,0.5492917028042787,0.6387557468453487,0
0,3,17.583333333333332,3.5,8.25,2.5555555555555554,0.05555555555555555,3.6666666666666665,36.888888888888886,1.0,0.5321888412017167,0.44635193133047213,2.190265486725664,0.5676926388291004,0.6984079303094022,0
0,3,11.027027027027026,2.72972972972973,6.324324324324325,1.4594594594594594,0.10810810810810811,2.027027027027027,31.27027027027027,1.0,0.46325878594249204,0.2779552715654952,2.9733163913595932,0.580733318150763,0.5531144998707676,0
0,2,9.580645161290322,2.6451612903225805,1.8064516129032258,0.41935483870967744,0.0,0.967741935483871,26.161290322580644,0.3870967741935484,0.5,0.33760683760683763,1.6918429003021145,0.5525375799970234,0.4336076649060312,0
0,3,16.29032258064516,2.4193548387096775,5.451612903225806,1.032258064516129,0.06451612903225806,2.3870967741935485,35.83870967741935,1.0,0.6341463414634146,0.2121951219512195,2.1919584954604407,0.5632640314089409,0.604972623642402,0
1,3,10.970588235294118,6.4411764705882355,0.6176470588235294,0.4117647058823529,0.5294117647058824,1.6764705882352942,24.470588235294116,1.0,0.0,0.36619718309859156,0.347682119205298,0.5655628335759341,0.4716303567153459,0
0,3,18.485714285714284,9.0,3.942857142857143,0.9142857142857143,0.14285714285714285,2.2285714285714286,36.77142857142857,1.0,0.591002044989775,0.2310838445807771,1.6932515337423313,0.6004974754974755,0.6082913599380084,1
0,3,15.45945945945946,3.324324324324324,4.648648648648648,1.7297297297297298,0.05405405405405406,2.135135135135135,35.648648648648646,1.0,0.6374133949191686,0.29330254041570436,2.079806529625151,0.5850106365570283,0.5624858244499887,1
0,3,18.18918918918919,2.7567567567567566,2.081081081081081,1.1081081081081081,0.05405405405405406,1.4864864864864864,33.972972972972975,1.0,0.5992141453831041,0.33988212180746563,1.3117546848381603,0.5750957068635494,0.5949075910208613,0
0,1,13.758620689655173,4.413793103448276,5.482758620689655,2.310344827586207,0.1724137931034483,2.413793103448276,31.896551724137932,0.8620689655172413,0.19543973941368079,0.3517915309446254,2.1810699588477362,0.5627327090150063,0.6013579049466536,0
1,2,14.275862068965518,9.448275862068966,1.103448275862069,0.8275862068965517,0.8275862068965517,2.2413793103448274,26.310344827586206,0.9655172413793104,0.0,0.5961538461538461,0.47128129602356406,0.5255941499085923,0.5823214518866693,0
1,3,10.516129032258064,6.838709677419355,0.8387096774193549,0.6451612903225806,0.22580645161290322,1.5483870967741935,33.516129032258064,1.0,0.31297709923664124,0.5190839694656488,0.5088062622309197,0.5064628386776038,0.3377794837347663,0
0,2,13.885714285714286,6.4,1.4857142857142858,0.9714285714285714,0.42857142857142855,1.8,28.057142857142857,0.9714285714285714,0.4090909090909091,0.22727272727272727,0.7819548872180451,0.5578512396694214,0.5459157787924911,0
1,2,11.03225806451613,6.354838709677419,1.1935483870967742,0.7096774193548387,1.032258064516129,1.6774193548387097,23.387096774193548,1.0,0.01932367149758454,0.5072463768115942,0.6715063520871143,0.6753554502369669,0.5205328938332646,0
0,2,7.222222222222222,2.388888888888889,1.0277777777777777,0.3333333333333333,0.3055555555555556,0.6666666666666666,17.72222222222222,0.08333333333333333,0.3891891891891892,0.5405405405405406,1.3405797101449275,0.5676855895196506,0.46290523690773067,0
0,3,8.594594594594595,5.324324324324325,2.2432432432432434,1.6486486486486487,0.35135135135135137,1.837837837837838,32.13513513513514,1.0,0.4738562091503268,0.28431372549019607,1.1576011157601116,0.4618333914255839,0.3362119560660686,0
1,1,8.129032258064516,6.32258064516129,0.41935483870967744,0.45161290322580644,0.0967741935483871,1.1935483870967742,20.225806451612904,0.8709677419354839,0.16591928251121077,0.242152466367713,0.3241895261845386,0.5106176041497812,0.4205681637835264,0
1,2,14.464285714285714,7.178571428571429,1.0714285714285714,0.5,0.8214285714285714,2.107142857142857,29.571428571428573,0.8571428571428571,0.1396103896103896,0.3181818181818182,0.48543689320388345,0.5767259056732741,0.5235917188252286,0
1,3,20.444444444444443,6.333333333333333,1.4722222222222223,0.3611111111111111,0.8055555555555556,2.0555555555555554,33.583333333333336,1.0,0.389413988657845,0.277882797731569,0.6829896907216496,0.6198625522166823,0.6506679861454724,0
0,2,8.470588235294118,4.764705882352941,1.088235294117647,1.3823529411764706,0.14705882352941177,0.8235294117647058,28.294117647058822,1.0,0.6187050359712231,0.21223021582733814,1.178343949044586,0.47374654559810503,0.33664802154547335,0
0,2,13.82857142857143,3.942857142857143,6.885714285714286,1.7714285714285714,0.2571428571428571,1.6285714285714286,38.02857142857143,1.0,0.27461139896373055,0.24870466321243523,3.9834710743801653,0.5651036801793387,0.5432746346946421,0
0,0,14.875,3.5,4.28125,1.09375,0.0,3.375,34.6875,0.9375,0.43073047858942065,0.35768261964735515,1.2320143884892085,0.517976843388178,0.5506647502694934,0
0,2,15.216216216216216,5.702702702702703,2.4054054054054053,1.135135135135135,0.5405405405405406,1.3243243243243243,35.54054054054054,1.0,0.37383177570093457,0.17523364485981308,1.688804554079696,0.6106290672451193,0.4944263289603397,0
1,3,12.363636363636363,4.666666666666667,1.1818181818181819,0.6060606060606061,0.5151515151515151,1.3636363636363635,28.484848484848484,1.0,0.28762541806020064,0.2909698996655518,0.8074534161490684,0.6048387096774194,0.4738683345701261,0
1,3,14.5,4.055555555555555,0.8611111111111112,0.9166666666666666,1.0555555555555556,1.1111111111111112,34.166666666666664,1.0,0.5440180586907449,0.16478555304740405,0.7110091743119266,0.5493349048661391,0.4482814526588846,0
2,2,9.486486486486486,7.0,0.8918918918918919,0.7027027027027027,2.027027027027027,0.4864864864864865,27.91891891891892,1.0,0.29277566539923955,0.34600760456273766,1.5207373271889402,0.5791314677930306,0.370406096267001,0
0,2,7.484848484848484,2.606060606060606,2.787878787878788,1.2727272727272727,0.30303030303030304,1.0909090909090908,24.12121212121212,0.9696969696969697,0.034482758620689655,0.5024630541871922,2.340966921119593,0.4982249475552687,0.42412110596772173,0
0,3,13.1,2.85,1.6,1.25,0.1,1.2,30.4,0.95,0.5164835164835165,0.3021978021978022,1.2307692307692308,0.6353055286129972,0.4819672131147541,0
1,2,10.805555555555555,7.861111111111111,2.111111111111111,1.0,1.1666666666666667,1.1666666666666667,28.63888888888889,0.9722222222222222,0.17753623188405798,0.4311594202898551,1.6666666666666665,0.5923376781581191,0.44944906243959015,0
0,1,16.0,3.3636363636363638,3.090909090909091,1.393939393939394,0.18181818181818182,3.090909090909091,35.0,1.0,0.33259911894273125,0.2841409691629956,0.9686609686609686,0.5168768110267054,0.5439005439005439,0
0,1,13.411764705882353,3.764705882352941,4.735294117647059,1.6176470588235294,0.14705882352941177,2.3823529411764706,32.35294117647059,1.0,0.38372093023255816,0.29941860465116277,1.9075829383886256,0.5856364944004931,0.5591807141562444,0
0,2,13.59375,2.46875,3.09375,0.875,0.0,2.21875,33.1875,0.9375,0.3602150537634409,0.2446236559139785,1.3342318059299192,0.5278613726822639,0.501314307172362,0
0,2,10.0,3.657142857142857,2.2,1.0285714285714285,0.4857142857142857,1.1142857142857143,21.685714285714287,0.2571428571428571,0.3991228070175439,0.5307017543859649,1.811764705882353,0.6222443464656521,0.5599999999999999,0
1,3,12.264705882352942,4.529411764705882,1.2647058823529411,0.7647058823529411,0.6764705882352942,1.3823529411764706,21.705882352941178,1.0,0.022388059701492536,0.39925373134328357,0.8531746031746031,0.6617367017900216,0.6204478014567035,0
0,3,8.89655172413793,1.9655172413793103,2.896551724137931,1.4827586206896552,0.13793103448275862,2.0344827586206895,26.862068965517242,0.9655172413793104,0.6239669421487604,0.1652892561983471,1.3570274636510502,0.49691833590138673,0.4373960864560685,0
0,1,10.078947368421053,3.0,1.7105263157894737,1.105263157894737,0.13157894736842105,1.1842105263157894,32.5,1.0,0.5387453874538746,0.24354243542435425,1.3319672131147542,0.6382482335688574,0.3616402970616726,0
0,1,11.628571428571428,7.314285714285714,3.1714285714285713,1.542857142857143,0.5428571428571428,1.9714285714285715,33.457142857142856,1.0,0.24324324324324326,0.4966216216216216,1.5310344827586204,0.5642120439170456,0.4410387398893146,0
1,2,9.25,5.1875,0.28125,0.71875,0.90625,1.625,20.34375,0.375,0.0,0.6931818181818182,0.16304347826086957,0.6443747823058168,0.4662182818709874,0
0,1,19.243243243243242,2.918918918918919,2.054054054054054,1.4594594594594594,0.1891891891891892,2.3513513513513513,39.0,1.0,0.40784982935153585,0.3395904436860068,0.8379272326350605,0.5285349486311539,0.5446879104168106,0
0,3,14.294117647058824,3.6470588235294117,6.235294117647059,2.0,0.5,2.0588235294117645,32.76470588235294,1.0,0.24630541871921183,0.3103448275862069,2.888283378746594,0.5266123439667129,0.6246643994988366,0
0,2,11.071428571428571,3.2857142857142856,1.2857142857142858,1.0,0.17857142857142858,1.3214285714285714,29.285714285714285,0.75,0.4981684981684982,0.31135531135531136,0.9045226130653267,0.49935567010309284,0.4205153135634419,0
0,3,8.3,3.6333333333333333,4.9,1.5333333333333334,0.26666666666666666,2.0,32.36666666666667,0.9333333333333333,0.2465753424657534,0.2968036529680365,2.3333333333333335,0.502827140549273,0.4065708418891171,0
0,2,16.225806451612904,4.258064516129032,1.8387096774193548,1.1612903225806452,0.7741935483870968,1.7419354838709677,32.54838709677419,0.9032258064516129,0.28285714285714286,0.4657142857142857,0.9982486865148861,0.5963672578962345,0.5533050093864244,0
0,0,10.066666666666666,1.8333333333333333,0.6666666666666666,0.36666666666666664,0.0,1.0333333333333334,24.733333333333334,0.36666666666666664,0.7700729927007299,0.1678832116788321,0.588235294117647,0.5131865144100054,0.4322147651006711,0
1,3,11.972972972972974,7.4324324324324325,3.027027027027027,0.9459459459459459,0.6216216216216216,2.135135135135135,20.10810810810811,0.10810810810810811,0.042042042042042045,0.37237237237237236,1.354292623941959,0.5715244091237486,0.742276314029691,0
1,3,15.566666666666666,6.466666666666667,1.6666666666666667,1.1666666666666667,0.16666666666666666,2.0,33.93333333333333,1.0,0.4955223880597015,0.5134328358208955,0.7936507936507936,0.5685692022986266,0.5063663075416259,0
0,3,18.555555555555557,3.888888888888889,3.8055555555555554,0.8333333333333334,0.19444444444444445,2.3333333333333335,35.138888888888886,1.0,0.5159362549800797,0.3645418326693227,1.563926940639269,0.5733708713863902,0.6345577802301752,0
0,2,11.545454545454545,6.121212121212121,1.606060606060606,1.0606060606060606,0.09090909090909091,1.0606060606060606,34.515151515151516,1.0,0.47003154574132494,0.2870662460567823,1.383812010443864,0.533553663455075,0.3799352184189792,0
0,3,12.515151515151516,5.333333333333333,1.121212121212121,0.7878787878787878,1.2424242424242424,1.393939393939394,26.575757575757574,1.0,0.6207951070336392,0.3302752293577982,0.7505070993914805,0.5513724233685785,0.5111893672611609,0
0,3,15.25925925925926,3.037037037037037,3.3333333333333335,1.5925925925925926,0.1111111111111111,2.4074074074074074,32.81481481481482,1.0,0.4250681198910082,0.2098092643051771,1.329394387001477,0.5138694871283177,0.5648700348824124,0
0,3,10.206896551724139,3.1379310344827585,1.5517241379310345,0.9310344827586207,0.06896551724137931,1.2413793103448276,31.93103448275862,0.9655172413793104,0.424,0.22,1.1568123393316194,0.5397520058351568,0.36710087199913877,0
0,2,12.34375,4.09375,2.75,1.4375,0.40625,1.71875,29.6875,1.0,0.20307692307692307,0.3507692307692308,1.5120274914089347,0.5264420513914063,0.5067142257658414,0
0,3,16.9375,5.4375,2.65625,1.03125,0.21875,2.65625,31.53125,1.0,0.3341176470588235,0.3411764705882353,0.9637188208616779,0.5544189852700491,0.6194427978660344,0
0,3,9.441176470588236,3.5294117647058822,1.5588235294117647,1.0294117647058822,0.20588235294117646,1.1764705882352942,30.11764705882353,0.9411764705882353,0.5054151624548736,0.24548736462093862,1.2211981566820276,0.5229375733090056,0.3640256959314775,0
0,2,7.96875,2.4375,1.375,0.5625,0.1875,1.46875,27.1875,0.75,0.5630252100840336,0.15126050420168066,0.8764940239043825,0.5022849038764576,0.34241868987631696,0
0,2,8.65625,3.90625,1.5,0.96875,0.46875,2.0625,24.875,0.71875,0.09895833333333333,0.4739583333333333,0.6936416184971098,0.5968798483020169,0.4066566566566566,0
1,2,11.0625,5.28125,2.625,0.84375,0.84375,1.625,30.90625,0.96875,0.593103448275862,0.24482758620689654,1.5217391304347825,0.5509899140829286,0.4414432574077807,0
0,1,14.393939393939394,4.818181818181818,1.3333333333333333,0.8484848484848485,0.21212121212121213,1.4848484848484849,30.606060606060606,0.9696969696969697,0.3068181818181818,0.4403409090909091,0.8413001912045888,0.5652070442646359,0.5121879009177933,0
0,0,10.666666666666666,4.363636363636363,4.848484848484849,1.2121212121212122,0.18181818181818182,4.0,30.696969696969695,1.0,0.24899598393574296,0.5542168674698795,1.1825572801182558,0.5682551982435748,0.5037882515005412,0
1,1,9.222222222222221,3.2222222222222223,0.8055555555555556,0.6111111111111112,0.3055555555555556,1.2777777777777777,19.02777777777778,0.0,0.6245353159851301,0.17843866171003717,0.5846774193548387,0.5721770301944024,0.5242521057217542,0
0,3,18.454545454545453,4.424242424242424,0.7878787878787878,0.5454545454545454,0.15151515151515152,1.2727272727272727,33.60606060606061,1.0,0.5891647855530474,0.327313769751693,0.5739514348785871,0.6008287292817679,0.5708891486109862,0
1,3,18.193548387096776,6.612903225806452,2.5483870967741935,0.7419354838709677,0.5806451612903226,1.4838709677419355,33.483870967741936,0.9032258064516129,0.5048076923076923,0.27403846153846156,1.6089613034623216,0.604942509009782,0.6176159830948036,0
1,2,14.06060606060606,11.212121212121213,1.3333333333333333,0.8787878787878788,0.8181818181818182,1.3333333333333333,29.606060606060606,1.0,0.24331550802139038,0.31283422459893045,0.9302325581395349,0.5452665225157469,0.5182087116188921,0
1,1,8.617647058823529,3.5,1.2647058823529411,0.5588235294117647,0.23529411764705882,1.3529411764705883,25.058823529411764,0.4411764705882353,0.4449152542372881,0.3516949152542373,0.8704453441295545,0.5375752238367827,0.39279869067103107,0
2,1,14.405405405405405,7.702702702702703,1.1891891891891893,0.24324324324324326,1.2432432432432432,1.7297297297297298,19.0,0.8918918918918919,0.0,0.5370370370370371,0.6499261447562776,0.6653185540243659,0.816470921182963,0
1,3,9.833333333333334,5.033333333333333,0.6333333333333333,0.6666666666666666,1.1,1.0,24.5,0.9666666666666667,0.31983805668016196,0.291497975708502,0.5757575757575757,0.5292808956509257,0.4254742547425474,0
0,3,17.0,4.794117647058823,3.6176470588235294,1.2941176470588236,0.08823529411764706,1.4411764705882353,35.85294117647059,1.0,0.3747323340471092,0.291220556745182,2.347328244274809,0.5485536405739883,0.5734620418848168,0
0,0,8.78125,3.375,0.9375,0.875,0.21875,0.84375,21.40625,0.9375,0.38990825688073394,0.22477064220183487,0.9933774834437087,0.5864919018200033,0.45190351641964543,0
0,1,9.588235294117647,2.235294117647059,4.470588235294118,1.4705882352941178,0.2647058823529412,2.588235294117647,27.705882352941178,0.6176470588235294,0.553125,0.196875,1.663019693654267,0.4687679742321408,0.5056060926591919,0
0,2,13.882352941176471,3.2058823529411766,1.0294117647058822,0.6176470588235294,0.23529411764705882,1.5294117647058822,27.852941176470587,0.6176470588235294,0.6295264623955432,0.3370473537604457,0.631768953068592,0.5724820492916748,0.533459595959596,0
0,0,7.314285714285714,1.8285714285714285,2.7714285714285714,0.6285714285714286,0.11428571428571428,1.6285714285714286,23.17142857142857,0.5428571428571428,0.3149171270718232,0.6353591160220995,1.603305785123967,0.5526770293609672,0.4333947206875383,0
0,2,14.851851851851851,5.851851851851852,1.5555555555555556,0.6666666666666666,0.6296296296296297,1.1481481481481481,31.962962962962962,1.0,0.4380664652567976,0.2628398791540785,1.2462908011869436,0.5429484402079723,0.5117246159177544,0
0,3,11.555555555555555,4.277777777777778,1.1666666666666667,1.0277777777777777,0.5833333333333334,1.0277777777777777,31.36111111111111,1.0,0.5419161676646707,0.3532934131736527,1.0344827586206897,0.538971807628524,0.40437930425569485,0
1,2,13.9,5.5,1.225,0.525,0.45,0.9,30.975,1.0,0.37192118226600984,0.27832512315270935,1.225,0.6100236987623979,0.48672566371681414,1
1,0,7.545454545454546,5.212121212121212,0.30303030303030304,0.7878787878787878,0.6363636363636364,1.393939393939394,22.303030303030305,0.7575757575757576,0.005025125628140704,0.507537688442211,0.20283975659229206,0.5114196516595465,0.35033139456242385,0
1,3,19.714285714285715,10.095238095238095,0.9047619047619048,1.6666666666666667,2.238095238095238,1.5238095238095237,32.38095238095238,1.0,0.1858974358974359,0.34935897435897434,0.5571847507331378,0.5750638959884432,0.6348042808972292,0
1,3,12.225806451612904,7.580645161290323,2.161290322580645,0.9354838709677419,0.3870967741935484,2.096774193548387,33.0,1.0,0.3333333333333333,0.5897435897435898,0.9838472834067548,0.5511284318287575,0.4346554916674788,0
0,3,10.580645161290322,3.096774193548387,4.354838709677419,0.5161290322580645,0.0,1.4193548387096775,29.193548387096776,1.0,0.7976653696498055,0.21011673151750973,2.86624203821656,0.5841287932753954,0.5098557427596079,0
0,1,15.225806451612904,4.258064516129032,0.8064516129032258,1.1612903225806452,0.45161290322580644,2.4193548387096775,29.483870967741936,1.0,0.37777777777777777,0.425,0.3201024327784891,0.5522793222877469,0.5419256351542906,0
1,3,9.0,4.638888888888889,1.0,0.3888888888888889,0.3611111111111111,1.3055555555555556,25.63888888888889,0.6111111111111112,0.5538461538461539,0.3576923076923077,0.7114624505928853,0.5383490628738535,0.38851715950787824,0
0,1,8.91891891891892,1.837837837837838,1.2432432432432432,0.7567567567567568,0.02702702702702703,0.972972972972973,22.83783783783784,0.4594594594594595,0.6227106227106227,0.20146520146520147,1.158690176322418,0.5551816958277255,0.44303051726169435,0
0,3,8.555555555555555,3.861111111111111,3.5,0.9444444444444444,0.3055555555555556,1.6388888888888888,29.97222222222222,1.0,0.5447761194029851,0.23880597014925373,2.012779552715655,0.5199891950297136,0.40088675411047475,0
0,1,8.935483870967742,2.838709677419355,3.4193548387096775,0.5483870967741935,0.12903225806451613,1.935483870967742,26.967741935483872,0.967741935483871,0.3526570048309179,0.45893719806763283,1.6798732171156894,0.5566720257234726,0.4564414253366702,0
1,1,16.710526315789473,5.421052631578948,3.1315789473684212,1.0526315789473684,0.39473684210526316,2.3421052631578947,32.81578947368421,1.0,0.2886178861788618,0.3150406504065041,1.2823275862068966,0.5667618707604426,0.6028141989126958,0
1,2,8.892857142857142,7.285714285714286,1.4642857142857142,0.5,3.0,1.1071428571428572,27.392857142857142,0.8928571428571429,0.4305555555555556,0.3287037037037037,1.2130177514792897,0.5035592946125222,0.37672122629254345,0
1,3,7.324324324324325,4.351351351351352,0.40540540540540543,0.2702702702702703,0.5945945945945946,0.6756756756756757,15.702702702702704,0.1891891891891892,0.050505050505050504,0.25252525252525254,0.5226480836236934,0.615909090909091,0.4891397297759535,0
0,3,14.964285714285714,3.7142857142857144,3.142857142857143,1.4285714285714286,0.07142857142857142,2.2857142857142856,33.0,0.9642857142857143,0.61875,0.296875,1.3173652694610778,0.5790491984521835,0.5470435908502373,0
0,3,20.916666666666668,4.166666666666667,5.194444444444445,1.3055555555555556,0.05555555555555555,2.388888888888889,36.138888888888886,1.0,0.35365853658536583,0.483739837398374,2.0870535714285716,0.6309491888993163,0.7205273647094896,1
0,3,12.545454545454545,4.636363636363637,3.090909090909091,1.8181818181818181,0.09090909090909091,1.5454545454545454,33.0,1.0,0.727810650887574,0.21005917159763313,1.878453038674033,0.5606109847253818,0.4723976929414996,0
0,3,8.064516129032258,1.903225806451613,1.096774193548387,0.45161290322580644,0.06451612903225806,0.7419354838709677,24.548387096774192,0.45161290322580644,0.7044334975369458,0.2019704433497537,1.3026819923371646,0.565508505247919,0.3716790995942939,0
0,1,16.15625,2.6875,3.21875,1.34375,0.03125,2.90625,33.8125,1.0,0.45605700712589076,0.34679334916864607,1.0706860706860706,0.5327260736954909,0.571323258385551,0
1,2,12.333333333333334,8.666666666666666,1.2777777777777777,1.5,1.7222222222222223,1.6944444444444444,27.63888888888889,0.9444444444444444,0.05637982195845697,0.33827893175074186,0.7120743034055727,0.5734063436305403,0.490686961746445,1
0,0,11.216216216216216,4.783783783783784,1.8108108108108107,1.1081081081081081,0.7297297297297297,1.5405405405405406,26.43243243243243,0.5405405405405406,0.45141065830721006,0.3385579937304075,1.103789126853377,0.5661355451271418,0.4909850259753488,0
0,1,17.6,6.828571428571428,4.714285714285714,1.457142857142857,0.34285714285714286,3.2,38.2,1.0,0.42418426103646834,0.22840690978886757,1.4285714285714286,0.5371843170085112,0.5826184259604625,0
0,3,16.428571428571427,4.828571428571428,6.2,1.5142857142857142,0.2857142857142857,1.2,35.34285714285714,1.0,0.30752688172043013,0.23870967741935484,4.769230769230769,0.5595126887747158,0.6384522370012091,1
0,1,16.176470588235293,4.088235294117647,3.9705882352941178,1.8823529411764706,0.5294117647058824,2.8529411764705883,34.3235294117647,1.0,0.3865336658354115,0.35910224438902744,1.344621513944223,0.5922129382375743,0.58526999316473,1
0,3,10.121212121212121,2.1818181818181817,4.848484848484849,0.5151515151515151,0.06060606060606061,1.9696969696969697,31.363636363636363,1.0,0.36752136752136755,0.47435897435897434,2.342606149341142,0.5904398246358364,0.47577771357025905,0
0,3,12.333333333333334,4.9523809523809526,1.9047619047619047,1.1428571428571428,0.2857142857142857,1.6666666666666667,32.04761904761905,0.9047619047619048,0.49444444444444446,0.35555555555555557,1.0781671159029649,0.6221176018447349,0.44289734854095686,0
0,3,15.868421052631579,2.973684210526316,4.131578947368421,1.631578947368421,0.05263157894736842,1.5526315789473684,33.86842105263158,1.0,0.4588477366255144,0.27983539094650206,2.5,0.5523596658361424,0.5887821506042763,0
1,3,19.314285714285713,5.514285714285714,2.4857142857142858,0.7428571428571429,0.2571428571428571,2.0,34.285714285714285,0.9714285714285714,0.5454545454545454,0.4264069264069264,1.183673469387755,0.6160239119340963,0.6339842127129206,0
1,3,11.257142857142858,6.0285714285714285,1.5714285714285714,0.6571428571428571,0.7714285714285715,1.3142857142857143,31.34285714285714,1.0,0.38522427440633245,0.17941952506596306,1.111111111111111,0.48175682285043525,0.40799636528850525,0
1,2,14.484848484848484,7.636363636363637,2.4242424242424243,0.7272727272727273,0.5454545454545454,2.787878787878788,30.78787878787879,1.0,0.017595307917888565,0.592375366568915,0.8394543546694648,0.555969107657951,0.5474345138820759,0
0,3,13.185185185185185,2.2222222222222223,2.037037037037037,0.2962962962962963,0.14814814814814814,1.4814814814814814,35.51851851851852,0.9629629629629629,0.5559322033898305,0.31864406779661014,1.288056206088993,0.5291949102152456,0.4273682021420401,0
0,3,16.074074074074073,4.703703703703703,4.333333333333333,0.9629629629629629,0.0,2.037037037037037,32.03703703703704,1.0,0.3894736842105263,0.34035087719298246,2.0277296360485266,0.6622314453125,0.6350121009565517,0
1,2,7.657894736842105,1.736842105263158,0.868421052631579,0.39473684210526316,0.23684210526315788,0.5,20.105263157894736,0.07894736842105263,0.7023255813953488,0.14883720930232558,1.4473684210526316,0.6351492928234678,0.421984891898932,0
1,3,14.86111111111111,10.472222222222221,2.3333333333333335,0.6388888888888888,0.5555555555555556,1.9722222222222223,30.86111111111111,1.0,0.2717391304347826,0.2891304347826087,1.1260053619302948,0.5158913831674767,0.5553561815898079,0
0,2,16.842105263157894,5.973684210526316,4.7105263157894735,1.6842105263157894,0.07894736842105263,2.1315789473684212,32.8421052631579,1.0,0.2582781456953642,0.3995584988962472,2.110849056603773,0.6007810153199159,0.6542578686691163,1
0,1,11.484848484848484,5.242424242424242,4.03030303030303,1.4242424242424243,0.5757575757575758,2.4242424242424243,33.484848484848484,0.42424242424242425,0.43686006825938567,0.4232081911262799,1.5966386554621848,0.545229600644493,0.4619687810159704,0
1,3,13.933333333333334,7.666666666666667,1.3333333333333333,0.7,0.4666666666666667,2.533333333333333,28.5,0.9666666666666667,0.1157556270096463,0.6237942122186495,0.5063291139240506,0.5272984155817944,0.5337995337995338,0
0,1,11.84375,5.375,1.0,0.53125,0.1875,0.8125,26.75,0.96875,0.5461254612546126,0.2878228782287823,1.095890410958904,0.6206602908423948,0.47835195530726254,0
0,3,16.060606060606062,4.151515151515151,2.5757575757575757,1.2121212121212122,0.0,2.484848484848485,34.39393939393939,0.8484848484848485,0.42823529411764705,0.4,0.9964830011723329,0.5302120848339336,0.5402793639638057,0
0,2,11.6,2.72,1.72,0.84,0.28,1.64,28.64,0.92,0.6666666666666666,0.24206349206349206,0.9885057471264368,0.520011476115335,0.4634655532359081,0
1,0,7.5,5.794117647058823,1.1176470588235294,0.6764705882352942,0.7352941176470589,0.7941176470588235,21.58823529411765,0.0,0.43283582089552236,0.2736318407960199,1.2500000000000002,0.5661634103019538,0.3973420124762679,0
0,3,12.909090909090908,2.4242424242424243,1.5151515151515151,1.4545454545454546,0.18181818181818182,1.7575757575757576,33.60606060606061,0.696969696969697,0.5493333333333333,0.19466666666666665,0.8156606851549755,0.5231872666535665,0.4279421019509125,0
0,0,11.344827586206897,2.793103448275862,2.1724137931034484,0.3793103448275862,0.06896551724137931,1.8620689655172413,27.689655172413794,0.7586206896551724,0.5669014084507042,0.23591549295774647,1.1072056239015817,0.5247543702947556,0.4864127062911031,0
0,0,13.8125,4.0,3.25,1.28125,0.25,2.25,31.25,1.0,0.37866666666666665,0.25333333333333335,1.3829787234042552,0.5302303262955854,0.5442583732057416,0
1,1,11.484848484848484,4.666666666666667,1.4242424242424243,0.9090909090909091,0.5757575757575758,1.5151515151515151,30.333333333333332,0.5757575757575758,0.6656534954407295,0.2006079027355623,0.8818011257035647,0.5292704725728968,0.4241760430150353,0
1,2,9.028571428571428,5.742857142857143,0.9428571428571428,0.8571428571428571,0.11428571428571428,1.5142857142857142,27.0,0.8857142857142857,0.009009009009009009,0.509009009009009,0.584070796460177,0.5814809362579125,0.3679493937796521,0
0,3,8.21875,3.40625,1.90625,1.0625,0.1875,1.1875,24.46875,0.875,0.2163265306122449,0.2816326530612245,1.4805825242718447,0.47755665310865775,0.4121088781480539,0
1,1,16.17241379310345,6.655172413793103,1.793103448275862,0.6551724137931034,1.0689655172413792,1.6206896551724137,29.448275862068964,1.0,0.24024024024024024,0.5075075075075075,1.0420841683366733,0.575657894736842,0.6080056015871164,0
2,2,10.947368421052632,5.7894736842105265,1.3421052631578947,0.5263157894736842,1.0263157894736843,1.7894736842105263,24.526315789473685,0.9736842105263158,0.003472222222222222,0.3923611111111111,0.7103064066852367,0.6158948241146511,0.49903825603761487,0
0,2,16.558823529411764,3.411764705882353,2.3529411764705883,1.6764705882352942,0.08823529411764706,2.0,28.676470588235293,0.9705882352941176,0.5127020785219399,0.3810623556581986,1.1204481792717087,0.5567642405063291,0.6571954210956663,0
0,3,17.38888888888889,2.6666666666666665,2.1666666666666665,1.25,0.05555555555555555,1.5,31.5,1.0,0.5401869158878505,0.16074766355140188,1.3541666666666665,0.5464003910341456,0.6188466947960619,0
0,1,18.54054054054054,3.8378378378378377,2.810810810810811,1.135135135135135,0.21621621621621623,1.7297297297297298,29.513513513513512,1.0,0.478,0.318,1.536189069423929,0.6017966173064776,0.7210002737975723,0
1,1,12.121212121212121,4.454545454545454,2.121212121212121,0.6060606060606061,0.36363636363636365,1.3636363636363635,30.09090909090909,0.9090909090909091,0.38023952095808383,0.2874251497005988,1.4492753623188406,0.531575590048905,0.47174545819532265,0
1,3,8.17142857142857,4.514285714285714,0.7142857142857143,0.8285714285714286,0.45714285714285713,1.1142857142857143,17.485714285714284,0.14285714285714285,0.2922374429223744,0.2009132420091324,0.588235294117647,0.5999328746433965,0.505280259951259,0
0,3,16.06451612903226,4.193548387096774,3.225806451612903,1.5483870967741935,0.12903225806451613,2.0,36.61290322580645,1.0,0.46261682242990654,0.21962616822429906,1.5360983102918586,0.5305096301346515,0.525437132062209,0
0,3,11.8,3.8666666666666667,4.4,1.6,0.16666666666666666,2.533333333333333,29.633333333333333,0.9666666666666667,0.5132450331125827,0.26490066225165565,1.6708860759493673,0.5249110320284698,0.5448430493273544,0
1,1,13.256410256410257,5.051282051282051,1.4615384615384615,0.8717948717948718,0.8461538461538461,0.8461538461538461,31.384615384615383,1.0,0.5544041450777202,0.15803108808290156,1.5447154471544715,0.6261505668055422,0.46746477726199204,0
1,0,13.472222222222221,3.6944444444444446,1.9444444444444444,1.5555555555555556,0.5833333333333334,2.6666666666666665,29.694444444444443,0.9722222222222222,0.6180555555555556,0.2638888888888889,0.7028112449799196,0.5029450804712129,0.5174342718627634,1
0,3,15.033333333333333,2.1,2.066666666666667,0.5,0.06666666666666667,1.6,34.4,1.0,0.632,0.21333333333333335,1.2156862745098038,0.5497318381277426,0.4956521739130435,0
1,1,15.333333333333334,6.787878787878788,1.7575757575757576,0.6363636363636364,0.6060606060606061,2.484848484848485,27.96969696969697,1.0,0.02064896755162242,0.5398230088495575,0.6799531066822977,0.6030701754385965,0.6088740148979812,0
0,3,8.818181818181818,3.5757575757575757,0.8484848484848485,0.9393939393939394,0.6363636363636364,0.6666666666666666,32.78787878787879,0.8787878787878788,0.8258928571428571,0.20089285714285715,1.1067193675889329,0.5968006562756357,0.2939279461899935,0
0,2,9.727272727272727,2.1818181818181817,1.5454545454545454,1.0,0.15151515151515152,1.6363636363636365,18.757575757575758,0.0,0.15,0.5083333333333333,0.8900523560209422,0.5465132116589485,0.5977824200546359,0
1,2,10.4,5.766666666666667,1.3,0.9,0.6666666666666666,1.2666666666666666,27.4,0.7333333333333333,0.16911764705882354,0.24632352941176472,0.9512195121951219,0.5174472601830967,0.4254545454545455,0
0,1,8.705882352941176,2.588235294117647,1.2647058823529411,1.1176470588235294,0.11764705882352941,1.5588235294117647,24.294117647058822,0.47058823529411764,0.2838427947598253,0.4890829694323144,0.7624113475177304,0.5318384361075177,0.40872920183265005,0
2,3,11.228571428571428,6.142857142857143,0.42857142857142855,0.4857142857142857,1.2857142857142858,1.457142857142857,21.2,0.9714285714285714,0.0,0.6971153846153846,0.2752293577981651,0.7229580573951434,0.5472837022132796,0
0,3,15.84375,5.875,1.90625,1.03125,0.625,1.625,34.3125,1.0,0.4418604651162791,0.3152454780361757,1.105072463768116,0.5752473450122538,0.5158009444242644,0
1,2,11.375,6.40625,1.21875,1.21875,0.4375,2.34375,30.5,0.8125,0.0034602076124567475,0.47750865051903113,0.49872122762148335,0.5204163330664531,0.41156045751633985,0
0,3,15.875,2.53125,3.25,0.65625,0.0,2.25,33.71875,1.0,0.4964200477326969,0.24343675417661098,1.3829787234042552,0.547555402259205,0.5655146922934762,0
1,3,16.0,6.8,1.8,0.56,0.4,1.04,34.24,1.0,0.5171232876712328,0.1643835616438356,1.5789473684210524,0.6387327542156361,0.518345952242283,0
0,0,16.25,3.5,2.5277777777777777,1.4444444444444444,0.1111111111111111,1.4722222222222223,31.444444444444443,0.8888888888888888,0.5292887029288703,0.200836820083682,1.6077738515901057,0.5622405043825927,0.5952800281789363,0
0,2,15.633333333333333,4.733333333333333,1.8,0.7333333333333333,0.13333333333333333,1.5666666666666667,31.8,0.9666666666666667,0.30193236714975846,0.19082125603864733,1.08,0.5225510295035208,0.5464994775339602,0
0,1,9.411764705882353,2.6176470588235294,2.0294117647058822,1.088235294117647,0.029411764705882353,1.0294117647058822,22.735294117647058,0.11764705882352941,0.45217391304347826,0.36086956521739133,1.796875,0.6003301815998799,0.5010303967027305,0
1,3,9.484848484848484,5.424242424242424,0.696969696969697,0.3939393939393939,0.5757575757575758,0.696969696969697,24.12121212121212,1.0,0.6695652173913044,0.24782608695652175,0.8745247148288974,0.6135330092519994,0.4203678218441136,0
1,0,10.428571428571429,5.678571428571429,1.75,1.0357142857142858,1.0,1.2142857142857142,22.75,0.6785714285714286,0.025510204081632654,0.44387755102040816,1.3315217391304348,0.6231859313641797,0.532979055954986,0
1,2,13.147058823529411,2.9705882352941178,0.9117647058823529,0.47058823529411764,0.17647058823529413,0.9705882352941176,28.558823529411764,1.0,0.6496815286624203,0.1910828025477707,0.8516483516483516,0.6565804935370153,0.4905582922824302,0
0,2,14.558823529411764,5.0,2.5588235294117645,1.411764705882353,0.5294117647058824,2.9705882352941178,35.5,1.0,0.4441860465116279,0.27674418604651163,0.8333333333333333,0.5131022472841861,0.4808327825512227,0
0,3,14.542857142857143,4.942857142857143,5.085714285714285,2.085714285714286,0.9714285714285714,1.9428571428571428,33.285714285714285,1.0,0.22530864197530864,0.5648148148148148,2.4895104895104896,0.629140709977257,0.5879332477535301,1
0,2,12.333333333333334,4.133333333333334,2.566666666666667,1.2333333333333334,0.16666666666666666,1.7,31.966666666666665,0.9666666666666667,0.4296028880866426,0.30324909747292417,1.425925925925926,0.5892470378392152,0.4646569646569647,0
0,1,10.076923076923077,3.076923076923077,1.9615384615384615,0.5769230769230769,0.11538461538461539,1.0769230769230769,31.692307692307693,1.0,0.6255707762557078,0.273972602739726,1.6666666666666665,0.5338223308883455,0.3786595693201064,0
1,2,19.82857142857143,9.142857142857142,2.0,1.1428571428571428,0.6857142857142857,2.4,30.114285714285714,0.9714285714285714,0.06652806652806653,0.3700623700623701,0.8,0.6203961953801044,0.7224586288416076,0
0,3,10.441176470588236,2.2058823529411766,4.705882352941177,0.9117647058823529,0.11764705882352941,2.323529411764706,30.0,1.0,0.27848101265822783,0.20569620253164558,1.9417475728155338,0.5150899593731862,0.5032245456322064,0
1,2,11.416666666666666,7.305555555555555,0.9722222222222222,0.7222222222222222,1.8333333333333333,1.0,24.805555555555557,1.0,0.044642857142857144,0.29464285714285715,0.8838383838383838,0.5414163768574138,0.49743475351327227,0
0,3,11.592592592592593,3.5925925925925926,0.8888888888888888,1.0,0.07407407407407407,1.1481481481481481,30.85185185185185,1.0,0.48412698412698413,0.23015873015873015,0.7121661721068249,0.5639233208417411,0.403254756491564,0
0,1,8.615384615384615,2.41025641025641,3.1538461538461537,0.8461538461538461,0.10256410256410256,1.6153846153846154,29.358974358974358,0.6923076923076923,0.4201388888888889,0.2777777777777778,1.8385650224215244,0.5198019801980198,0.3995125772478022,0
0,2,19.413793103448278,3.9655172413793105,4.862068965517241,1.3103448275862069,0.13793103448275862,2.3448275862068964,35.793103448275865,1.0,0.41814159292035397,0.42920353982300885,1.9887165021156559,0.5238573768051213,0.6763377846094726,0
0,0,12.846153846153847,2.9615384615384617,2.5,0.9230769230769231,0.07692307692307693,1.2307692307692308,32.88461538461539,1.0,0.45104895104895104,0.3706293706293706,1.8786127167630056,0.5020442520442521,0.4652518656716418,0
2,3,7.6,8.571428571428571,0.8285714285714286,0.42857142857142855,1.0,1.4,28.37142857142857,1.0,0.018433179723502304,0.30414746543778803,0.5523809523809524,0.5405625101609495,0.29603612644254895,0
1,3,13.228571428571428,6.2,1.2,0.5428571428571428,2.0285714285714285,1.2857142857142858,31.457142857142856,1.0,0.453781512605042,0.39215686274509803,0.8659793814432988,0.55303392259914,0.45722046174739694,0
0,3,13.054054054054054,2.810810810810811,1.5945945945945945,0.6756756756756757,0.10810810810810811,0.7837837837837838,28.2972972972973,1.0,0.535796766743649,0.18937644341801385,1.8042813455657492,0.5148375543617294,0.5158465784714952,0
1,0,8.96875,3.8125,1.4375,0.6875,0.53125,2.0,24.34375,0.8125,0.11068702290076336,0.2862595419847328,0.6845238095238095,0.4864406779661017,0.42572232165686524,0
0,1,17.083333333333332,5.555555555555555,3.0,2.0,0.16666666666666666,2.1944444444444446,35.0,0.9722222222222222,0.30134357005758156,0.3378119001919386,1.307506053268765,0.513835973531181,0.5721747388414055,1
0,0,10.6,2.742857142857143,2.6285714285714286,0.8285714285714286,0.14285714285714285,1.3142857142857143,30.542857142857144,1.0,0.36721311475409835,0.22950819672131148,1.8585858585858586,0.5524121500893389,0.4317016317016316,0
0,0,8.21875,2.53125,2.6875,0.59375,0.1875,1.71875,20.6875,0.1875,0.5841121495327103,0.4252336448598131,1.4776632302405497,0.5176350181073847,0.5246542393265183,0
0,3,10.472222222222221,4.583333333333333,4.388888888888889,1.1666666666666667,0.3055555555555556,1.3333333333333333,32.27777777777778,1.0,0.4575757575757576,0.3,3.062015503875969,0.5046043473605311,0.45899107755662316,0
1,2,9.89655172413793,4.551724137931035,1.7241379310344827,0.7931034482758621,0.9310344827586207,1.793103448275862,23.517241379310345,0.7586206896551724,0.07058823529411765,0.2823529411764706,0.9107468123861565,0.5005581135761127,0.49204263396116216,0
0,2,13.911764705882353,5.705882352941177,2.323529411764706,1.1470588235294117,0.3235294117647059,1.3823529411764706,30.529411764705884,1.0,0.20485175202156333,0.3611859838274933,1.5674603174603174,0.5500511675504698,0.5300556942577299,0
1,2,11.73913043478261,6.608695652173913,1.0869565217391304,0.6521739130434783,2.6956521739130435,1.6521739130434783,24.695652173913043,1.0,0.25742574257425743,0.5346534653465347,0.6203473945409429,0.5410387944854119,0.5172716114325794,0
1,3,10.8125,5.84375,0.90625,0.59375,0.0625,1.09375,24.5,0.28125,0.48518518518518516,0.1962962962962963,0.7591623036649214,0.589799536342561,0.47637195121951215,0
1,2,14.393939393939394,7.0,2.0303030303030303,0.8181818181818182,0.5151515151515151,2.8181818181818183,34.484848484848484,0.9696969696969697,0.4134078212290503,0.441340782122905,0.695742471443406,0.5555295658682635,0.4748970472268466,0
0,3,19.0,3.323529411764706,5.029411764705882,1.4411764705882353,0.058823529411764705,2.264705882352941,36.85294117647059,1.0,0.4175152749490835,0.3014256619144603,2.126865671641791,0.5808098971445012,0.6502706144539956,0
0,0,10.32258064516129,3.0,1.7741935483870968,0.7419354838709677,0.3870967741935484,2.0,28.29032258064516,0.9354838709677419,0.28515625,0.3984375,0.8448540706605222,0.5317734645041212,0.42608794455175547,0
0,2,10.235294117647058,2.676470588235294,2.6176470588235294,1.5,0.11764705882352941,1.7647058823529411,29.676470588235293,0.7058823529411765,0.6033898305084746,0.12203389830508475,1.4037854889589905,0.5597735169218891,0.4316475701303832,0
1,1,11.714285714285714,6.392857142857143,1.5,1.25,0.32142857142857145,1.6071428571428572,29.035714285714285,1.0,0.15444015444015444,0.3281853281853282,0.8786610878661087,0.553306342780027,0.45354253493503305,0
0,2,15.277777777777779,6.027777777777778,1.1944444444444444,0.6388888888888888,0.5277777777777778,1.6666666666666667,31.72222222222222,0.9722222222222222,0.6028368794326241,0.31678486997635935,0.6761006289308176,0.570586770686364,0.5176326815642458,0
0,1,9.837837837837839,2.135135135135135,3.4324324324324325,0.8108108108108109,0.08108108108108109,1.7027027027027026,30.7027027027027,1.0,0.4125,0.290625,1.904047976011994,0.504266873545384,0.43081512678775113,0
0,3,9.161290322580646,2.3225806451612905,3.4193548387096775,0.8709677419354839,0.1935483870967742,2.064516129032258,34.225806451612904,1.0,0.2643171806167401,0.4713656387665198,1.57973174366617,0.518096906012843,0.3665069072455596,0
1,2,10.033333333333333,7.066666666666666,0.3,0.36666666666666664,1.0666666666666667,1.5,26.766666666666666,0.8333333333333334,0.0,0.4954545454545455,0.18749999999999997,0.5616509926854755,0.38461538461538464,0
1,2,13.0,5.222222222222222,1.6388888888888888,1.0555555555555556,0.16666666666666666,2.2222222222222223,29.416666666666668,1.0,0.06153846153846154,0.5261538461538462,0.7057416267942583,0.5846492104737158,0.49595332204027853,0
0,1,16.307692307692307,4.269230769230769,3.0384615384615383,1.4230769230769231,0.15384615384615385,2.8076923076923075,36.15384615384615,1.0,0.4477211796246649,0.3002680965147453,1.0449735449735449,0.5020365634176376,0.5336303840441332,0
1,3,16.41176470588235,7.294117647058823,1.411764705882353,1.3235294117647058,0.47058823529411764,1.2058823529411764,31.470588235294116,1.0,0.1798780487804878,0.725609756097561,1.0810810810810811,0.6447587354409318,0.5645612073784236,1
0,3,8.857142857142858,3.2,4.0,0.7428571428571429,0.17142857142857143,1.542857142857143,33.68571428571428,0.9142857142857143,0.5684931506849316,0.2054794520547945,2.434782608695652,0.48680904522613067,0.3805496828752643,0
1,0,9.705882352941176,7.205882352941177,0.6176470588235294,0.5588235294117647,0.7352941176470589,1.4705882352941178,23.91176470588235,0.5294117647058824,0.16595744680851063,0.49361702127659574,0.3932584269662921,0.5768423996643826,0.42993630573248404,0
0,1,13.71875,2.34375,2.5625,1.375,0.03125,2.03125,30.46875,0.9375,0.5472222222222223,0.23055555555555557,1.2023460410557185,0.5535660244123878,0.5326109180126763,0
0,1,15.764705882352942,3.235294117647059,3.4705882352941178,1.0294117647058822,0.08823529411764706,2.5294117647058822,32.76470588235294,1.0,0.5176715176715176,0.316008316008316,1.319910514541387,0.4891582098269694,0.5852872740289958,0
1,3,12.88888888888889,8.694444444444445,2.111111111111111,1.4166666666666667,1.2222222222222223,1.0,28.47222222222222,1.0,0.20394736842105263,0.5197368421052632,1.9191919191919191,0.6211180124223603,0.524985417071748,0
2,2,8.733333333333333,4.266666666666667,0.8333333333333334,0.36666666666666664,1.7333333333333334,1.4333333333333333,23.933333333333334,0.9,0.0,0.45145631067961167,0.5434782608695652,0.5305362060586425,0.39805825242718446,0
0,3,11.03448275862069,4.586206896551724,3.6551724137931036,1.6206896551724137,0.3448275862068966,1.9310344827586208,32.96551724137931,1.0,0.25882352941176473,0.3058823529411765,1.7996604414261461,0.5530208765380893,0.4442590468244864,0
0,3,15.121212121212121,5.151515151515151,2.515151515151515,1.6666666666666667,0.3333333333333333,2.212121212121212,31.848484848484848,0.9696969696969697,0.4036458333333333,0.4791666666666667,1.0878112712975099,0.5366052993805919,0.5520250403111069,0
0,1,14.25925925925926,5.518518518518518,2.888888888888889,0.8888888888888888,0.18518518518518517,3.2962962962962963,30.40740740740741,1.0,0.48507462686567165,0.4664179104477612,0.8505997818974917,0.5959752321981424,0.5620978511594027,0
0,3,13.375,2.125,2.25,0.59375,0.09375,1.28125,35.5625,1.0,0.7400530503978779,0.2891246684350133,1.6289592760180995,0.5035768072289157,0.4381352961794602,0
1,2,19.7027027027027,6.486486486486487,1.5135135135135136,0.9459459459459459,0.7297297297297297,1.837837837837838,30.18918918918919,1.0,0.07741935483870968,0.4774193548387097,0.7810320781032077,0.647792706333973,0.7004550727224055,1
1,1,10.216216216216216,6.081081081081081,0.35135135135135137,0.5945945945945946,1.3783783783783783,1.864864864864865,20.945945945945947,1.0,0.004291845493562232,0.7682403433476395,0.17881705639614856,0.6062355658198615,0.5021189161422883,0
1,2,11.378378378378379,9.702702702702704,2.72972972972973,1.4864864864864864,0.6486486486486487,1.1891891891891893,32.729729729729726,0.972972972972973,0.3862928348909657,0.308411214953271,2.1174004192872116,0.5774083827079218,0.4297357372190665,0
0,3,14.347826086956522,4.130434782608695,2.5217391304347827,1.173913043478261,0.6956521739130435,2.217391304347826,27.26086956521739,0.9565217391304348,0.28169014084507044,0.426056338028169,1.0881801125703565,0.48926580476811765,0.6165580804068012,0
0,0,10.294117647058824,1.8823529411764706,0.8823529411764706,0.6470588235294118,0.08823529411764706,1.0588235294117647,26.235294117647058,0.7058823529411765,0.7383512544802867,0.15770609318996415,0.7614213197969543,0.5865397506368145,0.4243913334822426,0
1,3,7.5,4.5,0.6176470588235294,0.5294117647058824,0.7058823529411765,0.6176470588235294,25.735294117647058,1.0,0.5207373271889401,0.30414746543778803,0.8606557377049181,0.5182084213948952,0.314207650273224,0
0,3,17.41176470588235,4.088235294117647,3.7941176470588234,1.3529411764705883,0.23529411764705882,2.3823529411764706,35.76470588235294,1.0,0.48604651162790696,0.3883720930232558,1.5284360189573458,0.5879081592118852,0.5912743972445464,0
1,1,7.71875,5.5625,1.0625,0.59375,0.90625,1.125,22.5625,0.625,0.25477707006369427,0.5605095541401274,0.8673469387755102,0.6310034743511138,0.3874793160507446,0
0,1,7.722222222222222,5.222222222222222,1.0,0.5277777777777778,0.3611111111111111,0.5833333333333334,27.555555555555557,0.8055555555555556,0.6866359447004609,0.1935483870967742,1.4634146341463414,0.5902836758960421,0.3153877059059863,0
0,3,12.88888888888889,2.8055555555555554,3.0555555555555554,1.3055555555555556,0.0,1.4166666666666667,29.083333333333332,0.9166666666666666,0.49162011173184356,0.3128491620111732,2.014652014652014,0.5696326851306227,0.5463544641157434,0
0,3,8.210526315789474,2.4473684210526314,2.0,0.8421052631578947,0.13157894736842105,0.9210526315789473,27.842105263157894,1.0,0.62,0.288,1.958762886597938,0.5538199375177506,0.36541721604822003,0
0,3,11.4,2.8,0.6285714285714286,0.5142857142857142,0.37142857142857144,0.8857142857142857,21.34285714285714,0.02857142857142857,0.43252595155709345,0.4429065743944637,0.6376811594202899,0.5777250086875941,0.5609593604263824,0
1,3,11.40625,7.1875,1.3125,0.65625,1.625,2.65625,27.75,0.96875,0.0,0.3843283582089552,0.47619047619047616,0.5824715945359377,0.4566876122082585,0
1,1,9.151515151515152,5.03030303030303,2.5757575757575757,2.1818181818181817,0.42424242424242425,1.7272727272727273,28.90909090909091,0.8787878787878788,0.39814814814814814,0.37962962962962965,1.409618573797678,0.599016185337988,0.4042619868379818,0
1,0,9.342857142857143,3.4,0.5142857142857142,0.2571428571428571,0.6857142857142857,0.4,13.457142857142857,0.0,0.2838427947598253,0.2445414847161572,1.0285714285714285,0.6446144141302634,0.7270811380400422,0
1,3,14.162162162162161,7.8108108108108105,2.081081081081081,0.8918918918918919,1.162162162162162,1.2972972972972974,29.27027027027027,1.0,0.26288659793814434,0.31958762886597936,1.4893617021276595,0.5920101229211858,0.5530505199227017,0
0,2,12.324324324324325,4.5675675675675675,2.189189189189189,0.8378378378378378,0.32432432432432434,1.7837837837837838,29.972972972972972,0.9459459459459459,0.37467018469656993,0.46701846965699206,1.1621233859397415,0.49903694624409034,0.48260986788891885,0
2,3,11.764705882352942,7.647058823529412,1.5294117647058822,0.7352941176470589,1.2647058823529411,1.6176470588235294,28.264705882352942,1.0,0.0035087719298245615,0.5157894736842106,0.8904109589041095,0.571951498512926,0.46868519286603066,0
1,3,13.416666666666666,6.888888888888889,2.9166666666666665,1.0555555555555556,1.2777777777777777,1.7777777777777777,32.5,1.0,0.0058823529411764705,0.4294117647058823,1.5532544378698223,0.5974173758163467,0.5010224948875255,1
0,3,13.545454545454545,2.757575757575758,1.9393939393939394,0.9393939393939394,0.15151515151515152,1.1515151515151516,33.15151515151515,1.0,0.6756756756756757,0.3783783783783784,1.5496368038740918,0.6473007414272475,0.46568850815638385,0
0,3,11.435897435897436,2.051282051282051,1.3333333333333333,0.8974358974358975,0.10256410256410256,1.205128205128205,32.794871794871796,1.0,0.8419452887537994,0.12462006079027356,1.0216110019646365,0.6425772245274319,0.3881830228388807,0
1,2,7.71875,3.96875,0.375,0.65625,0.75,0.6875,18.625,0.34375,0.7142857142857143,0.21428571428571427,0.4761904761904762,0.6717798085291558,0.43224299065420557,0
1,3,11.057142857142857,7.514285714285714,1.4285714285714286,1.0571428571428572,0.6857142857142857,1.3714285714285714,28.485714285714284,1.0,0.18771331058020477,0.3037542662116041,0.9708737864077669,0.582550578034682,0.4367816091954023,0
0,0,13.766666666666667,3.033333333333333,4.433333333333334,1.7333333333333334,0.23333333333333334,3.533333333333333,31.733333333333334,1.0,0.46,0.34,1.2201834862385321,0.5132219902574808,0.5717277486910995,0
1,2,12.411764705882353,6.411764705882353,1.7352941176470589,1.1176470588235294,1.6470588235294117,1.0294117647058822,30.323529411764707,1.0,0.39944903581267216,0.209366391184573,1.5364583333333335,0.5322369084855212,0.46500386697602475,0
0,3,8.294117647058824,3.7058823529411766,5.647058823529412,1.0588235294117647,0.3235294117647059,1.7058823529411764,36.38235294117647,1.0,0.40816326530612246,0.21224489795918366,3.1270358306188926,0.5263550843661341,0.382134795227346,0
0,2,17.8125,3.5,5.0625,1.1875,0.28125,2.34375,33.4375,1.0,0.4308510638297872,0.5053191489361702,2.071611253196931,0.6201044386422976,0.6820723071188968,0
0,0,13.818181818181818,5.181818181818182,4.121212121212121,0.5757575757575758,0.24242424242424243,1.9393939393939394,33.21212121212121,1.0,0.5233160621761658,0.24093264248704663,2.0208023774145616,0.5340579031200224,0.5385245156008368,0
0,2,12.03125,2.15625,2.5,0.84375,0.09375,1.75,29.1875,0.75,0.5394736842105263,0.3223684210526316,1.3513513513513513,0.5545632634247523,0.4961587708066581,0
1,3,10.32258064516129,8.516129032258064,1.3548387096774193,1.032258064516129,0.41935483870967744,1.3548387096774193,29.161290322580644,0.967741935483871,0.0759493670886076,0.1550632911392405,0.9312638580931263,0.4739898092191018,0.3990739719986771,0
1,2,8.575757575757576,4.2727272727272725,0.8181818181818182,0.30303030303030304,0.24242424242424243,1.4545454545454546,25.303030303030305,0.7878787878787878,0.24170616113744076,0.4834123222748815,0.5263157894736842,0.552993590745662,0.3697960157461529,0
0,3,15.5,2.4722222222222223,2.5555555555555554,0.5277777777777778,0.1388888888888889,0.9722222222222222,33.0,1.0,0.6976744186046512,0.3023255813953488,2.383419689119171,0.6362889983579638,0.5454850621013764,0
2,1,8.0,5.212121212121212,1.4545454545454546,0.5454545454545454,0.2727272727272727,1.9696969696969697,22.060606060606062,0.9696969696969697,0.15566037735849056,0.4858490566037736,0.7027818448023426,0.5129799471475206,0.4266374948721455,0
0,2,8.4,2.1333333333333333,1.6,0.5333333333333333,0.03333333333333333,1.0,23.133333333333333,0.26666666666666666,0.6597938144329897,0.15979381443298968,1.4545454545454546,0.6068194952802929,0.430416068866571,0
1,1,8.424242424242424,2.272727272727273,0.6363636363636364,0.3939393939393939,0.5757575757575758,0.7272727272727273,27.484848484848484,0.9696969696969697,0.6116071428571429,0.25,0.7692307692307693,0.5590411840411841,0.32846314401845544,0
0,3,14.783783783783784,6.918918918918919,2.5405405405405403,0.7567567567567568,0.1891891891891892,1.945945945945946,35.67567567567568,0.972972972972973,0.4387254901960784,0.35784313725490197,1.2417437252311754,0.5791546671184143,0.4842486968346301,1
1,1,10.891891891891891,9.837837837837839,2.5675675675675675,1.2972972972972974,1.1081081081081081,1.8108108108108107,31.64864864864865,0.9459459459459459,0.2305194805194805,0.45454545454545453,1.3437057991513437,0.5451839826839826,0.42393802673022896,1
0,3,20.457142857142856,3.0,4.828571428571428,0.9142857142857143,0.2,2.8285714285714287,32.65714285714286,0.9142857142857143,0.6080808080808081,0.39191919191919194,1.6487804878048777,0.6168585016196844,0.7719145224596597,0
0,1,19.513513513513512,5.081081081081081,2.4594594594594597,0.8378378378378378,0.35135135135135137,1.5945945945945945,35.513513513513516,0.972972972972973,0.4144329896907217,0.38556701030927837,1.4513556618819778,0.6363700465378649,0.6169841390301282,1
0,3,16.88888888888889,5.777777777777778,2.388888888888889,1.1944444444444444,0.2777777777777778,1.5,29.88888888888889,1.0,0.5035971223021583,0.2637889688249401,1.4930555555555554,0.6532015470562957,0.6428306780288996,1
0,1,11.970588235294118,3.735294117647059,5.0588235294117645,1.4705882352941178,0.0,2.235294117647059,26.441176470588236,0.14705882352941177,0.49865951742627346,0.24128686327077747,2.1662468513853903,0.49321376635967035,0.6416223404255319,0
1,0,7.457142857142857,5.457142857142857,0.7428571428571429,0.2571428571428571,1.8285714285714285,0.8571428571428571,18.571428571428573,0.45714285714285713,0.0,0.19095477386934673,0.7761194029850748,0.6049508622288151,0.4391736801836265,1
1,3,9.0,5.107142857142857,1.4285714285714286,1.1071428571428572,0.8214285714285714,1.6785714285714286,24.464285714285715,0.7142857142857143,0.06944444444444445,0.24537037037037038,0.8032128514056225,0.5264917265585827,0.4245420180284966,0
0,1,10.176470588235293,4.117647058823529,1.2058823529411764,0.7941176470588235,0.08823529411764706,1.3529411764705883,30.058823529411764,1.0,0.4735099337748344,0.2185430463576159,0.8299595141700403,0.5225954567423876,0.37741369221767107,0
0,0,17.085714285714285,2.1714285714285713,1.7428571428571429,0.6857142857142857,0.11428571428571428,1.2,27.742857142857144,0.45714285714285713,0.6359832635983264,0.29916317991631797,1.3406593406593406,0.5527619611033056,0.6762442278091328,0
1,1,10.08,4.16,0.76,0.72,0.56,1.32,23.8,0.6,0.5398230088495575,0.21238938053097345,0.5352112676056338,0.5098737455487212,0.45355648535564846,0
0,0,7.636363636363637,3.121212121212121,0.8484848484848485,0.5151515151515151,0.09090909090909091,1.5151515151515151,17.181818181818183,0.06060606060606061,0.35428571428571426,0.5028571428571429,0.5253283302063789,0.5895564289724874,0.4909696650885498,0
0,3,15.142857142857142,4.571428571428571,2.657142857142857,1.2285714285714286,0.02857142857142857,1.6857142857142857,33.25714285714286,1.0,0.6521739130434783,0.19948849104859334,1.4879999999999998,0.6230602840214426,0.5336188436830834,0
0,2,14.96774193548387,4.258064516129032,2.161290322580645,1.4193548387096775,0.03225806451612903,1.967741935483871,33.774193548387096,0.967741935483871,0.49855907780979825,0.4207492795389049,1.0452418096723868,0.5641474564731057,0.5056661270355204,0
0,1,12.0,5.794871794871795,7.487179487179487,1.5897435897435896,0.1282051282051282,2.6666666666666665,34.02564102564103,1.0,0.33163265306122447,0.21173469387755103,2.7062094531974052,0.5460655278633436,0.5710421519272673,0
0,2,9.75,3.0,2.28125,1.65625,0.28125,1.96875,26.28125,0.46875,0.45517241379310347,0.17586206896551723,1.1027190332326284,0.49929586480604277,0.4560530679933665,0
1,2,10.923076923076923,5.230769230769231,1.3076923076923077,0.6153846153846154,0.7692307692307693,1.7307692307692308,18.384615384615383,0.3076923076923077,0.01675977653631285,0.45251396648044695,0.7142857142857142,0.6615728661945584,0.6616729088639202,0
1,3,7.470588235294118,6.0588235294117645,1.0294117647058822,0.7058823529411765,0.29411764705882354,0.5294117647058824,24.852941176470587,0.9705882352941176,0.5126903553299492,0.4263959390862944,1.6355140186915886,0.5428278338177466,0.3406412069778406,0
2,3,12.179487179487179,5.846153846153846,1.9230769230769231,0.4358974358974359,0.9487179487179487,1.794871794871795,23.128205128205128,1.0,0.0029585798816568047,0.39349112426035504,1.0148849797023003,0.5989609603550893,0.6071310299150016,0
1,3,14.6,7.4,2.8857142857142857,0.5142857142857142,0.6,2.0285714285714285,31.6,1.0,0.3386243386243386,0.31746031746031744,1.3557046979865772,0.5930826369545033,0.5515998197386209,1
0,1,14.64102564102564,3.4615384615384617,1.7179487179487178,0.7692307692307693,0.10256410256410256,1.5128205128205128,29.974358974358974,1.0,0.5135802469135803,0.3432098765432099,1.065182829888712,0.6124506607173502,0.5439508909540455,1
0,1,14.527777777777779,3.8333333333333335,4.75,1.4166666666666667,0.0,2.111111111111111,35.138888888888886,1.0,0.5175879396984925,0.2663316582914573,2.148241206030151,0.5881162288593019,0.5470597509065112,0
0,2,12.868421052631579,4.2894736842105265,4.605263157894737,1.3157894736842106,0.07894736842105263,1.9210526315789473,33.473684210526315,1.0,0.3165266106442577,0.5154061624649859,2.2786458333333335,0.558270161658599,0.5204577519987459,0
0,0,20.0,5.166666666666667,2.1944444444444446,0.9722222222222222,0.3055555555555556,2.3333333333333335,35.19444444444444,1.0,0.5148698884758365,0.2825278810408922,0.9018264840182648,0.5951593704536438,0.6288367700299071,1
1,3,12.473684210526315,5.684210526315789,1.1842105263157894,1.0263157894736843,1.394736842105263,1.1842105263157894,27.789473684210527,1.0,0.3482849604221636,0.20316622691292877,0.9221311475409836,0.5740166634373184,0.4897150405736931,0
0,2,9.28125,5.34375,1.78125,0.59375,0.0625,1.6875,26.78125,0.96875,0.18411552346570398,0.3249097472924188,0.9965034965034965,0.46904611497157295,0.41153220181353173,0
0,3,12.5,7.421052631578948,1.5,0.7105263157894737,0.9473684210526315,1.1578947368421053,35.55263157894737,1.0,0.6179775280898876,0.1797752808988764,1.1924686192468619,0.6182319866722199,0.39267788603483905,1
0,3,8.542857142857143,3.6,5.914285714285715,1.6857142857142857,0.11428571428571428,2.3714285714285714,30.514285714285716,0.9714285714285714,0.2903225806451613,0.2222222222222222,2.393063583815029,0.4881154499151104,0.4722351843210452,0
2,3,9.419354838709678,2.7419354838709675,0.8709677419354839,0.03225806451612903,0.6451612903225806,1.7096774193548387,19.677419354838708,0.967741935483871,0.004672897196261682,0.21962616822429906,0.48128342245989303,0.6221237429691494,0.5203066383950417,0
0,1,14.424242424242424,3.393939393939394,1.303030303030303,0.7272727272727273,0.06060606060606061,1.4848484848484849,32.42424242424242,0.8181818181818182,0.5773955773955773,0.14496314496314497,0.8221797323135754,0.5497043606799704,0.4835553899189416,0
0,2,11.620689655172415,3.0689655172413794,4.310344827586207,1.4482758620689655,0.1724137931034483,2.5172413793103448,34.48275862068966,1.0,0.11721611721611722,0.4432234432234432,1.6469038208168645,0.5164909269249632,0.4606640741848639,0
1,2,13.794117647058824,6.882352941176471,1.2352941176470589,0.8235294117647058,0.6764705882352942,1.7058823529411764,28.764705882352942,1.0,0.12672176308539945,0.4490358126721763,0.6840390879478827,0.5394276775855723,0.5206847360912982,0
1,2,8.290322580645162,7.032258064516129,2.3870967741935485,0.8709677419354839,0.3225806451612903,2.3548387096774195,32.645161290322584,0.9354838709677419,0.3004694835680751,0.5868544600938967,0.9724047306176083,0.47947761194029853,0.3260762486454536,0
0,2,12.951219512195122,5.536585365853658,2.3902439024390243,0.7317073170731707,0.6341463414634146,2.048780487804878,30.097560975609756,1.0,0.2584541062801932,0.37681159420289856,1.1123723041997728,0.5500994530084535,0.508036507551894,0
0,0,10.971428571428572,1.7142857142857142,2.4285714285714284,0.5714285714285714,0.05714285714285714,1.2285714285714286,28.857142857142858,1.0,0.5355029585798816,0.2869822485207101,1.8279569892473115,0.5043606178417569,0.46275283670448936,0
1,2,11.866666666666667,4.866666666666666,0.7,1.0,0.6666666666666666,2.1,32.36666666666667,1.0,0.6052631578947368,0.19736842105263158,0.3181818181818181,0.5387409200968524,0.3870636550308008,0
0,2,10.71875,4.3125,0.6875,0.875,0.25,0.71875,32.0625,1.0,0.6939655172413793,0.33189655172413796,0.8396946564885497,0.6450278321047089,0.35464438398756315,0
0,1,9.617647058823529,3.588235294117647,3.5588235294117645,1.2058823529411764,0.17647058823529413,2.1176470588235294,31.323529411764707,0.9705882352941176,0.3153526970954357,0.4315352697095436,1.6047745358090184,0.5701632026781979,0.41931860726319725,0
1,3,8.057142857142857,2.5428571428571427,1.2285714285714286,0.6857142857142857,0.14285714285714285,0.6285714285714286,30.34285714285714,1.0,0.6826923076923077,0.11057692307692307,1.6862745098039218,0.6464331560608839,0.30502111684655087,0
1,3,9.6875,8.09375,2.15625,1.4375,1.625,1.25,27.3125,0.59375,0.013953488372093023,0.4,1.597222222222222,0.6130359120392342,0.4320565435476516,0
0,3,14.384615384615385,2.3846153846153846,0.9615384615384616,1.0,0.038461538461538464,1.7692307692307692,28.923076923076923,0.8076923076923077,0.42424242424242425,0.5681818181818182,0.51440329218107,0.5666666666666667,0.5287569573283859,0
0,2,11.321428571428571,2.8214285714285716,1.7142857142857142,1.0357142857142858,0.39285714285714285,2.5357142857142856,24.821428571428573,0.7857142857142857,0.3488372093023256,0.6372093023255814,0.6504065040650406,0.5757773902935194,0.523072513614216,0
0,1,12.4375,3.28125,1.0,0.6875,0.28125,1.3125,28.84375,0.96875,0.3567567567567568,0.2594594594594595,0.7079646017699115,0.4827285076654376,0.46426257827683004,0
0,3,11.833333333333334,2.7777777777777777,2.0555555555555554,1.3888888888888888,0.19444444444444445,1.9444444444444444,30.694444444444443,0.9444444444444444,0.547550432276657,0.30547550432276654,1.0054347826086956,0.5411035463875623,0.4510193036261952,0
1,0,12.379310344827585,8.206896551724139,0.9655172413793104,0.7586206896551724,1.103448275862069,2.5517241379310347,27.75862068965517,1.0,0.045283018867924525,0.3320754716981132,0.3641092327698309,0.5910048729092585,0.47901968065354616,0
1,1,11.558823529411764,8.117647058823529,1.3235294117647058,0.7647058823529411,0.2647058823529412,2.2058823529411766,24.91176470588235,1.0,0.0035087719298245615,0.6947368421052632,0.5739795918367346,0.5280554659787166,0.5150517403574788,0
1,3,13.617647058823529,4.705882352941177,1.2647058823529411,0.3235294117647059,0.47058823529411764,1.2647058823529411,24.764705882352942,1.0,0.4250681198910082,0.37057220708446864,0.9267241379310345,0.5423577921469402,0.5985332387035722,0
0,1,16.695652173913043,2.869565217391304,2.8260869565217392,1.0,0.043478260869565216,1.8695652173913044,29.52173913043478,0.8695652173913043,0.2558139534883721,0.31561461794019935,1.434878587196468,0.5600933488914819,0.6590341993248201,0
1,0,12.9,10.533333333333333,0.5,0.7666666666666667,3.7,1.5333333333333334,30.2,0.9666666666666667,0.18888888888888888,0.44074074074074077,0.3061224489795918,0.600260578235513,0.44224422442244227,0
0,2,8.696969696969697,3.4545454545454546,1.3333333333333333,0.5151515151515151,0.36363636363636365,1.6363636363636365,30.96969696969697,1.0,0.4472573839662447,0.3080168776371308,0.7678883071553227,0.533219381688466,0.3228323417536331,0
1,0,16.82758620689655,7.344827586206897,2.1379310344827585,1.3448275862068966,1.1379310344827587,2.6206896551724137,33.310344827586206,0.9310344827586207,0.32054794520547947,0.38082191780821917,0.7858048162230671,0.5725549089543833,0.5676540406646713,1
1,1,9.5625,5.125,1.59375,0.6875,0.625,1.40625,32.28125,1.0,0.7679180887372014,0.10921501706484642,1.058091286307054,0.4982415005861665,0.3445280833815865,0
0,0,11.0,3.5142857142857142,4.914285714285715,2.0285714285714285,0.2857142857142857,3.2285714285714286,31.885714285714286,1.0,0.3770949720670391,0.276536312849162,1.4763948497854078,0.4793804163761331,0.4975435462259937,0
1,3,9.65625,3.53125,1.90625,0.4375,0.28125,1.6875,21.40625,0.65625,0.15789473684210525,0.39271255060728744,1.0664335664335665,0.5333471416735708,0.5376344086021505,0
0,1,8.485714285714286,1.6571428571428573,2.7142857142857144,1.4,0.0,2.2,21.742857142857144,0.45714285714285713,0.4326530612244898,0.39183673469387753,1.1801242236024845,0.5169892772594346,0.5127534336167429,0
1,1,14.67741935483871,10.774193548387096,0.967741935483871,0.3870967741935484,1.096774193548387,1.032258064516129,32.74193548387097,0.9354838709677419,0.10542168674698796,0.40963855421686746,0.8547008547008547,0.5805941200489996,0.47637756605441506,0
0,2,14.242424242424242,5.606060606060606,2.393939393939394,1.5757575757575757,0.030303030303030304,2.3333333333333335,30.181818181818183,0.8787878787878788,0.5830815709969789,0.338368580060423,0.983810709838107,0.6179657094772274,0.5493845691984388,0
1,3,7.852941176470588,6.705882352941177,1.0294117647058822,0.7352941176470589,1.3823529411764706,1.1176470588235294,23.352941176470587,1.0,0.0,0.4117647058823529,0.8454106280193235,0.6044005795001811,0.3787308753448708,0
1,1,8.972222222222221,5.583333333333333,0.4722222222222222,0.5,0.5833333333333334,0.8055555555555556,23.13888888888889,0.5,0.42570281124497994,0.3132530120481928,0.5214723926380368,0.5700268247917549,0.4064068850107577,0
0,1,7.341463414634147,3.2439024390243905,3.658536585365854,1.2926829268292683,0.04878048780487805,1.4878048780487805,26.463414634146343,0.7073170731707317,0.34146341463414637,0.3699186991869919,2.304147465437788,0.5261501887847853,0.41410338811863,0
0,2,12.8125,3.125,1.90625,1.4375,0.34375,2.0625,22.5625,0.03125,0.4868804664723032,0.35276967930029157,0.8815028901734103,0.5173632142136079,0.6494760066188637,0
0,1,11.0,2.875,1.2083333333333333,0.375,0.20833333333333334,1.0416666666666667,24.958333333333332,0.0,0.40106951871657753,0.3689839572192513,1.0583941605839413,0.6072874493927125,0.4871965414033921,0
1,1,12.033333333333333,6.0,2.933333333333333,0.9333333333333333,0.5,2.8333333333333335,31.433333333333334,1.0,0.30604982206405695,0.5516014234875445,0.9999999999999999,0.5168957617411226,0.47463002114164904,0
0,2,13.787878787878787,2.787878787878788,4.181818181818182,1.606060606060606,0.030303030303030304,2.787878787878788,34.121212121212125,1.0,0.6104972375690608,0.2569060773480663,1.4480587618048266,0.564628214037526,0.5251040467546266,0
0,3,13.714285714285714,3.5142857142857142,1.2285714285714286,1.5142857142857142,0.22857142857142856,1.542857142857143,22.457142857142856,0.02857142857142857,0.3537234042553192,0.32180851063829785,0.7478260869565218,0.5591277606933184,0.662444585180494,0
1,3,16.52777777777778,6.138888888888889,2.138888888888889,0.7222222222222222,0.4722222222222222,2.2777777777777777,36.138888888888886,1.0,0.4610091743119266,0.4151376146788991,0.8995327102803738,0.5769529128849585,0.5151004139199755,1
0,3,15.107142857142858,5.285714285714286,2.75,1.0357142857142858,0.42857142857142855,3.2857142857142856,30.464285714285715,0.9642857142857143,0.15457413249211358,0.4069400630914827,0.8122362869198312,0.565871147260274,0.5842486562280906,0
1,2,9.314285714285715,6.857142857142857,1.4857142857142858,0.8285714285714286,0.5428571428571428,1.1142857142857143,30.6,1.0,0.1471698113207547,0.3622641509433962,1.2235294117647058,0.5305298789220153,0.3517915309446254,0
1,2,8.333333333333334,5.666666666666667,0.9666666666666667,0.26666666666666666,0.8666666666666667,0.9666666666666667,25.166666666666668,0.6333333333333333,0.18617021276595744,0.5212765957446809,0.90625,0.5408445829006576,0.3680738786279683,0
0,0,10.424242424242424,3.212121212121212,2.696969696969697,1.7272727272727273,0.18181818181818182,2.0303030303030303,34.45454545454545,1.0,0.42084942084942084,0.28185328185328185,1.2660028449502132,0.590821654300632,0.37972463386828026,0
0,0,7.083333333333333,1.8333333333333333,2.5,0.75,0.2222222222222222,1.6111111111111112,25.97222222222222,0.5555555555555556,0.34439834024896265,0.24066390041493776,1.461038961038961,0.47838811346240434,0.3675687193692733,0
1,1,15.911764705882353,8.264705882352942,2.1176470588235294,1.1176470588235294,0.47058823529411764,2.411764705882353,31.029411764705884,1.0,0.16483516483516483,0.27912087912087913,0.8430913348946136,0.5294785468211713,0.5791761148904006,1
1,2,14.051282051282051,5.6923076923076925,0.6153846153846154,0.3333333333333333,2.1025641025641026,1.0769230769230769,23.94871794871795,0.7692307692307693,0.08333333333333333,0.46944444444444444,0.5228758169934641,0.6308131503821715,0.6098731208017911,0
1,0,20.114285714285714,11.571428571428571,1.6285714285714286,0.5714285714285714,1.8857142857142857,1.9714285714285715,33.48571428571429,1.0,0.07760532150776053,0.42350332594235035,0.786206896551724,0.6578947368421053,0.6473840918757975,1
1,2,13.413793103448276,6.137931034482759,1.1379310344827587,0.6896551724137931,1.0344827586206897,1.6896551724137931,23.06896551724138,0.9655172413793104,0.003367003367003367,0.3468013468013468,0.6358381502890174,0.5681818181818182,0.6280696532222055,0
0,3,11.794117647058824,4.411764705882353,0.9117647058823529,1.1176470588235294,0.6470588235294118,0.6764705882352942,34.970588235294116,1.0,0.6291390728476821,0.17218543046357615,1.174242424242424,0.6171509480423542,0.36229453203622947,0
1,3,8.35483870967742,8.580645161290322,1.2258064516129032,0.8064516129032258,0.45161290322580644,0.8064516129032258,27.774193548387096,1.0,0.25806451612903225,0.46236559139784944,1.3523131672597866,0.5785382416011436,0.34371021872468466,0
0,1,8.027027027027026,4.837837837837838,3.918918918918919,1.2432432432432432,0.32432432432432434,1.3783783783783783,27.81081081081081,1.0,0.33624454148471616,0.2314410480349345,2.6508226691042047,0.5885383639822448,0.4280042606758981,1
1,3,10.914285714285715,4.514285714285714,0.4857142857142857,0.2857142857142857,0.2857142857142857,0.8285714285714286,16.37142857142857,0.45714285714285713,0.204,0.376,0.5230769230769231,0.6555464030752334,0.6921075455333912,0
0,2,9.352941176470589,2.735294117647059,3.9411764705882355,1.6176470588235294,0.23529411764705882,2.5294117647058822,28.470588235294116,0.9705882352941176,0.25868725868725867,0.39768339768339767,1.4988814317673378,0.5224763406940063,0.46530780317068154,0
0,3,11.26923076923077,3.1153846153846154,2.576923076923077,0.5384615384615384,0.11538461538461539,1.3846153846153846,32.5,1.0,0.44642857142857145,0.45982142857142855,1.7357512953367875,0.5439625724045745,0.4247286455875413,0
0,3,11.578947368421053,2.736842105263158,4.7631578947368425,1.263157894736842,0.10526315789473684,1.3421052631578947,33.63157894736842,1.0,0.6245847176079734,0.3588039867109635,3.302919708029197,0.631240674853667,0.48447495709159005,0
0,1,14.121212121212121,4.0,5.212121212121212,1.2121212121212122,0.3333333333333333,2.757575757575758,30.363636363636363,0.9090909090909091,0.31962025316455694,0.6139240506329114,1.8239660657476138,0.5805262108829978,0.6346364269372327,1
1,0,9.064516129032258,4.354838709677419,1.064516129032258,0.8064516129032258,0.6774193548387096,1.3225806451612903,21.322580645161292,0.7741935483870968,0.481651376146789,0.3532110091743119,0.7482993197278911,0.5578053041130697,0.472820358379762,0
0,3,16.5,6.458333333333333,1.8333333333333333,1.7916666666666667,0.2916666666666667,1.2916666666666667,30.041666666666668,0.7916666666666666,0.36594202898550726,0.41304347826086957,1.3173652694610776,0.6070640176600441,0.6082388719933646,0
2,1,6.837837837837838,3.4324324324324325,0.2702702702702703,0.4594594594594595,1.135135135135135,1.054054054054054,20.054054054054053,1.0,0.06321839080459771,0.3103448275862069,0.234192037470726,0.6396642394822006,0.35268874882660584,0
0,2,10.485714285714286,2.6,2.0,1.3142857142857143,0.4,1.4,28.65714285714286,1.0,0.44357976653696496,0.45525291828793774,1.3333333333333333,0.5948521784232365,0.4341778440139096,0
0,2,15.297297297297296,4.27027027027027,2.027027027027027,0.9459459459459459,0.2972972972972973,1.4054054054054055,33.86486486486486,0.972972972972973,0.3471615720524017,0.3034934497816594,1.3464991023339317,0.5451113336928886,0.5100660459934749,0
0,3,13.1875,2.9375,2.71875,1.09375,0.375,1.875,31.65625,1.0,0.5302197802197802,0.2692307692307692,1.3765822784810127,0.5182747101591668,0.5008856524306239,0
1,3,10.75,5.78125,1.15625,0.5,1.4375,1.3125,29.90625,1.0,0.5699300699300699,0.3041958041958042,0.8185840707964601,0.5304058221290243,0.39679233493022287,0
0,2,12.944444444444445,3.5555555555555554,5.472222222222222,1.4722222222222223,0.1111111111111111,2.2222222222222223,34.111111111111114,1.0,0.3314447592067989,0.3371104815864023,2.3564593301435406,0.5747977106769291,0.5383241312114323,0
1,0,8.852941176470589,4.970588235294118,1.088235294117647,0.7352941176470589,0.7058823529411765,1.5588235294117647,19.264705882352942,0.4117647058823529,0.005319148936170213,0.6382978723404256,0.6560283687943261,0.625,0.5133657351154313,0
1,1,9.1875,5.09375,1.03125,0.5625,0.34375,1.5,26.03125,0.96875,0.1784037558685446,0.5258215962441315,0.64453125,0.5604697270093031,0.39105477158574503,0
2,3,7.606060606060606,8.272727272727273,0.8787878787878788,0.45454545454545453,0.30303030303030304,1.3333333333333333,25.333333333333332,1.0,0.0,0.5263157894736842,0.6131078224101479,0.5959164292497626,0.3336113427856547,0
1,3,10.583333333333334,4.916666666666667,1.0,0.6666666666666666,1.1666666666666667,1.75,21.27777777777778,0.8333333333333334,0.03137254901960784,0.4196078431372549,0.5405405405405405,0.6306276483050848,0.5418399168399168,0
1,0,10.515151515151516,6.03030303030303,0.9393939393939394,0.8787878787878788,0.7878787878787878,1.6363636363636365,27.848484848484848,0.9090909090909091,0.39325842696629215,0.3595505617977528,0.5410122164048865,0.5610529038934161,0.40984495283530303,1
0,1,9.657142857142857,4.142857142857143,4.314285714285714,1.3142857142857143,0.22857142857142856,2.1142857142857143,27.914285714285715,0.9714285714285714,0.2534246575342466,0.4349315068493151,1.9483870967741934,0.48579970104633785,0.49872514023457415,0
0,2,15.875,2.0,3.1875,0.5,0.0,1.75,30.9375,0.875,0.3333333333333333,0.5024875621890548,1.7229729729729728,0.5174380704041721,0.6141763995167137,0
0,0,8.290322580645162,2.193548387096774,2.6451612903225805,0.9032258064516129,0.03225806451612903,2.0,22.129032258064516,0.6451612903225806,0.3492822966507177,0.36363636363636365,1.259600614439324,0.5300280481768685,0.4919460165433173,0
1,3,7.923076923076923,5.256410256410256,0.9487179487179487,0.48717948717948717,0.358974358974359,1.0,18.05128205128205,0.02564102564102564,0.04035874439461883,0.5605381165919282,0.8624708624708624,0.5557553956834532,0.4887696002260206,0
0,3,8.96551724137931,5.275862068965517,2.1379310344827585,1.1379310344827587,0.3448275862068966,1.8620689655172413,27.862068965517242,0.896551724137931,0.5466101694915254,0.1483050847457627,1.0896309314586994,0.5171042163882259,0.3970896534714514,0
0,1,8.0625,2.28125,0.8125,0.78125,0.09375,0.96875,24.625,0.0625,0.6432160804020101,0.17587939698492464,0.7602339181286549,0.601679104477612,0.358948432760364,0
0,0,7.333333333333333,2.5555555555555554,2.4166666666666665,1.0833333333333333,0.4166666666666667,1.6666666666666667,23.305555555555557,0.3055555555555556,0.18032786885245902,0.20901639344262296,1.3679245283018866,0.4954211079417505,0.4165677664372181,0
1,1,12.3125,7.0,0.46875,0.40625,0.75,2.21875,28.0,0.96875,0.043478260869565216,0.43478260869565216,0.20215633423180593,0.5530600786075239,0.45484875444839856,0
0,2,10.571428571428571,3.2,4.8,0.9428571428571428,0.11428571428571428,1.8571428571428572,27.685714285714287,1.0,0.4189189189189189,0.3952702702702703,2.452554744525547,0.5324047427190054,0.5532133676092544,0
1,1,12.235294117647058,5.882352941176471,0.7647058823529411,0.6764705882352942,0.6764705882352942,1.3529411764705883,27.764705882352942,1.0,0.49074074074074076,0.2222222222222222,0.5263157894736841,0.5847953216374269,0.4665400042220815,0
0,2,14.470588235294118,3.735294117647059,3.5,0.7647058823529411,0.058823529411764705,2.176470588235294,29.61764705882353,0.7352941176470589,0.6218487394957983,0.44537815126050423,1.537467700258398,0.5761663856098932,0.6047110055423593,0
1,2,19.485714285714284,8.742857142857142,1.3428571428571427,0.7428571428571429,0.11428571428571428,2.057142857142857,34.0,1.0,0.12869198312236288,0.5126582278481012,0.6225165562913907,0.5869999311437031,0.6108085462924171,0
0,3,15.617647058823529,3.1176470588235294,4.411764705882353,1.0588235294117647,0.29411764705882354,2.323529411764706,32.94117647058823,1.0,0.3538083538083538,0.4103194103194103,1.820388349514563,0.5525724275724275,0.6061954780131744,0
1,2,10.875,5.333333333333333,1.6666666666666667,0.7083333333333334,0.8333333333333334,1.7916666666666667,29.25,1.0,0.08333333333333333,0.2777777777777778,0.8810572687224669,0.5383663366336634,0.4273140261215218,0
1,3,7.857142857142857,6.685714285714286,0.45714285714285713,0.3142857142857143,1.9142857142857144,0.8285714285714286,21.17142857142857,0.7428571428571429,0.0,0.5111111111111111,0.4923076923076923,0.6236393323657475,0.3908663532572195,0
0,2,15.258064516129032,3.7096774193548385,3.0,0.6774193548387096,0.1935483870967742,2.838709677419355,32.61290322580645,0.6451612903225806,0.4107142857142857,0.5446428571428571,1.0208562019758507,0.5677998655526746,0.5581303618972489,0
0,3,12.777777777777779,3.6666666666666665,7.805555555555555,2.0,0.2222222222222222,2.5555555555555554,35.27777777777778,1.0,0.384180790960452,0.3333333333333333,2.9393305439330546,0.5666141111549073,0.5818153266331658,0
1,1,12.878787878787879,7.848484848484849,1.4545454545454546,0.7272727272727273,0.696969696969697,2.212121212121212,24.818181818181817,1.0,0.003676470588235294,0.45588235294117646,0.6290956749672346,0.6507226849583537,0.5752158579593822,0
1,1,11.416666666666666,7.291666666666667,3.2916666666666665,1.25,0.2916666666666667,2.0416666666666665,28.916666666666668,0.7916666666666666,0.07878787878787878,0.6909090909090909,1.536964980544747,0.636735452686373,0.5068925904652498,0
1,3,11.25,5.25,0.4375,0.46875,0.5625,1.625,28.75,0.96875,0.0,0.7581395348837209,0.25362318840579706,0.6277901785714285,0.4051126516464471,0
0,0,13.823529411764707,2.8529411764705883,3.235294117647059,1.0,0.11764705882352941,2.5294117647058822,30.58823529411765,1.0,0.5417867435158501,0.3659942363112392,1.2304250559284116,0.5833002382843526,0.5558750239601303,0
1,2,11.529411764705882,6.735294117647059,0.4117647058823529,0.5588235294117647,0.9117647058823529,1.7352941176470589,24.647058823529413,0.9705882352941176,0.0,0.5797101449275363,0.22435897435897434,0.5658198614318707,0.48252911813643923,0
1,1,15.419354838709678,9.935483870967742,1.2903225806451613,0.9354838709677419,3.6129032258064515,3.2580645161290325,34.87096774193548,1.0,0.023746701846965697,0.38786279683377306,0.3842459173871277,0.5386765236206275,0.47781569965870313,1
0,3,6.8108108108108105,3.108108108108108,2.2432432432432434,0.6486486486486487,0.02702702702702703,1.3513513513513513,20.08108108108108,0.16216216216216217,0.48258706467661694,0.23383084577114427,1.5456238361266295,0.5683868639480332,0.4486406856836748,0
0,2,14.741935483870968,3.774193548387097,4.032258064516129,1.5483870967741935,0.03225806451612903,2.7096774193548385,36.38709677419355,0.967741935483871,0.5877192982456141,0.4444444444444444,1.4351320321469576,0.5588436705145764,0.5145433648660594,0
1,0,8.233333333333333,5.2,1.3333333333333333,0.4666666666666667,1.0666666666666667,2.1,22.033333333333335,0.13333333333333333,0.0,0.7785714285714286,0.606060606060606,0.6570546924877634,0.43222891566265054,0
0,2,6.861111111111111,4.694444444444445,0.5833333333333334,0.8055555555555556,0.19444444444444445,0.6666666666666666,24.944444444444443,0.4444444444444444,0.5819672131147541,0.32786885245901637,0.7608695652173915,0.44233524355300863,0.2972493345164152,0
0,2,9.742857142857142,3.0,3.0,1.1428571428571428,0.11428571428571428,2.1714285714285713,28.885714285714286,1.0,0.43356643356643354,0.2902097902097902,1.3207547169811322,0.5286493860845839,0.4396254312469196,0
1,2,10.027027027027026,7.702702702702703,1.1891891891891893,0.7027027027027027,1.3243243243243243,1.054054054054054,26.37837837837838,0.972972972972973,0.00392156862745098,0.33725490196078434,1.0304449648711944,0.6334517142466876,0.4235990609370215,0
1,3,10.27027027027027,6.486486486486487,5.054054054054054,1.0810810810810811,0.5405405405405406,2.4054054054054053,29.72972972972973,1.0,0.19272727272727272,0.48,2.0172599784250274,0.5704335294824067,0.513726556129383,0
1,0,9.545454545454545,8.454545454545455,0.9090909090909091,0.5151515151515151,1.2727272727272727,1.4848484848484849,23.666666666666668,0.6363636363636364,0.03755868544600939,0.40375586854460094,0.5736137667304014,0.6278902886302025,0.43988269794721396,0
0,2,13.055555555555555,4.388888888888889,1.6944444444444444,0.9722222222222222,0.1388888888888889,1.75,28.97222222222222,0.9444444444444444,0.303951367781155,0.425531914893617,0.9159159159159158,0.6016385048643113,0.5073571565067838,0
1,0,9.064516129032258,6.225806451612903,1.1290322580645162,0.6451612903225806,0.3225806451612903,1.6451612903225807,25.096774193548388,0.8064516129032258,0.19457013574660634,0.502262443438914,0.6469500924214417,0.5206789208419804,0.40455767507361406,0
0,1,12.878787878787879,3.727272727272727,2.515151515151515,1.3333333333333333,0.21212121212121213,2.4545454545454546,29.484848484848484,1.0,0.5494186046511628,0.18604651162790697,0.9845788849347568,0.5709909716251075,0.5203318652053672,0
0,1,17.941176470588236,3.5588235294117645,4.117647058823529,1.4411764705882353,0.38235294117647056,2.235294117647059,33.588235294117645,1.0,0.4954296160877514,0.2687385740402194,1.7632241813602012,0.4986267329322521,0.6547930853850183,0
0,2,11.709677419354838,3.4193548387096775,1.6129032258064515,1.1290322580645162,0.9032258064516129,1.5161290322580645,30.0,0.9354838709677419,0.5016501650165016,0.264026402640264,0.998003992015968,0.5366646954464814,0.44261065266316574,0
1,1,12.566666666666666,8.466666666666667,1.2,0.5666666666666667,0.6666666666666666,2.2666666666666666,30.733333333333334,1.0,0.0,0.5968379446640316,0.5070422535211268,0.5900951665414476,0.4464864864864864,0
1,2,11.026315789473685,5.342105263157895,1.3157894736842106,0.5263157894736842,1.5,1.105263157894737,30.394736842105264,0.9473684210526315,0.36065573770491804,0.19672131147540983,1.0917030567685588,0.632166566083283,0.40472903003106664,1
0,3,9.647058823529411,4.647058823529412,2.323529411764706,1.2941176470588236,0.20588235294117646,1.1176470588235294,26.294117647058822,0.20588235294117646,0.515625,0.3984375,1.9082125603864735,0.5450678011167243,0.45353242701136615,0
1,0,8.964285714285714,5.285714285714286,0.7142857142857143,0.6071428571428571,0.35714285714285715,1.5357142857142858,21.857142857142858,0.5,0.0,0.4321608040201005,0.43668122270742354,0.5298935990542138,0.44079375406636295,0
1,1,16.142857142857142,8.904761904761905,1.4285714285714286,0.7142857142857143,0.8571428571428571,2.0,31.476190476190474,1.0,0.2899628252788104,0.2379182156133829,0.6802721088435374,0.5703997846278099,0.556477152767305,0
1,1,11.59375,3.71875,2.1875,0.59375,0.125,2.46875,30.0625,0.8125,0.2480916030534351,0.5954198473282443,0.851581508515815,0.5610331478345028,0.4569001243265644,0
0,0,10.0625,3.25,1.0625,0.53125,0.375,2.03125,31.03125,1.0,0.4188034188034188,0.41025641025641024,0.49853372434017595,0.5828265276571097,0.357357960248946,0
0,3,13.696969696969697,7.666666666666667,2.9696969696969697,1.9090909090909092,2.4242424242424243,2.0,34.63636363636363,0.9696969696969697,0.0748502994011976,0.41317365269461076,1.4141414141414141,0.5725577624645318,0.47980458867661174,0
0,3,11.694444444444445,3.0277777777777777,1.25,0.6666666666666666,0.5833333333333334,0.8333333333333334,29.61111111111111,0.9444444444444444,0.5664556962025317,0.24367088607594936,1.3392857142857142,0.6016348462329941,0.4356768885564697,0
1,0,13.0,8.0,0.8421052631578947,0.6842105263157895,1.5,1.6842105263157894,30.13157894736842,1.0,0.0,0.8309859154929577,0.471976401179941,0.6368605610561056,0.45786908077994426,1
0,1,7.894736842105263,1.368421052631579,1.763157894736842,0.47368421052631576,0.0,1.131578947368421,22.44736842105263,0.6052631578947368,0.5327102803738317,0.3411214953271028,1.4316239316239314,0.6094588005850804,0.4283380018674136,0
0,1,9.515151515151516,2.9393939393939394,1.3333333333333333,0.7878787878787878,0.30303030303030304,1.1818181818181819,31.272727272727273,0.9393939393939394,0.6386861313868614,0.27007299270072993,1.040189125295508,0.512134655532359,0.345793489809717,0
0,1,19.15625,3.4375,6.375,1.78125,0.125,2.8125,29.25,1.0,0.1970954356846473,0.3962655601659751,2.188841201716738,0.5414811674086637,0.8698892674616695,1
0,1,12.727272727272727,2.272727272727273,1.1515151515151516,0.6666666666666666,0.030303030303030304,0.8484848484848485,29.303030303030305,0.696969696969697,0.6265822784810127,0.3639240506329114,1.2140575079872205,0.5728314238952537,0.47201896320725545,0
0,3,14.352941176470589,2.1176470588235294,1.088235294117647,0.4117647058823529,0.17647058823529413,1.4705882352941178,27.88235294117647,0.4117647058823529,0.4975247524752475,0.22772277227722773,0.692883895131086,0.5489560835133189,0.5518183729241118,0
1,1,8.2,4.457142857142857,0.8,0.6285714285714286,0.42857142857142855,1.8571428571428572,24.771428571428572,0.9142857142857143,0.13008130081300814,0.2845528455284553,0.40875912408759124,0.5184248554913294,0.36186099942561745,0
0,2,11.0,3.0,4.371428571428571,1.0571428571428572,0.08571428571428572,1.8285714285714285,33.2,1.0,0.5714285714285714,0.2714285714285714,2.2666666666666666,0.6141526288922919,0.4616044616044615,0
0,1,21.63888888888889,4.583333333333333,3.5277777777777777,1.3055555555555556,0.1388888888888889,2.0,36.583333333333336,0.9722222222222222,0.42105263157894735,0.49122807017543857,1.6798941798941798,0.6243187792524203,0.6860517946388005,0
0,2,14.838709677419354,6.645161290322581,1.7096774193548387,0.9354838709677419,0.3225806451612903,1.3870967741935485,29.258064516129032,1.0,0.4817073170731707,0.2926829268292683,1.1496746203904553,0.6212186689714779,0.5636743215031315,1
0,3,11.676470588235293,4.205882352941177,3.1470588235294117,0.8529411764705882,0.14705882352941177,1.0294117647058822,32.088235294117645,1.0,0.4536082474226804,0.2920962199312715,2.7864583333333335,0.6044457978075518,0.4605263157894737,1
0,2,9.576923076923077,2.6923076923076925,1.4615384615384615,1.2692307692307692,0.15384615384615385,1.6538461538461537,24.576923076923077,1.0,0.5369458128078818,0.27586206896551724,0.8333333333333333,0.5469161834475488,0.44731920199501246,0
0,3,17.666666666666668,3.727272727272727,3.090909090909091,1.393939393939394,0.21212121212121213,1.878787878787879,33.09090909090909,1.0,0.4908675799086758,0.3401826484018265,1.5620214395099539,0.5788783858924458,0.6253994339450378,0
0,0,13.444444444444445,4.305555555555555,1.9722222222222223,0.8055555555555556,0.19444444444444445,1.9166666666666667,30.083333333333332,0.9722222222222222,0.4755043227665706,0.4495677233429395,0.9779614325068872,0.5822346261187566,0.5107675317504141,0
1,1,7.882352941176471,3.911764705882353,1.0,0.29411764705882354,1.7647058823529411,0.9411764705882353,22.91176470588235,1.0,0.358974358974359,0.1752136752136752,0.9604519774011299,0.5316616410093636,0.3859918200408998,0
1,0,11.5,9.923076923076923,1.6538461538461537,0.5384615384615384,0.6538461538461539,2.4615384615384617,27.0,0.5384615384615384,0.004424778761061947,0.7035398230088495,0.6456456456456455,0.5051358291661036,0.485381776894692,0
1,2,10.03225806451613,3.838709677419355,1.3225806451612903,0.6451612903225806,0.41935483870967744,0.9032258064516129,20.483870967741936,0.3548387096774194,0.2612244897959184,0.23265306122448978,1.3183279742765273,0.5757553317535545,0.5516376743457139,0
0,1,18.0,11.05,1.55,1.2,1.25,1.5,34.35,0.95,0.26334519572953735,0.34519572953736655,0.96875,0.5561047948591201,0.5674891146589259,0
0,2,18.0,4.636363636363637,1.6818181818181819,0.36363636363636365,0.18181818181818182,2.772727272727273,30.227272727272727,0.8636363636363636,0.38461538461538464,0.4090909090909091,0.5854430379746836,0.5867014341590613,0.6489808153477219,0
1,1,12.40625,6.1875,1.90625,0.875,0.71875,1.96875,28.875,0.96875,0.4215686274509804,0.4019607843137255,0.9214501510574018,0.5512051538376097,0.49396031061259704,0
0,3,9.8125,4.1875,3.40625,2.0,0.1875,1.5625,29.8125,0.96875,0.5300353356890459,0.10247349823321555,2.0488721804511276,0.5308358128212064,0.4419139155871291,0
0,3,19.15625,3.375,3.0625,1.46875,0.09375,1.78125,38.03125,1.0,0.49236641221374045,0.21374045801526717,1.627906976744186,0.5346427574658108,0.5826913620717915,0
0,1,17.413793103448278,3.793103448275862,2.2413793103448274,1.3448275862068966,0.10344827586206896,1.4827586206896552,33.10344827586207,0.9655172413793104,0.5662337662337662,0.18441558441558442,1.4161220043572982,0.6066211800884105,0.591961782116523,0
0,3,17.225806451612904,4.645161290322581,2.806451612903226,1.2580645161290323,0.4838709677419355,2.5806451612903225,32.12903225806452,0.967741935483871,0.43333333333333335,0.5833333333333334,1.0469314079422383,0.590185676392573,0.6215594034631167,0
1,1,9.875,5.625,1.0625,0.53125,1.3125,1.34375,27.40625,0.96875,0.4307116104868914,0.37453183520599254,0.7359307359307359,0.5080385852090032,0.39763690070438534,0
0,2,8.787878787878787,2.4545454545454546,1.6363636363636365,1.393939393939394,0.09090909090909091,0.8181818181818182,21.03030303030303,0.7878787878787878,0.4957627118644068,0.2923728813559322,1.7821782178217822,0.5443760324373029,0.4933314211960418,0
0,0,14.555555555555555,6.0,7.611111111111111,1.8333333333333333,0.7777777777777778,2.4722222222222223,35.083333333333336,1.0,0.565597667638484,0.2857142857142857,2.9589632829373644,0.6785455298870817,0.630033159639981,1
1,3,9.911764705882353,5.088235294117647,0.9117647058823529,0.47058823529411764,0.47058823529411764,1.0,29.264705882352942,1.0,0.268,0.376,0.8288770053475935,0.5783223503569467,0.36858974358974356,0
1,3,14.157894736842104,6.894736842105263,2.3684210526315788,0.7894736842105263,0.8947368421052632,1.6842105263157894,31.842105263157894,1.0,0.34065934065934067,0.27472527472527475,1.327433628318584,0.6593137254901961,0.5173834239578184,0
1,0,7.515151515151516,3.6666666666666665,0.9696969696969697,0.12121212121212122,0.15151515151515152,0.9393939393939394,20.333333333333332,0.5151515151515151,0.5265700483091788,0.20772946859903382,0.932944606413994,0.5488668555240793,0.41524543971526023,0
1,3,7.6,3.2857142857142856,1.5142857142857142,0.8,1.0,1.1714285714285715,21.37142857142857,0.7428571428571429,0.15841584158415842,0.44554455445544555,1.191011235955056,0.5504966887417219,0.4244843646041251,0
0,0,8.483870967741936,2.903225806451613,1.096774193548387,0.7096774193548387,0.1935483870967742,1.2903225806451613,22.903225806451612,0.7096774193548387,0.2627450980392157,0.38823529411764707,0.7888631090487238,0.4404474812433012,0.41649137568363487,0
0,3,11.13888888888889,2.5555555555555554,4.75,0.7777777777777778,0.027777777777777776,2.1666666666666665,32.27777777777778,1.0,0.5150602409638554,0.2319277108433735,2.0955882352941178,0.5479938777741336,0.49073438572409056,0
0,1,8.911764705882353,2.235294117647059,1.7352941176470589,0.5588235294117647,0.2647058823529412,0.7058823529411765,24.441176470588236,0.5882352941176471,0.3584905660377358,0.2028301886792453,2.153284671532847,0.6560713667070847,0.43384467881112176,0
0,1,9.264705882352942,2.588235294117647,0.9411764705882353,0.5588235294117647,0.14705882352941177,0.8235294117647058,27.08823529411765,0.6764705882352942,0.545816733067729,0.17928286852589642,1.019108280254777,0.5816100443131462,0.37537862397230637,0
0,3,17.633333333333333,3.5,4.033333333333333,1.1,0.16666666666666666,3.033333333333333,34.3,1.0,0.22284122562674094,0.3871866295264624,1.2872340425531914,0.629522086824067,0.6298449612403101,0
0,2,13.516129032258064,2.2903225806451615,1.1935483870967742,0.8064516129032258,0.0,1.1290322580645162,33.74193548387097,1.0,0.5762195121951219,0.25914634146341464,0.9711286089238844,0.573344280240832,0.4346582785244495,0
1,3,8.870967741935484,7.580645161290323,1.4193548387096775,1.0,0.3225806451612903,1.1935483870967742,23.129032258064516,0.6451612903225806,0.22842639593908629,0.41116751269035534,1.0972568578553614,0.5910419532324622,0.4429940286071379,0
0,0,7.675675675675675,2.5945945945945947,4.324324324324325,1.6486486486486487,0.10810810810810811,2.5405405405405403,28.486486486486488,0.8108108108108109,0.2383177570093458,0.42990654205607476,1.6376663254861823,0.5580006287331029,0.41977876524534363,0
1,0,8.4375,3.40625,0.875,0.34375,0.3125,0.65625,24.53125,0.90625,0.7841409691629956,0.2026431718061674,1.15702479338843,0.5460281507846626,0.37807663029687893,0
0,3,11.290322580645162,3.4193548387096775,2.2903225806451615,1.032258064516129,0.0967741935483871,1.6774193548387097,27.70967741935484,0.8709677419354839,0.45017182130584193,0.26804123711340205,1.2885662431941924,0.537931882454199,0.48834241967289177,0
0,2,10.818181818181818,3.9696969696969697,1.2424242424242424,0.7272727272727273,0.15151515151515152,0.696969696969697,27.87878787878788,0.030303030303030304,0.6339622641509434,0.1660377358490566,1.55893536121673,0.6277254184836123,0.43106249323080253,0
0,3,19.4375,3.8125,4.4375,1.53125,0.09375,2.6875,34.59375,1.0,0.49403341288782815,0.48687350835322196,1.5919282511210762,0.6112901957701077,0.6881642947216717,0
1,1,14.75,7.90625,1.25,0.71875,0.46875,2.9375,29.625,0.96875,0.12844036697247707,0.6758409785932722,0.411522633744856,0.556288893079389,0.5382674516400336,0
0,3,12.212121212121213,7.575757575757576,4.0606060606060606,1.1818181818181819,1.6363636363636365,2.606060606060606,32.72727272727273,1.0,0.15833333333333333,0.42777777777777776,1.5005599104143337,0.47105853749766224,0.4957075602326225,0
0,1,10.46875,3.0,3.6875,0.6875,0.09375,1.25,30.4375,0.78125,0.5809859154929577,0.17253521126760563,2.7314814814814814,0.5481738447440765,0.46356938190749075,0
0,2,18.9,3.05,4.6,0.925,0.025,1.775,31.8,1.0,0.40733590733590735,0.3127413127413127,2.453333333333333,0.6414607656801521,0.7366771159874608,1
1,2,14.151515151515152,8.393939393939394,1.3333333333333333,0.8787878787878788,2.3636363636363638,1.7272727272727273,26.515151515151516,1.0,0.08423913043478261,0.33967391304347827,0.7296849087893863,0.5520094562647754,0.5818057611294546,0
0,0,8.833333333333334,3.8055555555555554,1.6944444444444444,0.9166666666666666,0.2777777777777778,1.4166666666666667,25.52777777777778,0.027777777777777776,0.49145299145299143,0.3547008547008547,1.117216117216117,0.5877569126127459,0.41079557771515285,0
0,2,9.121212121212121,4.545454545454546,5.515151515151516,2.090909090909091,0.06060606060606061,3.0303030303030303,31.454545454545453,1.0,0.31004366812227074,0.4017467248908297,1.7618586640851888,0.5584830043045865,0.4638432728320369,0
0,3,11.043478260869565,2.4782608695652173,4.739130434782608,0.8260869565217391,0.043478260869565216,2.9130434782608696,33.391304347826086,1.0,0.7619047619047619,0.21164021164021163,1.5728715728715728,0.6147144240077445,0.4712449694924055,0
1,0,12.5625,5.90625,1.125,0.8125,1.90625,1.9375,25.4375,0.90625,0.12213740458015267,0.7213740458015268,0.5521472392638036,0.5823386255649554,0.5359765051395007,0
0,3,8.32258064516129,3.870967741935484,2.2903225806451615,0.41935483870967744,0.41935483870967744,1.3548387096774193,29.741935483870968,1.0,0.42272727272727273,0.35454545454545455,1.574279379157428,0.5072349795533186,0.3556372284077397,0
0,2,10.583333333333334,1.5833333333333333,2.125,1.2083333333333333,0.0,1.9166666666666667,22.708333333333332,0.0,0.25316455696202533,0.2869198312236287,1.0537190082644627,0.4757979919076877,0.5571793934965291,0
0,2,12.242424242424242,2.606060606060606,3.757575757575758,0.9696969696969697,0.0,1.8181818181818181,31.242424242424242,1.0,0.3949843260188088,0.3949843260188088,1.9589257503949449,0.5394722786027134,0.5104901865996326,0
2,3,13.303030303030303,5.212121212121212,0.5151515151515151,0.30303030303030304,0.7272727272727273,1.0909090909090908,28.03030303030303,1.0,0.0,0.4,0.43256997455470736,0.5656050298907442,0.4912205106107939,0
1,3,9.65625,5.71875,0.84375,0.46875,0.625,1.71875,21.09375,0.78125,0.004347826086956522,0.45652173913043476,0.46391752577319584,0.559377262853005,0.49542907696844585,0
1,1,10.153846153846153,6.538461538461538,2.269230769230769,1.2307692307692308,0.38461538461538464,1.5384615384615385,24.884615384615383,1.0,0.26785714285714285,0.23214285714285715,1.384976525821596,0.5346727154893065,0.49722906403940886,0
1,3,7.944444444444445,2.138888888888889,1.2777777777777777,1.2222222222222223,0.1111111111111111,1.0833333333333333,28.25,1.0,0.6067415730337079,0.15730337078651685,1.0798122065727698,0.5009107468123861,0.3252988438173623,0
2,1,10.125,5.0,1.40625,0.5,1.0,1.71875,20.96875,0.65625,0.14,0.324,0.7731958762886597,0.5671474583391682,0.5473153366953426,0
0,2,8.028571428571428,4.314285714285714,3.2,1.0571428571428572,0.22857142857142856,1.4857142857142858,32.94285714285714,1.0,0.4846153846153846,0.27307692307692305,2.018018018018018,0.48241999725312457,0.33981841763942927,0
0,2,12.051282051282051,4.794871794871795,2.128205128205128,0.8717948717948718,0.3333333333333333,1.641025641025641,33.05128205128205,0.8974358974358975,0.412532637075718,0.14360313315926893,1.2223858615611192,0.5771119842829077,0.4277206280454791,0
0,2,11.34375,3.3125,2.0,1.15625,0.0625,1.40625,26.1875,0.40625,0.3704819277108434,0.30120481927710846,1.3278008298755186,0.48271276595744683,0.5076081787922015,0
0,3,9.481481481481481,3.1481481481481484,3.111111111111111,1.0740740740740742,0.2222222222222222,1.0740740740740742,31.074074074074073,1.0,0.45933014354066987,0.21052631578947367,2.649842271293375,0.5605184795936241,0.4039443982416538,0
0,3,15.333333333333334,3.358974358974359,2.641025641025641,1.0,0.02564102564102564,1.205128205128205,35.794871794871796,1.0,0.5876993166287016,0.2505694760820046,2.023575638506876,0.613459171112023,0.5007500535752554,0
0,2,18.17142857142857,6.3428571428571425,2.3142857142857145,1.2571428571428571,0.5428571428571428,2.2857142857142856,34.714285714285715,0.9714285714285714,0.5012224938875306,0.4229828850855746,0.970059880239521,0.6555079155672823,0.5884283955683216,0
1,3,7.848484848484849,6.0,0.7272727272727273,0.5151515151515151,1.121212121212121,1.1515151515151516,20.78787878787879,0.5757575757575758,0.0,0.3877551020408163,0.5811138014527845,0.5644177126917713,0.41056143914115767,0
1,2,13.264705882352942,6.147058823529412,0.7941176470588235,0.6176470588235294,1.2352941176470589,1.6470588235294117,29.264705882352942,1.0,0.36666666666666664,0.51,0.45454545454545453,0.6139061308940433,0.47876602564102566,0
0,2,15.06060606060606,4.363636363636363,2.787878787878788,1.696969696969697,0.24242424242424243,1.7878787878787878,31.696969696969695,1.0,0.4415204678362573,0.24853801169590642,1.476725521669342,0.6549815498154982,0.5613265986848375,1
0,3,9.545454545454545,2.696969696969697,3.4545454545454546,1.2121212121212122,0.2727272727272727,1.9090909090909092,29.727272727272727,1.0,0.3582089552238806,0.417910447761194,1.7194570135746605,0.4964069591527988,0.4358427308747333,0
0,2,10.423076923076923,2.6153846153846154,2.0,0.8461538461538461,0.19230769230769232,1.9615384615384615,24.96153846153846,0.7692307692307693,0.43434343434343436,0.37373737373737376,0.9701492537313434,0.5876995142262318,0.49570288520564765,0
0,3,12.58974358974359,3.8205128205128207,2.051282051282051,0.6666666666666666,0.2564102564102564,1.358974358974359,26.46153846153846,1.0,0.37209302325581395,0.26744186046511625,1.4059753954305796,0.5108198085726176,0.5512115069022107,0
0,1,9.333333333333334,2.230769230769231,3.5641025641025643,1.0256410256410255,0.20512820512820512,1.641025641025641,25.487179487179485,1.0,0.352059925093633,0.5955056179775281,2.0471281296023567,0.5401234567901235,0.504058522898086,1
0,1,13.709677419354838,3.870967741935484,3.870967741935484,1.935483870967742,0.2903225806451613,2.6774193548387095,34.61290322580645,0.9354838709677419,0.45294117647058824,0.29705882352941176,1.3937282229965158,0.5527520549370513,0.5064585075736455,0
1,3,9.323529411764707,4.882352941176471,1.1176470588235294,0.6764705882352942,0.3235294117647059,1.5588235294117647,26.235294117647058,1.0,0.30952380952380953,0.47619047619047616,0.6737588652482269,0.6240157480314961,0.3964708510163056,0
1,3,12.657142857142857,5.714285714285714,1.8857142857142857,0.5142857142857142,0.2857142857142857,1.4285714285714286,28.62857142857143,0.9714285714285714,0.1930379746835443,0.39556962025316456,1.233644859813084,0.5970350404312669,0.5062158130283441,0
0,3,14.775,3.475,1.975,1.75,0.55,2.375,26.35,0.375,0.3290155440414508,0.5284974093264249,0.797979797979798,0.6211114847822432,0.6332703213610585,0
0,3,14.615384615384615,3.923076923076923,2.7435897435897436,1.1794871794871795,0.3076923076923077,1.6666666666666667,34.51282051282051,1.0,0.548728813559322,0.11864406779661017,1.5529753265602322,0.5738563144329897,0.5015186310097044,0
0,0,16.70967741935484,3.7419354838709675,2.838709677419355,0.9032258064516129,0.41935483870967744,2.967741935483871,32.96774193548387,1.0,0.41646489104116224,0.3922518159806295,0.92534174553102,0.5348145700834228,0.5911618378694762,0
0,1,11.742857142857142,3.342857142857143,1.0285714285714285,0.37142857142857144,0.0,1.1428571428571428,32.48571428571429,0.9714285714285714,0.5434083601286174,0.18971061093247588,0.8275862068965516,0.6098646723646725,0.3919333625602805,0
1,2,12.375,6.375,1.0833333333333333,0.5416666666666666,2.25,1.9166666666666667,25.708333333333332,0.875,0.005376344086021506,0.5161290322580645,0.5371900826446281,0.6506309148264984,0.5214723926380368,0
1,2,16.28125,3.8125,3.46875,1.0625,0.375,2.6875,32.84375,1.0,0.28939828080229224,0.5472779369627507,1.2443946188340806,0.6015610567153149,0.5995067349649023,0
0,2,10.307692307692308,3.730769230769231,1.1153846153846154,0.8846153846153846,0.5769230769230769,1.6153846153846154,31.076923076923077,0.9615384615384616,0.373134328358209,0.31343283582089554,0.6502242152466368,0.5858691850297307,0.36639526276831974,0
1,3,13.028571428571428,6.314285714285714,3.4571428571428573,1.0,0.34285714285714286,2.3142857142857145,31.37142857142857,1.0,0.27070063694267515,0.5063694267515924,1.4319526627218935,0.5938118554016044,0.5238311393554245,1
0,3,13.030303030303031,3.212121212121212,1.606060606060606,0.9090909090909091,0.030303030303030304,1.0909090909090908,34.84848484848485,1.0,0.41818181818181815,0.14025974025974025,1.3486005089058524,0.5259810157549663,0.41879823116275033,0
0,3,12.151515151515152,3.606060606060606,5.090909090909091,1.4848484848484849,0.12121212121212122,3.0303030303030303,35.72727272727273,1.0,0.4380664652567976,0.2537764350453172,1.6263310745401742,0.5448961843678661,0.48126533028842083,0
0,3,8.8125,2.375,2.625,0.9375,0.15625,1.90625,26.53125,0.8125,0.11020408163265306,0.37551020408163266,1.308411214953271,0.4939050021017234,0.42947664867402013,0
0,1,8.741935483870968,3.7419354838709675,0.8387096774193549,0.8387096774193549,0.5483870967741935,1.1290322580645162,23.548387096774192,0.3870967741935484,0.2988505747126437,0.5229885057471264,0.6824146981627296,0.6330592412633153,0.40512890465148,0
0,1,19.458333333333332,4.708333333333333,2.0833333333333335,1.875,0.16666666666666666,3.0833333333333335,31.916666666666668,1.0,0.5470588235294118,0.3205882352941177,0.6544502617801047,0.6018661717702857,0.6728266527850078,0
0,1,15.571428571428571,2.8,3.5428571428571427,1.4285714285714286,0.02857142857142857,2.5142857142857142,32.0,1.0,0.254320987654321,0.38271604938271603,1.355191256830601,0.5758664412510567,0.5954606141522029,0
1,2,11.88,6.4,2.2,1.2,0.72,2.2,26.32,0.96,0.14218009478672985,0.44075829383886256,0.9565217391304347,0.5894728485233407,0.5329295987887964,1
0,3,9.818181818181818,5.0,1.0303030303030303,1.2424242424242424,0.7878787878787878,0.9696969696969697,22.78787878787879,1.0,0.46735395189003437,0.20618556701030927,0.9631728045325778,0.5103969754253308,0.4739838474778233,0
0,3,8.75,3.3125,3.875,1.15625,0.125,1.875,34.125,0.96875,0.6208530805687204,0.4075829383886256,1.9620253164556962,0.562610512779296,0.3688823959094229,0
1,0,14.945945945945946,8.837837837837839,0.918918918918919,1.162162162162162,0.7837837837837838,1.864864864864865,38.13513513513514,1.0,0.3624454148471616,0.48253275109170307,0.4676753782668501,0.49798285426122035,0.4149289602035767,0
0,2,9.233333333333333,2.6333333333333333,4.466666666666667,1.3,0.03333333333333333,1.6,29.533333333333335,0.7333333333333333,0.3684210526315789,0.22672064777327935,2.627450980392157,0.5098659991164777,0.4623172103487063,0
0,2,13.628571428571428,2.7142857142857144,2.3142857142857145,0.9714285714285714,0.17142857142857143,1.6857142857142857,31.6,1.0,0.5433673469387755,0.13010204081632654,1.296,0.5754753402181256,0.5029292474087427,0
0,1,13.875,7.71875,2.28125,0.6875,0.34375,2.5625,34.75,1.0,0.3633879781420765,0.23497267759562843,0.8568075117370891,0.5497226624405704,0.46359397417503584,0
0,1,12.666666666666666,3.6666666666666665,3.6333333333333333,0.7333333333333333,0.03333333333333333,2.4,33.3,0.9666666666666667,0.6131805157593123,0.2177650429799427,1.4533333333333334,0.49680995711745635,0.4880239520958084,0
1,1,17.583333333333332,11.833333333333334,1.7777777777777777,0.6111111111111112,0.8611111111111112,2.5555555555555554,31.916666666666668,0.8611111111111112,0.03580562659846547,0.49872122762148335,0.6694560669456067,0.6638003355704698,0.6047197640117994,1
1,3,9.5,3.176470588235294,0.7941176470588235,0.7941176470588235,0.3235294117647059,1.1176470588235294,27.235294117647058,1.0,0.7576923076923077,0.16153846153846155,0.6521739130434782,0.5799339270324619,0.3765870454056381,0
1,2,8.294117647058824,5.9411764705882355,0.9411764705882353,0.5588235294117647,1.2058823529411764,1.7941176470588236,28.58823529411765,1.0,0.0,0.8404907975460123,0.49689440993788814,0.6314940881404515,0.3219192126307156,0
0,3,12.655172413793103,3.6551724137931036,2.1724137931034484,0.896551724137931,0.1724137931034483,2.2758620689655173,28.896551724137932,0.4482758620689655,0.29253731343283584,0.2,0.9143686502177067,0.5034569798068481,0.5113568795338328,0
0,0,9.9375,1.96875,2.25,0.375,0.0625,2.65625,21.25,0.46875,0.35526315789473684,0.24342105263157895,0.8163265306122449,0.4724269075350606,0.5708430913348945,0
1,3,9.705882352941176,4.705882352941177,1.3529411764705883,0.9117647058823529,0.35294117647058826,1.2352941176470589,29.0,1.0,0.44298245614035087,0.42543859649122806,1.0132158590308369,0.6095758829614305,0.3800282999797857,0
0,3,11.352941176470589,1.9411764705882353,3.4411764705882355,0.9411764705882353,0.08823529411764706,1.8823529411764706,30.88235294117647,0.9411764705882353,0.4276923076923077,0.3323076923076923,1.7359050445103859,0.5180929882959304,0.4775014239605088,0
0,0,13.0,3.875,2.375,1.0833333333333333,0.5833333333333334,2.0,30.791666666666668,0.9166666666666666,0.47547169811320755,0.2,1.130952380952381,0.5410654827968924,0.49770704073374694,0
1,3,11.428571428571429,5.714285714285714,0.6785714285714286,0.35714285714285715,0.2857142857142857,1.5,23.0,0.07142857142857142,0.05747126436781609,0.20689655172413793,0.42410714285714285,0.5618766680713584,0.5241187384044527,0
2,1,14.457142857142857,6.485714285714286,0.7428571428571429,0.5714285714285714,2.0,2.1714285714285713,29.142857142857142,0.9714285714285714,0.015105740181268883,0.6706948640483383,0.32704402515723274,0.5901838200989082,0.5197850512945774,0
1,2,10.516129032258064,7.741935483870968,1.4193548387096775,0.5483870967741935,2.5161290322580645,2.2903225806451615,30.032258064516128,0.8387096774193549,0.0,0.45374449339207046,0.5937921727395411,0.5985605170387779,0.3961032009420833,0
0,1,13.272727272727273,5.818181818181818,2.090909090909091,1.606060606060606,0.30303030303030304,1.696969696969697,34.303030303030305,1.0,0.25225225225225223,0.4774774774774775,1.1635750421585158,0.5434782608695653,0.4465779970051968,0
0,3,11.735294117647058,2.676470588235294,3.235294117647059,1.3529411764705883,0.029411764705882353,1.5,29.58823529411765,0.9705882352941176,0.4948453608247423,0.6323024054982818,2.0220588235294117,0.5363479944080008,0.5042599564097483,0
0,3,10.212121212121213,3.1818181818181817,5.03030303030303,1.1515151515151516,0.24242424242424243,1.2727272727272727,31.96969696969697,1.0,0.39603960396039606,0.31353135313531355,3.6644591611479025,0.4886890951276102,0.4752905603326089,0
0,3,16.16216216216216,4.324324324324325,3.189189189189189,1.3783783783783783,0.3783783783783784,2.081081081081081,33.432432432432435,1.0,0.3689095127610209,0.419953596287703,1.4622057001239155,0.5855397148676171,0.5770935762069799,1
0,1,9.514285714285714,2.857142857142857,3.257142857142857,1.6857142857142857,0.2571428571428571,1.6571428571428573,27.714285714285715,1.0,0.496551724137931,0.3103448275862069,1.8536585365853657,0.5051577669902912,0.4591679506933744,0
0,1,17.34375,8.15625,3.1875,1.375,0.125,2.4375,35.8125,1.0,0.10565110565110565,0.4963144963144963,1.2561576354679802,0.559611196257159,0.571702053602506,0
0,0,11.48,2.04,2.68,1.08,0.0,2.28,28.72,0.96,0.6639676113360324,0.19433198380566802,1.1260504201680674,0.5352081157690586,0.4913254684247051,0
0,2,9.228571428571428,4.771428571428571,1.8571428571428572,0.8857142857142857,0.2,1.0857142857142856,30.02857142857143,0.6285714285714286,0.5882352941176471,0.2605042016806723,1.5662650602409638,0.6087907117008444,0.36794689426268373,0
0,3,10.636363636363637,3.3636363636363638,1.3333333333333333,0.6363636363636364,0.12121212121212122,0.6363636363636364,24.272727272727273,0.8484848484848485,0.6850393700787402,0.2755905511811024,1.8106995884773662,0.6162219101123595,0.49111028223299763,0
0,2,12.8125,5.75,0.8125,0.5625,0.65625,1.53125,33.53125,1.0,0.4117647058823529,0.33126934984520123,0.49808429118773945,0.5539342844790316,0.40512915814904293,0
1,1,11.757575757575758,6.363636363636363,1.0909090909090908,0.7272727272727273,1.2424242424242424,1.3636363636363635,31.515151515151516,1.0,0.35691318327974275,0.2861736334405145,0.7453416149068323,0.5540324423120858,0.4064027604715805,0
0,2,17.85185185185185,2.740740740740741,2.6666666666666665,1.1851851851851851,0.2962962962962963,2.5925925925925926,31.88888888888889,0.9629629629629629,0.330188679245283,0.5377358490566038,0.9903713892709766,0.6128572881700742,0.6414264212110686,0
2,3,16.884615384615383,6.653846153846154,0.6538461538461539,0.34615384615384615,1.0,1.2692307692307692,32.30769230769231,1.0,0.0,0.4214046822742475,0.47752808988764045,0.6192867622164542,0.5411820555423688,0
0,0,9.6875,3.3125,2.53125,1.375,0.5,2.25,32.21875,0.71875,0.4246031746031746,0.36904761904761907,1.077127659574468,0.5291547180117437,0.37807000580158573,0
1,3,13.0,4.733333333333333,1.6666666666666667,0.5666666666666667,0.3,1.7333333333333334,31.2,0.9666666666666667,0.31666666666666665,0.42916666666666664,0.9090909090909091,0.6834431515491378,0.46858359957401485,0
1,1,12.18918918918919,8.837837837837839,2.1621621621621623,1.3783783783783783,0.40540540540540543,1.3783783783783783,32.78378378378378,0.972972972972973,0.44591029023746703,0.25857519788918204,1.4625228519195612,0.534208282005117,0.4364263992767321,1
0,3,14.333333333333334,4.703703703703703,1.037037037037037,0.6666666666666666,0.2222222222222222,1.8518518518518519,31.962962962962962,0.9259259259259259,0.559748427672956,0.17295597484276728,0.5313092979127134,0.565458796025716,0.4793808478687767,1
0,2,18.12121212121212,3.0303030303030303,3.242424242424242,0.6363636363636364,0.3333333333333333,2.121212121212121,34.06060606060606,1.0,0.5,0.5027173913043478,1.4597544338335606,0.6653315531820205,0.6253880954493036,0
0,3,10.685714285714285,3.085714285714286,5.228571428571429,1.4285714285714286,0.3142857142857143,1.8285714285714285,28.65714285714286,0.9714285714285714,0.2222222222222222,0.3333333333333333,2.7111111111111112,0.5033376399655469,0.5534028812717336,0
1,1,11.06060606060606,5.393939393939394,2.0,0.7575757575757576,0.6060606060606061,1.6363636363636365,31.757575757575758,1.0,0.41254125412541254,0.297029702970297,1.1518324607329842,0.5326911850554582,0.40996861029201936,0
0,2,13.567567567567568,4.243243243243243,5.45945945945946,1.5405405405405406,0.02702702702702703,1.6486486486486487,33.945945945945944,1.0,0.4841075794621027,0.22249388753056235,3.1221020092735703,0.5589702476394085,0.5588632214019211,1
0,0,11.820512820512821,3.5128205128205128,5.564102564102564,1.5128205128205128,0.07692307692307693,1.9487179487179487,33.8974358974359,1.0,0.38271604938271603,0.5,2.7158948685857323,0.5831309451528032,0.5113507806018553,1
0,3,23.0,4.0,2.28125,1.03125,0.875,2.0,33.90625,0.96875,0.46203904555314534,0.5986984815618221,1.0863095238095237,0.6318247373119977,0.7434295166329719,1
1,3,11.272727272727273,4.696969696969697,0.9393939393939394,1.0606060606060606,0.3333333333333333,1.4848484848484849,30.181818181818183,1.0,0.4012539184952978,0.34796238244514105,0.5927342256214149,0.5056546324488908,0.4032822976083258,0
0,3,12.45,2.925,4.225,1.35,0.025,1.525,32.05,0.975,0.5202156334231806,0.29649595687331537,2.5999999999999996,0.5937052932761088,0.5186625194401243,0
0,2,12.78125,4.40625,1.90625,1.4375,0.125,1.375,32.375,0.90625,0.40384615384615385,0.2916666666666667,1.292372881355932,0.5808998977388933,0.4522709776751347,0
0,1,12.193548387096774,3.096774193548387,4.064516129032258,1.6451612903225807,0.5161290322580645,2.967741935483871,34.03225806451613,0.967741935483871,0.4835164835164835,0.22252747252747251,1.3249211356466877,0.4729256330697628,0.4763254890842075,0
1,2,12.34375,7.53125,2.96875,0.40625,0.5,1.8125,29.71875,1.0,0.3567251461988304,0.19883040935672514,1.5522875816993464,0.5310281781028178,0.5135191783693146,0
2,3,8.135135135135135,6.918918918918919,0.43243243243243246,0.4864864864864865,1.6486486486486487,1.162162162162162,24.7027027027027,1.0,0.0,0.435,0.34261241970021417,0.6316098707403055,0.34542878936471616,0
0,3,9.882352941176471,4.205882352941177,4.235294117647059,0.6764705882352942,0.2647058823529412,1.2058823529411764,33.6764705882353,1.0,0.48412698412698413,0.21031746031746032,3.2432432432432434,0.6101990411157926,0.41797283176593514,0
0,2,18.771428571428572,4.428571428571429,3.6285714285714286,1.1428571428571428,0.4,2.742857142857143,32.457142857142856,1.0,0.40234375,0.412109375,1.2763819095477387,0.5431188413464718,0.688021061869241,0
0,3,12.235294117647058,2.6470588235294117,4.294117647058823,1.3823529411764706,0.029411764705882353,2.235294117647059,33.44117647058823,1.0,0.359375,0.45625,1.8387909319899243,0.5413283364563815,0.49280954051210096,0
1,1,9.548387096774194,6.0,1.8064516129032258,0.6774193548387096,1.2903225806451613,2.0,28.322580645161292,1.0,0.4669421487603306,0.24793388429752067,0.8602150537634408,0.5514157973174367,0.3995006242197253,0
0,3,7.114285714285714,1.8285714285714285,1.3142857142857143,1.1142857142857143,0.2,0.9142857142857143,17.742857142857144,0.02857142857142857,0.45933014354066987,0.4019138755980861,1.295774647887324,0.5061798666449829,0.47237790232185745,0
0,0,13.65625,3.5625,2.0,0.71875,0.28125,1.6875,29.625,0.96875,0.2772585669781931,0.29906542056074764,1.1188811188811187,0.6015306684285872,0.5267031118587048,1
1,3,8.28125,6.40625,0.46875,0.28125,1.0,1.03125,21.4375,1.0,0.05670103092783505,0.5876288659793815,0.41436464088397784,0.5426769331585846,0.40626813697040043,0
0,1,13.527777777777779,4.166666666666667,2.6666666666666665,1.2777777777777777,0.8333333333333334,1.25,31.61111111111111,1.0,0.4647887323943662,0.3154929577464789,1.9753086419753083,0.602305332937568,0.5106867554309741,0
0,3,8.35483870967742,6.161290322580645,2.5161290322580645,0.8709677419354839,0.5161290322580645,2.096774193548387,32.0,1.0,0.489247311827957,0.41397849462365593,1.145374449339207,0.5889576132435874,0.3386594312129434,0
0,3,14.878787878787879,4.787878787878788,2.393939393939394,1.303030303030303,0.48484848484848486,2.0303030303030303,35.303030303030305,1.0,0.5349462365591398,0.2903225806451613,1.12375533428165,0.5851926010678872,0.48788838483266284,1
1,2,10.0625,5.25,0.96875,0.40625,0.28125,1.59375,25.65625,1.0,0.07834101382488479,0.5806451612903226,0.5719557195571956,0.590955806783145,0.4282941033729677,0
1,3,9.548387096774194,5.387096774193548,0.6129032258064516,0.4838709677419355,0.6451612903225806,1.8387096774193548,25.096774193548388,0.967741935483871,0.004366812227074236,0.4366812227074236,0.3161397670549085,0.5421245421245421,0.40327742926641913,0
0,3,9.055555555555555,4.194444444444445,1.4722222222222223,0.75,0.3055555555555556,0.6666666666666666,25.63888888888889,0.4166666666666667,0.7290969899665551,0.17725752508361203,1.920289855072464,0.5057086125589476,0.4090222318152385,0
0,2,11.333333333333334,3.3055555555555554,4.222222222222222,1.75,0.08333333333333333,1.9722222222222223,33.77777777777778,1.0,0.25,0.2689873417721519,2.037533512064343,0.5772495755517827,0.45916693998032143,0
1,1,12.052631578947368,4.157894736842105,0.5263157894736842,1.0263157894736843,0.3684210526315789,1.4210526315789473,23.894736842105264,1.0,0.38,0.35333333333333333,0.3460207612456747,0.6606277405954304,0.5242377714411055,0
0,2,12.575757575757576,2.6363636363636362,4.212121212121212,1.0606060606060606,0.18181818181818182,2.1818181818181817,25.333333333333332,0.9090909090909091,0.5457627118644067,0.2677966101694915,1.845949535192563,0.6292455118874333,0.6600738710830454,0
0,3,6.473684210526316,2.3684210526315788,1.394736842105263,0.7631578947368421,0.15789473684210525,0.8947368421052632,24.05263157894737,0.02631578947368421,0.5523012552301255,0.1506276150627615,1.402116402116402,0.48265578402134673,0.32577903682719545,0
0,1,12.272727272727273,3.0,1.6363636363636365,0.5757575757575758,0.15151515151515152,0.9696969696969697,32.36363636363637,1.0,0.5432835820895522,0.1761194029850746,1.5297450424929178,0.5610039893617021,0.42845141416970034,0
2,3,16.29032258064516,7.483870967741935,1.5161290322580645,0.2903225806451613,2.032258064516129,2.096774193548387,29.129032258064516,1.0,0.3333333333333333,0.3333333333333333,0.6901615271659325,0.5919448612153039,0.6092042820880696,0
1,2,9.142857142857142,4.142857142857143,0.37142857142857144,0.42857142857142855,0.4,1.1142857142857143,20.82857142857143,0.8571428571428571,0.029166666666666667,0.4666666666666667,0.30588235294117644,0.5530973451327434,0.45460750853242315,0
0,2,9.81578947368421,2.3947368421052633,2.9473684210526314,1.3157894736842106,0.10526315789473684,1.605263157894737,27.210526315789473,0.9736842105263158,0.4676470588235294,0.3058823529411765,1.7283950617283947,0.48346121941103276,0.46733474657930235,0
1,0,12.538461538461538,5.3076923076923075,0.7307692307692307,1.4230769230769231,0.34615384615384615,1.6153846153846154,27.26923076923077,0.7692307692307693,0.4235294117647059,0.25098039215686274,0.4260089686098654,0.5756462777228422,0.48482293423271494,1
1,3,15.083333333333334,11.36111111111111,1.0,1.0,1.0555555555555556,2.2222222222222223,33.333333333333336,1.0,0.18911917098445596,0.5569948186528497,0.43062200956937796,0.5649188514357053,0.4810568295114656,0
0,1,9.92,4.44,2.52,1.04,0.36,1.68,29.4,0.64,0.576036866359447,0.2073732718894009,1.4157303370786516,0.5236486486486486,0.42169491525423725,0
0,3,11.5,2.71875,2.96875,1.0,0.0,2.25,32.8125,1.0,0.4668769716088328,0.3028391167192429,1.2632978723404256,0.5121924061908474,0.43961260919103684,0
0,2,15.945945945945946,3.135135135135135,3.2432432432432434,1.8108108108108107,0.13513513513513514,2.5675675675675675,34.729729729729726,1.0,0.2913907284768212,0.40618101545253865,1.21580547112462,0.5524758408869578,0.5509428105843098,0
0,2,10.615384615384615,5.230769230769231,2.230769230769231,1.0384615384615385,0.23076923076923078,1.8076923076923077,28.615384615384617,0.8461538461538461,0.5123152709359606,0.4039408866995074,1.1693548387096775,0.5772126484858625,0.44736137155103134,0
0,3,20.694444444444443,4.444444444444445,3.75,1.1388888888888888,0.027777777777777776,2.4166666666666665,36.72222222222222,0.9722222222222222,0.43074324324324326,0.22635135135135134,1.490066225165563,0.5722317807545778,0.663850331925166,1
2,2,11.628571428571428,7.628571428571429,1.7142857142857142,0.7428571428571429,1.2,1.8,31.17142857142857,1.0,0.003355704697986577,0.40268456375838924,0.9022556390977442,0.5801026225769669,0.4266788487894015,0
1,2,8.6875,2.375,2.8125,0.5625,0.3125,1.875,29.90625,0.625,0.5,0.2833333333333333,1.4240506329113924,0.5149673977474807,0.3832534888564882,0
0,2,8.393939393939394,2.1818181818181817,3.484848484848485,0.696969696969697,0.15151515151515152,1.8484848484848484,29.545454545454547,1.0,0.6287878787878788,0.20454545454545456,1.7884914463452566,0.4813038643313873,0.40069508330777875,0
0,1,12.88,4.12,2.96,0.64,0.36,1.52,32.76,0.96,0.4742647058823529,0.19852941176470587,1.8271604938271604,0.544360292128753,0.48204503956177724,0
0,2,17.571428571428573,5.742857142857143,4.714285714285714,1.0857142857142856,0.42857142857142855,2.4571428571428573,37.25714285714286,1.0,0.35192307692307695,0.2076923076923077,1.8435754189944134,0.5418311248942769,0.5965583173996176,0
0,1,15.0,3.6176470588235294,3.823529411764706,1.2058823529411764,0.17647058823529413,2.088235294117647,35.64705882352941,1.0,0.45348837209302323,0.2302325581395349,1.7473118279569892,0.5384745333220711,0.5265756129669245,0
1,1,12.068965517241379,8.89655172413793,0.6896551724137931,0.9655172413793104,2.3448275862068964,1.6896551724137931,26.344827586206897,0.9655172413793104,0.004694835680751174,0.4460093896713615,0.3853564547206166,0.6868131868131868,0.48246185943408526,0
0,3,10.161290322580646,2.7419354838709675,2.7419354838709675,1.2580645161290323,0.12903225806451613,1.4838709677419355,33.67741935483871,1.0,0.6204081632653061,0.3142857142857143,1.731160896130346,0.5647590361445783,0.3820074491452583,0
0,1,12.314285714285715,5.771428571428571,3.342857142857143,1.4857142857142858,0.42857142857142855,1.9714285714285715,31.228571428571428,0.9714285714285714,0.3622291021671827,0.23839009287925697,1.6137931034482758,0.6038444295001121,0.49977200182398546,0
1,0,13.074074074074074,5.407407407407407,1.1111111111111112,1.1851851851851851,0.5185185185185185,1.4074074074074074,27.703703703703702,0.4074074074074074,0.32653061224489793,0.6,0.7371007371007371,0.5699431671402738,0.5101904888770481,0
0,2,7.222222222222222,2.0833333333333335,1.9444444444444444,1.0833333333333333,0.027777777777777776,1.0555555555555556,21.0,0.3055555555555556,0.4225352112676056,0.352112676056338,1.6826923076923075,0.5284552845528455,0.43443917851500785,0
0,3,16.806451612903224,2.096774193548387,3.806451612903226,0.9354838709677419,0.0,2.6129032258064515,32.225806451612904,0.9032258064516129,0.58679706601467,0.2787286063569682,1.4030915576694412,0.567340360658594,0.6376609120846222,0
2,1,11.225806451612904,8.483870967741936,0.5483870967741935,0.25806451612903225,1.032258064516129,0.8064516129032258,26.838709677419356,0.8387096774193549,0.0,0.16917293233082706,0.604982206405694,0.6088173547935619,0.43707340438270864,0
0,3,10.694444444444445,3.2222222222222223,1.9722222222222223,0.8611111111111112,0.25,1.6944444444444444,26.916666666666668,1.0,0.36524822695035464,0.3723404255319149,1.0990712074303406,0.5865326020719074,0.4688463911165947,0
1,3,15.227272727272727,8.136363636363637,2.909090909090909,0.8636363636363636,0.6818181818181818,2.590909090909091,28.636363636363637,0.9545454545454546,0.09401709401709402,0.3076923076923077,1.0810810810810811,0.6304576934658235,0.6311293894337234,0
0,3,9.3125,7.3125,2.5625,1.4375,0.75,2.03125,29.84375,0.9375,0.06319702602230483,0.275092936802974,1.2023460410557185,0.49409736039262503,0.3965769150490503,0
0,1,10.885714285714286,3.1714285714285713,2.2285714285714286,0.6857142857142857,0.05714285714285714,1.2285714285714286,25.285714285714285,0.0,0.597972972972973,0.28716216216216217,1.6774193548387095,0.571385722855429,0.5166010129431626,0
1,3,11.030303030303031,5.909090909090909,0.7272727272727273,1.121212121212121,0.7878787878787878,1.5454545454545454,23.90909090909091,1.0,0.05976095617529881,0.5179282868525896,0.4419889502762431,0.5905256327060351,0.48971349236400347,0
0,3,15.486486486486486,2.3783783783783785,1.8918918918918919,1.054054054054054,0.10810810810810811,0.9459459459459459,32.08108108108108,1.0,0.5934291581108829,0.1437371663244353,1.8087855297157622,0.5533024333719583,0.540018476526413,0
2,3,9.757575757575758,5.393939393939394,0.7575757575757576,0.5757575757575758,0.30303030303030304,1.1818181818181819,23.03030303030303,0.9393939393939394,0.1630901287553648,0.30472103004291845,0.5910165484633569,0.6092945806842265,0.454605004585353,0
1,3,17.142857142857142,5.428571428571429,2.25,1.5,0.5714285714285714,2.3214285714285716,30.571428571428573,1.0,0.296195652173913,0.3233695652173913,0.9292035398230087,0.5709391949757351,0.6322775966464834,0
0,3,17.34285714285714,3.8,5.571428571428571,1.0857142857142856,0.02857142857142857,2.5142857142857142,34.714285714285715,1.0,0.4392523364485981,0.38317757009345793,2.1311475409836063,0.6068058221369163,0.6581862946245383,0
0,1,12.482758620689655,2.2758620689655173,1.896551724137931,0.5862068965517241,0.06896551724137931,2.1379310344827585,27.82758620689655,0.8275862068965517,0.568561872909699,0.3377926421404682,0.8474576271186441,0.5270207314232471,0.5148783800469193,0
0,1,9.580645161290322,5.161290322580645,1.2903225806451613,0.45161290322580644,0.22580645161290322,1.8387096774193548,26.451612903225808,0.8064516129032258,0.512396694214876,0.4669421487603306,0.6655574043261231,0.5090497737556561,0.4094277730530919,0
0,2,7.371428571428571,2.085714285714286,2.914285714285714,1.0285714285714285,0.02857142857142857,0.7428571428571429,28.571428571428573,1.0,0.6910994764397905,0.23036649214659685,3.4576271186440675,0.6132344552196235,0.358744394618834,0
1,2,12.3125,7.375,1.65625,1.1875,0.8125,1.75,33.8125,1.0,0.3864306784660767,0.3746312684365782,0.8952702702702702,0.49888573743922204,0.4119056395134537,0
0,1,11.526315789473685,2.0789473684210527,2.3947368421052633,1.105263157894737,0.0,1.3157894736842106,31.55263157894737,1.0,0.5910780669144982,0.3903345724907063,1.6914498141263938,0.6947969543147209,0.4398071167276355,0
0,2,11.846153846153847,5.153846153846154,1.6538461538461537,0.5,0.19230769230769232,1.0,33.30769230769231,0.7307692307692307,0.4235294117647059,0.22745098039215686,1.5034965034965033,0.5489804648509911,0.4040985493898227,0
0,2,11.685714285714285,4.6,2.2,1.2285714285714286,0.37142857142857144,2.057142857142857,30.82857142857143,1.0,0.3954802259887006,0.20056497175141244,1.0198675496688743,0.530837919219188,0.4489607390300231,0
0,3,10.03225806451613,3.5161290322580645,2.3548387096774195,1.064516129032258,0.0,0.8709677419354839,30.967741935483872,1.0,0.6136363636363636,0.2878787878787879,2.425249169435216,0.5227945131791286,0.39871249091475447,0
1,1,11.0,3.75,0.5625,0.34375,0.9375,0.90625,25.28125,0.78125,0.4882154882154882,0.21548821548821548,0.5590062111801242,0.5412719891745602,0.4555528195025855,0
0,3,9.11111111111111,2.388888888888889,3.1944444444444446,1.0833333333333333,0.19444444444444445,1.4722222222222223,29.944444444444443,1.0,0.5089605734767025,0.15412186379928317,2.0318021201413425,0.550483351235231,0.4095784023668639,0
2,3,10.757575757575758,5.757575757575758,1.1818181818181819,1.0303030303030303,0.6666666666666666,2.0303030303030303,20.515151515151516,0.9696969696969697,0.0,0.6824644549763034,0.5547652916073968,0.6469601982796326,0.5791562545935616,0
0,3,9.470588235294118,4.176470588235294,0.9411764705882353,0.9411764705882353,0.5882352941176471,1.0,24.11764705882353,0.7352941176470589,0.5230769230769231,0.35,0.855614973262032,0.5365951206505799,0.42992470245324266,0
0,1,7.1891891891891895,3.4324324324324325,1.7837837837837838,0.7567567567567568,0.21621621621621623,1.5405405405405406,20.72972972972973,0.05405405405405406,0.5055555555555555,0.4166666666666667,1.087314662273476,0.6244131455399061,0.43077721551835996,0
1,2,9.64516129032258,7.129032258064516,1.5806451612903225,0.6451612903225806,1.1290322580645162,1.967741935483871,25.903225806451612,0.7741935483870968,0.08737864077669903,0.529126213592233,0.7644305772230888,0.5886753819499133,0.4317082247860066,0
0,1,14.88888888888889,4.222222222222222,2.0,0.9259259259259259,0.2222222222222222,2.814814814814815,30.37037037037037,0.9629629629629629,0.3249211356466877,0.45741324921135645,0.6861499364675985,0.5278361344537815,0.5542725173210161,0
0,2,8.882352941176471,3.676470588235294,0.7647058823529411,0.6176470588235294,0.20588235294117646,1.0294117647058822,30.264705882352942,0.7352941176470589,0.540650406504065,0.15447154471544716,0.6770833333333333,0.5747563946406821,0.317706315381635,0
1,3,19.032258064516128,9.129032258064516,2.225806451612903,0.5161290322580645,0.7419354838709677,2.129032258064516,34.45161290322581,1.0,0.0,0.4323040380047506,0.9985528219971056,0.5887283467709747,0.6152553449724582,0
0,0,11.472222222222221,3.4444444444444446,2.7222222222222223,1.2222222222222223,0.05555555555555555,1.25,30.194444444444443,0.7222222222222222,0.4928774928774929,0.27635327635327633,2.016460905349794,0.5245376955903271,0.46854942233632857,1
0,2,11.617647058823529,2.6470588235294117,3.1176470588235294,1.2647058823529411,0.058823529411764705,2.4411764705882355,34.61764705882353,0.9705882352941176,0.532394366197183,0.30140845070422534,1.2268518518518516,0.49119578193394353,0.42443239579803455,0
1,3,9.114285714285714,3.914285714285714,0.6285714285714286,0.4,0.11428571428571428,0.6285714285714286,23.0,1.0,0.5826086956521739,0.24347826086956523,0.8627450980392157,0.6263744894753378,0.4217687074829931,0
0,1,9.535714285714286,5.821428571428571,1.8928571428571428,0.8571428571428571,0.17857142857142858,1.3571428571428572,26.321428571428573,1.0,0.5339805825242718,0.32524271844660196,1.299019607843137,0.5669271275692204,0.4325493376588267,0
0,2,12.64516129032258,3.5161290322580645,1.2258064516129032,1.032258064516129,0.0967741935483871,1.3870967741935485,29.903225806451612,1.0,0.5888501742160279,0.37282229965156793,0.8242950108459869,0.5866858237547893,0.46231588001290186,0
1,3,8.472222222222221,6.527777777777778,1.3888888888888888,0.9444444444444444,1.0,1.5277777777777777,23.805555555555557,1.0,0.14553990610328638,0.352112676056338,0.8532423208191126,0.6199186991869918,0.4125029049500348,0
0,3,9.703703703703704,3.5555555555555554,1.7777777777777777,0.5925925925925926,0.3333333333333333,1.4444444444444444,28.037037037037038,0.9629629629629629,0.41295546558704455,0.22267206477732793,1.1510791366906474,0.4830383480825959,0.40805581150454123,0
0,0,14.777777777777779,3.2962962962962963,1.1111111111111112,0.5185185185185185,0.2222222222222222,1.9259259259259258,28.037037037037038,0.7777777777777778,0.4198473282442748,0.5534351145038168,0.5484460694698355,0.6123388581952117,0.5646965907595103,0
0,2,13.285714285714286,4.371428571428571,3.1714285714285713,1.6857142857142857,0.22857142857142856,1.6,31.2,1.0,0.7207977207977208,0.2621082621082621,1.8655462184873948,0.5939000715234495,0.5257873117298038,0
0,1,14.952380952380953,4.333333333333333,5.0,1.2857142857142858,0.7619047619047619,2.761904761904762,33.142857142857146,0.9523809523809523,0.20853080568720378,0.6445497630331753,1.7470881863560732,0.579678038694432,0.6002005443346224,1
0,2,12.34375,3.71875,3.59375,1.46875,0.25,2.46875,33.4375,0.96875,0.378125,0.340625,1.3990267639902676,0.5367431242526362,0.47521431233693623,0
0,0,9.38888888888889,3.111111111111111,3.3055555555555554,0.6111111111111112,0.1111111111111111,1.6111111111111112,29.416666666666668,0.9444444444444444,0.4867549668874172,0.23178807947019867,1.9318181818181817,0.5078125,0.43007716920760397,0
0,3,12.878048780487806,3.8536585365853657,3.2195121951219514,0.8536585365853658,0.17073170731707318,0.7317073170731707,34.926829268292686,1.0,0.46987951807228917,0.3108433734939759,3.8709677419354844,0.5596065796167543,0.4595780238144975,0
0,3,18.470588235294116,4.647058823529412,1.1176470588235294,1.6176470588235294,0.35294117647058826,1.6470588235294117,37.23529411764706,1.0,0.6164079822616408,0.31263858093126384,0.6397306397306397,0.6120380477155778,0.5246573184181502,0
0,1,14.179487179487179,5.0256410256410255,2.1025641025641026,1.0769230769230769,0.15384615384615385,1.4615384615384615,31.641025641025642,0.8461538461538461,0.5099502487562189,0.2860696517412935,1.3464696223316914,0.6109147149801148,0.5129655060990386,0
1,2,12.82857142857143,5.085714285714285,0.7428571428571429,0.5428571428571428,0.22857142857142856,1.2,29.314285714285713,1.0,0.3699421965317919,0.27167630057803466,0.5714285714285714,0.5795642296571665,0.4613890237979602,0
0,2,17.76,2.64,2.56,1.32,0.04,1.6,36.2,1.0,0.5403225806451613,0.1424731182795699,1.5058823529411764,0.5615703733684104,0.5597796143250688,0
0,1,7.3428571428571425,2.057142857142857,3.5428571428571427,0.7428571428571429,0.05714285714285714,1.2571428571428571,23.142857142857142,0.9428571428571428,0.3021276595744681,0.23829787234042554,2.6105263157894734,0.49491603759050995,0.4683466502765827,0
1,3,13.818181818181818,9.454545454545455,1.4545454545454546,0.21212121212121213,1.7272727272727273,1.2121212121212122,28.181818181818183,0.9696969696969697,0.054982817869415807,0.5532646048109966,1.1085450346420322,0.6301127570196772,0.5400192864030858,0
1,3,13.428571428571429,8.428571428571429,0.8095238095238095,0.47619047619047616,0.5714285714285714,1.1428571428571428,30.238095238095237,1.0,0.01990049751243781,0.25870646766169153,0.6513409961685823,0.6298016794711453,0.4693140794223827,0
0,1,11.742857142857142,2.5714285714285716,4.142857142857143,1.0857142857142856,0.0,2.857142857142857,33.285714285714285,1.0,0.5222551928783383,0.41543026706231456,1.4009661835748792,0.5155544405418966,0.4758237056054771,0
0,3,14.0625,3.1875,3.21875,0.46875,0.0,1.25,31.71875,0.96875,0.5689149560117303,0.21407624633431085,2.384259259259259,0.6030231560891938,0.543115301512473,0
1,3,14.514285714285714,7.142857142857143,2.5714285714285716,1.5142857142857142,0.6571428571428571,1.3714285714285714,31.257142857142856,1.0,0.1452991452991453,0.35327635327635326,1.7475728155339807,0.6262945063615741,0.544874715261959,1
1,1,11.783783783783784,6.0,1.6486486486486487,0.5405405405405406,0.5675675675675675,2.054054054054054,29.37837837837838,1.0,0.3826086956521739,0.4057971014492754,0.7653701380175659,0.5361534677816036,0.4556706702117906,0
0,3,10.74074074074074,3.0,1.7037037037037037,0.4074074074074074,0.18518518518518517,1.7407407407407407,22.88888888888889,0.8888888888888888,0.47435897435897434,0.24786324786324787,0.9255533199195171,0.558723797780518,0.541324311261479,0
0,3,12.666666666666666,3.5454545454545454,1.1818181818181819,1.121212121212121,0.24242424242424243,1.0909090909090908,27.03030303030303,0.5454545454545454,0.7147766323024055,0.3642611683848797,0.9923664122137406,0.619002487856889,0.5104434267843181,0
2,2,8.838709677419354,7.161290322580645,0.5806451612903226,0.4838709677419355,1.6129032258064515,1.5161290322580645,27.29032258064516,1.0,0.0,0.5490196078431373,0.3592814371257485,0.7212044640977048,0.3438935343304675,0
0,3,11.696969696969697,2.1818181818181817,3.090909090909091,1.7878787878787878,0.06060606060606061,2.242424242424242,29.03030303030303,1.0,0.3688212927756654,0.6425855513307985,1.3195342820181113,0.5720891629120227,0.5076458961822532,0
0,1,12.34375,6.09375,1.6875,1.21875,0.6875,1.25,34.9375,1.0,0.3219178082191781,0.386986301369863,1.25,0.5779585625658433,0.4004637887977167,0
0,2,12.305555555555555,6.361111111111111,1.7777777777777777,1.3888888888888888,0.2777777777777778,2.361111111111111,30.555555555555557,1.0,0.3649025069637883,0.3231197771587744,0.7223476297968396,0.5401912008584528,0.45940558173251167,0
0,3,13.0,3.903225806451613,3.032258064516129,1.3225806451612903,0.9354838709677419,3.129032258064516,29.193548387096776,1.0,0.31230283911671924,0.4384858044164038,0.939060939060939,0.5328432409562089,0.5472965532430348,0
0,2,19.53125,4.21875,4.21875,1.28125,0.03125,2.65625,37.625,0.96875,0.3709677419354839,0.2923387096774194,1.530612244897959,0.5582350839585567,0.6295559973492378,1
0,1,21.566666666666666,5.033333333333333,4.733333333333333,2.3333333333333335,0.1,2.7333333333333334,37.0,1.0,0.34701492537313433,0.32649253731343286,1.6705882352941175,0.5277324632952691,0.7088948787061995,0
0,3,14.38888888888889,1.7222222222222223,1.1944444444444444,0.4444444444444444,0.1111111111111111,1.6666666666666667,24.72222222222222,0.6388888888888888,0.49869451697127937,0.31070496083550914,0.6761006289308176,0.5949099595736861,0.627797672336616,0
2,2,15.911764705882353,6.117647058823529,1.2058823529411764,0.6176470588235294,2.1176470588235294,1.4705882352941178,32.23529411764706,1.0,0.06031746031746032,0.3873015873015873,0.7677902621722845,0.7336986004122816,0.5293796616336183,0
0,3,8.675675675675675,3.6486486486486487,1.3783783783783783,0.9459459459459459,0.02702702702702703,0.7837837837837838,20.783783783783782,0.02702702702702703,0.40540540540540543,0.21621621621621623,1.5596330275229358,0.660167818361303,0.4814287563090462,0
0,3,12.028571428571428,2.914285714285714,3.3714285714285714,1.3142857142857143,0.05714285714285714,2.1714285714285713,30.428571428571427,0.8857142857142857,0.2630208333333333,0.2734375,1.4842767295597485,0.4893072989307299,0.5044454843238184,0
1,3,16.95,10.4,1.45,1.075,1.475,1.775,28.025,0.975,0.0,0.42298850574712643,0.7733333333333333,0.6570276765640747,0.6542222222222221,1
0,1,10.529411764705882,3.264705882352941,1.8235294117647058,1.0588235294117647,0.058823529411764705,1.0,32.23529411764706,1.0,0.4983277591973244,0.31438127090301005,1.657754010695187,0.525913738394641,0.3820265599417864,0
0,0,13.56,3.48,3.12,0.96,0.2,2.56,32.92,0.84,0.3986013986013986,0.26223776223776224,1.1729323308270676,0.5313479623824452,0.5051483949121743,0
0,2,11.28,3.08,3.28,1.52,0.12,2.88,28.48,0.68,0.4129353233830846,0.5223880597014925,1.1006711409395973,0.5703883495145632,0.5094471658502449,0
1,2,12.444444444444445,3.814814814814815,1.7407407407407407,0.5925925925925926,0.4444444444444444,1.8518518518518519,35.592592592592595,1.0,0.5588235294117647,0.09411764705882353,0.8918406072106261,0.47446904654315414,0.39742658503683714,0
2,1,14.129032258064516,6.967741935483871,1.4193548387096775,0.4838709677419355,0.9354838709677419,2.6774193548387095,26.193548387096776,1.0,0.0037174721189591076,0.5687732342007435,0.5110336817653891,0.6511655566127498,0.5913384860753281,0
1,1,9.969696969696969,7.363636363636363,0.7272727272727273,0.8484848484848485,1.0909090909090908,1.0909090909090908,22.21212121212121,1.0,0.0,0.5483870967741935,0.6106870229007634,0.6107068607068606,0.47942414776585623,0
0,2,10.310344827586206,5.586206896551724,0.6551724137931034,0.5862068965517241,0.3103448275862069,1.793103448275862,24.344827586206897,0.5172413793103449,0.3347457627118644,0.3940677966101695,0.3460837887067395,0.5398671096345514,0.44858231062209053,0
0,2,18.88888888888889,4.2592592592592595,3.814814814814815,2.259259259259259,0.6296296296296297,2.7037037037037037,34.666666666666664,0.9629629629629629,0.4406779661016949,0.5225988700564972,1.3606340819022458,0.5856683509416629,0.6530307872589751,0
1,0,10.9375,6.6875,1.84375,0.65625,0.5,2.90625,26.6875,0.96875,0.06428571428571428,0.5392857142857143,0.6133056133056133,0.5051379748296964,0.4771348576761549,0
0,0,11.805555555555555,3.5833333333333335,1.5277777777777777,0.9444444444444444,0.16666666666666666,0.7777777777777778,26.694444444444443,0.3055555555555556,0.5134328358208955,0.2955223880597015,1.740506329113924,0.5613377007607777,0.49761559195521454,0
1,1,14.636363636363637,9.393939393939394,1.2424242424242424,0.7272727272727273,0.6666666666666666,2.303030303030303,28.12121212121212,1.0,0.29971181556195964,0.4668587896253602,0.5170239596469104,0.5773644448694655,0.5626543541286374,1
2,1,8.054054054054054,5.783783783783784,0.5945945945945946,0.8918918918918919,1.7837837837837838,1.027027027027027,20.91891891891892,0.7837837837837838,0.18571428571428572,0.4523809523809524,0.5275779376498801,0.5917394757744241,0.41146971840041147,0
0,1,9.1,2.6666666666666665,3.6333333333333333,0.9666666666666667,0.03333333333333333,2.033333333333333,26.2,0.16666666666666666,0.45374449339207046,0.32599118942731276,1.703125,0.5258899676375405,0.48415716096324457,0
1,3,10.028571428571428,7.3428571428571425,0.7142857142857143,0.7142857142857143,0.9428571428571428,1.5714285714285714,25.714285714285715,1.0,0.2222222222222222,0.2986111111111111,0.42735042735042733,0.538607905720599,0.41615938018815707,0
0,1,11.5,3.9722222222222223,2.861111111111111,1.0277777777777777,0.3611111111111111,1.7777777777777777,28.88888888888889,1.0,0.5252225519287834,0.34124629080118696,1.5236686390532546,0.5340557275541795,0.4954005366040628,0
0,0,9.59375,1.21875,2.34375,0.78125,0.03125,1.8125,21.5625,0.3125,0.5582329317269076,0.3293172690763052,1.2254901960784312,0.5384453486740565,0.551067512983266,0
1,1,11.393939393939394,7.515151515151516,2.484848484848485,1.1515151515151516,0.3333333333333333,1.6363636363636365,32.666666666666664,1.0,0.3622641509433962,0.3018867924528302,1.4310645724258289,0.6262491672218521,0.42356422824378065,0
1,3,9.74074074074074,3.5185185185185186,0.2222222222222222,0.25925925925925924,0.7037037037037037,1.1111111111111112,26.25925925925926,0.9629629629629629,0.0,0.39779005524861877,0.18348623853211007,0.618299793116419,0.37796824504707033,0
0,3,14.625,2.875,2.34375,1.1875,0.40625,2.09375,32.75,1.0,0.2898550724637681,0.34541062801932365,1.0683760683760684,0.4906483267633985,0.516552511415525,0
1,0,15.40625,5.9375,0.84375,0.75,0.8125,2.6875,31.90625,0.90625,0.368763557483731,0.26898047722342733,0.30269058295964124,0.47812087826829086,0.5077133372388205,1
2,3,7.444444444444445,6.305555555555555,1.2777777777777777,0.4722222222222222,0.5277777777777778,1.9166666666666667,24.61111111111111,0.9444444444444444,0.005714285714285714,0.6228571428571429,0.6336088154269972,0.6010046645138141,0.35296762589928055,0
1,3,13.457142857142857,6.828571428571428,1.457142857142857,0.45714285714285713,1.4857142857142858,1.2285714285714286,32.51428571428571,1.0,0.3108974358974359,0.4391025641025641,1.096774193548387,0.6325883743418933,0.45729303547963207,0
1,3,17.685714285714287,8.17142857142857,2.914285714285714,1.457142857142857,0.9428571428571428,2.3142857142857145,31.0,1.0,0.1603563474387528,0.34075723830734966,1.207100591715976,0.5994344592500774,0.662379421221865,0
0,0,15.15625,6.09375,1.34375,0.84375,0.1875,2.40625,28.15625,1.0,0.3023255813953488,0.5174418604651163,0.5361596009975063,0.5742091305171434,0.583941605839416,0
1,1,11.48,5.56,0.8,1.0,0.64,1.2,26.92,0.96,0.025210084033613446,0.4789915966386555,0.6153846153846154,0.49798722931704603,0.4544781643227239,0
0,3,12.205882352941176,3.735294117647059,3.7058823529411766,0.9411764705882353,0.20588235294117646,2.088235294117647,30.029411764705884,0.6176470588235294,0.3323170731707317,0.15853658536585366,1.693548387096774,0.5913702690378477,0.5281140179617336,0
1,3,8.242424242424242,3.909090909090909,1.0606060606060606,0.3939393939393939,1.0606060606060606,1.2424242424242424,18.303030303030305,0.8787878787878788,0.0663265306122449,0.32653061224489793,0.7900677200902934,0.6067094932191291,0.5055162193314671,0
1,2,15.862068965517242,8.068965517241379,1.5862068965517242,0.6896551724137931,0.6551724137931034,2.1724137931034484,31.96551724137931,1.0,0.3400673400673401,0.44107744107744107,0.6980273141122914,0.6485450033837131,0.5441445316700722,0
0,0,12.59375,2.59375,2.3125,0.90625,0.0625,1.4375,33.5625,0.96875,0.4774774774774775,0.21921921921921922,1.5040650406504064,0.551873356704645,0.4428147047901968,0
0,3,20.21212121212121,4.151515151515151,1.6363636363636365,0.6666666666666666,0.24242424242424243,1.2121212121212122,31.424242424242426,1.0,0.4095860566448802,0.28540305010893247,1.2471131639722863,0.645517187983896,0.693069306930693,1
0,0,12.72972972972973,3.864864864864865,2.2972972972972974,1.135135135135135,0.08108108108108109,1.5675675675675675,27.0,0.7837837837837838,0.5892351274787535,0.254957507082153,1.3776337115072934,0.5998471726948548,0.5545028423257206,0
0,2,12.241379310344827,2.1724137931034484,0.8275862068965517,0.5172413793103449,0.0,0.896551724137931,29.379310344827587,0.7931034482758621,0.6116838487972509,0.18556701030927836,0.8304498269896193,0.5639217181344517,0.44332670487776343,0
0,1,12.185185185185185,4.037037037037037,2.0,1.4814814814814814,0.2962962962962963,2.5925925925925926,30.40740740740741,0.8518518518518519,0.23770491803278687,0.38114754098360654,0.7427785419532325,0.5773550470307455,0.4649751122981668,0
1,0,8.694444444444445,5.222222222222222,1.0555555555555556,0.5277777777777778,0.4444444444444444,1.1388888888888888,23.0,0.5833333333333334,0.12083333333333333,0.425,0.852017937219731,0.5493541140129178,0.42207792207792205,1
0,1,14.93939393939394,4.303030303030303,2.272727272727273,1.4848484848484849,0.18181818181818182,2.4242424242424243,32.24242424242424,0.9696969696969697,0.3242009132420091,0.2237442922374429,0.9003601440576231,0.5123461922181576,0.5321840157406539,0
0,3,13.606060606060606,2.909090909090909,2.787878787878788,0.6060606060606061,0.0,1.4545454545454546,32.27272727272727,0.9696969696969697,0.4696132596685083,0.20994475138121546,1.793372319688109,0.567722031155169,0.5064120565384255,0
0,2,18.029411764705884,4.0588235294117645,2.5294117647058822,1.088235294117647,0.5588235294117647,1.911764705882353,35.411764705882355,1.0,0.40217391304347827,0.25,1.2573099415204678,0.6002741872307089,0.5789299320854729,0
0,3,9.61111111111111,3.6666666666666665,4.555555555555555,0.8055555555555556,0.1388888888888889,2.3333333333333335,27.22222222222222,0.8888888888888888,0.5169491525423728,0.4915254237288136,1.872146118721461,0.6027034559643255,0.5185034566897112,0
1,1,11.954545454545455,5.090909090909091,3.409090909090909,0.9545454545454546,0.9545454545454546,2.6818181818181817,29.636363636363637,0.8181818181818182,0.4918032786885246,0.18032786885245902,1.2254901960784315,0.49931652490886996,0.5166615713848975,0
0,0,13.852941176470589,2.764705882352941,1.7058823529411764,1.5,0.14705882352941177,1.2352941176470589,30.11764705882353,1.0,0.7625698324022346,0.22905027932960895,1.2775330396475768,0.5975943970767357,0.5148919602881059,0
0,3,15.742857142857142,6.9714285714285715,5.142857142857143,2.2,0.6285714285714286,3.057142857142857,32.714285714285715,0.9714285714285714,0.13755458515283842,0.35152838427947597,1.6289592760180998,0.5209515165267378,0.6364823683064866,0
1,0,9.176470588235293,3.7941176470588234,0.5588235294117647,0.6764705882352942,0.9705882352941176,1.2941176470588236,17.852941176470587,0.6176470588235294,0.06722689075630252,0.31932773109243695,0.4008438818565401,0.5747126436781609,0.5422673656618611,0
0,3,19.666666666666668,4.166666666666667,2.9722222222222223,1.4444444444444444,0.3888888888888889,2.138888888888889,35.166666666666664,1.0,0.370242214532872,0.48788927335640137,1.3275434243176178,0.5042160437556973,0.6419344675488343,0
0,1,12.28125,2.4375,3.9375,0.6875,0.25,2.3125,30.03125,1.0,0.4246031746031746,0.753968253968254,1.6321243523316062,0.585518474374255,0.5382700684505289,0
1,3,14.54054054054054,10.27027027027027,1.5135135135135136,0.5945945945945946,1.5135135135135136,1.6216216216216217,30.35135135135135,1.0,0.027855153203342618,0.520891364902507,0.8791208791208791,0.6095902828136331,0.5272033371793733,0
1,1,8.787878787878787,6.090909090909091,0.8787878787878788,0.5151515151515151,0.5454545454545454,1.4545454545454546,22.363636363636363,0.696969696969697,0.18143459915611815,0.15611814345991562,0.5653021442495126,0.5724889450410613,0.43032510454606765,0
1,3,13.794117647058824,4.823529411764706,1.411764705882353,0.8823529411764706,0.2647058823529412,1.1470588235294117,28.61764705882353,1.0,0.052941176470588235,0.36176470588235293,1.1320754716981132,0.5949964477824012,0.5294961081523966,0
1,2,17.65,5.3,1.925,1.525,1.075,1.35,32.125,1.0,0.5031578947368421,0.28210526315789475,1.3275862068965516,0.6610982096037156,0.6074476338246703,1
0,2,10.6,3.9,1.2666666666666666,0.43333333333333335,0.03333333333333333,0.7333333333333333,26.7,0.5333333333333333,0.1625441696113074,0.24381625441696114,1.52,0.5074036252233852,0.4427860696517413,0
0,3,14.75,4.083333333333333,4.194444444444445,1.8611111111111112,0.19444444444444445,1.9722222222222223,34.0,0.9722222222222222,0.26515151515151514,0.5909090909090909,2.0241286863270775,0.5321067821067821,0.5555555555555555,0
0,3,11.891891891891891,4.621621621621622,1.1081081081081081,1.0,0.8108108108108109,1.5675675675675675,27.783783783783782,0.6756756756756757,0.40625,0.2471590909090909,0.6645056726094003,0.5636978579481399,0.4662208006203354,0
0,2,12.242424242424242,3.0303030303030303,3.606060606060606,0.7575757575757576,0.030303030303030304,2.0303030303030303,33.36363636363637,0.9696969696969697,0.44155844155844154,0.4090909090909091,1.692745376955903,0.5558001320713185,0.4736031875396178,0
0,2,16.666666666666668,3.696969696969697,2.8484848484848486,1.0606060606060606,0.21212121212121213,2.4242424242424243,35.72727272727273,0.9696969696969697,0.4909456740442656,0.2655935613682093,1.128451380552221,0.49542408301506086,0.5447010065127295,0
0,3,11.09375,1.21875,1.6875,0.90625,0.09375,1.34375,31.46875,1.0,0.6430868167202572,0.2315112540192926,1.1688311688311688,0.5179759542430256,0.4048703227083746,0
1,3,6.325,7.775,0.6,0.7,1.025,0.65,22.05,0.55,0.35233160621761656,0.37823834196891193,0.7999999999999999,0.5619225302061123,0.31264108352144465,0
1,1,8.416666666666666,5.444444444444445,1.0,0.7777777777777778,0.5277777777777778,1.3888888888888888,24.11111111111111,0.4722222222222222,0.285,0.52,0.6716417910447761,0.616455078125,0.3889398806792106,0
0,2,14.057142857142857,3.3714285714285714,6.514285714285714,0.9714285714285714,0.02857142857142857,3.2857142857142856,31.428571428571427,1.0,0.16976127320954906,0.4270557029177719,1.9240506329113924,0.5493033226152196,0.6524694154961486,0
0,1,13.916666666666666,4.805555555555555,2.8055555555555554,1.6666666666666667,0.2777777777777778,2.1666666666666665,28.694444444444443,1.0,0.3006396588486141,0.27505330490405117,1.2377450980392157,0.4764531345100426,0.5807447424271657,0
1,3,8.366666666666667,5.166666666666667,1.0,0.9666666666666667,0.9,1.0666666666666667,23.2,0.9666666666666667,0.2182741116751269,0.3299492385786802,0.8571428571428571,0.5562943262411347,0.402002861230329,0
0,2,16.4375,4.25,4.625,1.15625,0.09375,3.25,32.0625,1.0,0.4014778325123153,0.39655172413793105,1.380597014925373,0.551547688952269,0.6548775748153906,0
0,3,16.766666666666666,5.1,2.6666666666666665,1.2666666666666666,0.3333333333333333,2.4,30.7,1.0,0.2,0.38181818181818183,1.0666666666666667,0.5592866038071518,0.6309523809523809,0
0,3,8.38888888888889,6.361111111111111,1.8888888888888888,1.3611111111111112,0.6388888888888888,1.0277777777777777,29.166666666666668,1.0,0.5060240963855421,0.285140562248996,1.6748768472906403,0.53882386525835,0.35117691723614275,0
0,2,10.147058823529411,2.9411764705882355,2.0,0.7941176470588235,0.08823529411764706,1.3823529411764706,27.470588235294116,0.9705882352941176,0.7755905511811023,0.20866141732283464,1.349206349206349,0.6220250973604501,0.4405803285683806,0
0,0,9.575,1.75,2.5,0.7,0.0,1.8,23.975,0.975,0.45878136200716846,0.37992831541218636,1.3157894736842104,0.5880727183392704,0.5015576323987538,0
0,2,9.78125,3.9375,0.875,0.5,0.5,1.15625,28.8125,1.0,0.5037878787878788,0.1893939393939394,0.6965174129353233,0.5472027972027972,0.36856895806312145,0
1,0,10.647058823529411,6.617647058823529,1.2058823529411764,0.9411764705882353,1.7941176470588236,1.1470588235294117,22.88235294117647,0.7352941176470589,0.01694915254237288,0.461864406779661,0.9669811320754716,0.6374137202422877,0.5157409777322753,0
0,3,16.242424242424242,2.1818181818181817,3.696969696969697,0.6666666666666666,0.0,2.1515151515151514,34.06060606060606,1.0,0.5930521091811415,0.337468982630273,1.6419919246298789,0.5790337913749891,0.5836955557526833,0
0,3,8.606060606060606,2.727272727272727,4.333333333333333,1.9393939393939394,0.030303030303030304,1.6363636363636365,28.363636363636363,0.7575757575757576,0.175,0.29583333333333334,2.495636998254799,0.5235216044831146,0.45459384648142226,0
0,2,11.771428571428572,4.485714285714286,3.057142857142857,0.7714285714285715,0.02857142857142857,1.8571428571428572,32.77142857142857,0.9714285714285714,0.4170984455958549,0.19689119170984457,1.5620437956204378,0.49113103185199314,0.4511082138200782,0
1,2,12.037037037037036,5.777777777777778,2.2222222222222223,1.0740740740740742,0.5555555555555556,1.6666666666666667,31.59259259259259,1.0,0.5095785440613027,0.26053639846743293,1.2578616352201257,0.5585728035198679,0.4499240387986444,0
0,3,15.8,4.628571428571429,3.057142857142857,1.2571428571428571,0.37142857142857144,2.257142857142857,31.285714285714285,1.0,0.3047404063205418,0.38826185101580135,1.2969696969696969,0.5330839824169044,0.6008192990441511,0
0,2,10.685714285714285,4.485714285714286,5.4,1.2857142857142858,0.42857142857142855,1.8285714285714285,36.94285714285714,0.9714285714285714,0.36936936936936937,0.2042042042042042,2.8000000000000003,0.5152650721922186,0.4342460470497493,0
1,2,11.864864864864865,7.45945945945946,1.2432432432432432,0.7027027027027027,1.3243243243243243,1.864864864864865,27.054054054054053,1.0,0.04672897196261682,0.4236760124610592,0.6327372764786794,0.5763575254700136,0.48273116353140244,0
0,2,11.151515151515152,4.636363636363637,3.6363636363636362,0.9696969696969697,0.3939393939393939,1.606060606060606,28.848484848484848,0.8181818181818182,0.49295774647887325,0.46830985915492956,2.1314387211367674,0.5371949083265211,0.5108342928922852,0
0,3,10.90625,3.5,2.21875,1.03125,0.34375,0.8125,28.9375,0.96875,0.6076923076923076,0.3038461538461538,2.4315068493150687,0.5920070565884109,0.45200172191132154,0
0,2,15.45,6.75,1.925,1.15,0.25,1.65,31.375,0.975,0.34375,0.30580357142857145,1.1,0.6079326355552058,0.5520254169976171,0
0,1,15.96875,3.0,5.28125,1.125,0.03125,3.3125,37.3125,1.0,0.18947368421052632,0.25473684210526315,1.5476190476190477,0.4836816598515826,0.5679919812896759,0
0,3,12.0,1.8484848484848484,4.848484848484849,0.8484848484848485,0.12121212121212122,2.0303030303030303,29.242424242424242,1.0,0.31978319783197834,0.4444444444444444,2.275960170697013,0.44881675582555086,0.574202210058866,0
0,2,11.741935483870968,3.7096774193548385,4.709677419354839,0.9354838709677419,0.25806451612903225,2.3548387096774195,33.54838709677419,0.967741935483871,0.31767955801104975,0.31767955801104975,1.9185282522996057,0.44110518662142506,0.4889272361230947,0
1,2,18.81081081081081,7.513513513513513,3.1621621621621623,1.135135135135135,1.4864864864864864,2.2432432432432434,31.91891891891892,1.0,0.1108433734939759,0.6265060240963856,1.3494809688581313,0.657347941065357,0.686249683464168,1
1,2,8.03225806451613,5.483870967741935,0.8387096774193549,1.096774193548387,0.4838709677419355,1.3548387096774193,23.516129032258064,0.7419354838709677,0.14465408805031446,0.5408805031446541,0.5764966740576497,0.6324933956512904,0.3756317442972271,0
0,0,10.027777777777779,1.9722222222222223,1.1388888888888888,0.7777777777777778,0.3333333333333333,1.0277777777777777,30.72222222222222,1.0,0.6643109540636042,0.22614840989399293,1.0098522167487685,0.5800874148348116,0.3622927180966114,0
1,3,11.21875,8.96875,0.5,0.9375,0.8125,1.1875,25.53125,0.78125,0.0038461538461538464,0.5615384615384615,0.3883495145631068,0.5536022699235135,0.45720555961960496,0
0,0,15.925925925925926,3.259259259259259,4.2592592592592595,1.7777777777777777,0.18518518518518517,3.074074074074074,33.51851851851852,0.8888888888888888,0.3523035230352303,0.2926829268292683,1.3418903150525088,0.5161816959569768,0.6004186405199955,0
1,3,7.636363636363637,5.96969696969697,0.696969696969697,0.8181818181818182,1.0909090909090908,1.121212121212121,23.90909090909091,0.8181818181818182,0.004524886877828055,0.22624434389140272,0.5707196029776676,0.5185185185185185,0.34709074845386845,0
0,2,10.137931034482758,4.793103448275862,2.7586206896551726,1.103448275862069,0.4827586206896552,1.3103448275862069,31.17241379310345,0.896551724137931,0.600896860986547,0.3183856502242152,1.9559902200488999,0.5781938325991189,0.4123938692248318,0
0,3,8.741935483870968,1.967741935483871,0.7096774193548387,0.3225806451612903,0.0,0.9032258064516129,26.548387096774192,0.45161290322580644,0.6379310344827587,0.16810344827586207,0.707395498392283,0.5438272595922299,0.3546786103377315,0
0,2,19.696969696969695,8.666666666666666,3.6363636363636362,1.7575757575757576,0.9696969696969697,2.696969696969697,35.303030303030305,1.0,0.4816414686825054,0.3693304535637149,1.3001083423618636,0.6038198573127229,0.6590772917914918,1
0,0,11.166666666666666,3.8,2.1666666666666665,1.1333333333333333,0.3,2.433333333333333,26.933333333333334,0.9333333333333333,0.1978021978021978,0.23076923076923078,0.8552631578947368,0.5569965416334131,0.4932182490752157,1
1,2,19.90625,7.65625,2.0625,0.6875,0.8125,2.78125,36.875,1.0,0.1669724770642202,0.3743119266055046,0.7158351409978307,0.5017644464049404,0.5941514536849222,0
0,2,7.314285714285714,2.057142857142857,2.5428571428571427,1.3428571428571427,0.05714285714285714,1.5142857142857142,23.257142857142856,0.02857142857142857,0.3177570093457944,0.2850467289719626,1.5752212389380529,0.5314731772130875,0.42201834862385323,0
2,3,13.405405405405405,6.45945945945946,1.4324324324324325,0.35135135135135137,1.027027027027027,2.027027027027027,29.675675675675677,1.0,0.0,0.48284960422163586,0.6734434561626429,0.5396935933147633,0.4983207769810293,0
0,3,16.884615384615383,4.0,3.3846153846153846,1.0769230769230769,0.3076923076923077,2.769230769230769,30.03846153846154,1.0,0.34870317002881845,0.2017291066282421,1.1796246648793565,0.5809952355743779,0.6725370086778967,0
1,3,16.136363636363637,4.045454545454546,0.6818181818181818,0.9545454545454546,0.5909090909090909,1.9545454545454546,28.045454545454547,1.0,0.4078014184397163,0.36524822695035464,0.331858407079646,0.5422827813760235,0.5975452196382429,0
1,3,12.17142857142857,5.6571428571428575,1.4285714285714286,1.0571428571428572,0.5714285714285714,0.9714285714285714,31.742857142857144,1.0,0.5728155339805825,0.255663430420712,1.3333333333333335,0.6196183383756109,0.4270973530731269,0
0,3,10.051282051282051,4.487179487179487,4.743589743589744,1.1025641025641026,0.2564102564102564,2.3846153846153846,28.794871794871796,0.9743589743589743,0.43006993006993005,0.5699300699300699,1.9091847265221877,0.5479145700547914,0.5120241370130446,0
1,1,10.96774193548387,5.870967741935484,2.032258064516129,0.7096774193548387,0.8064516129032258,1.4838709677419355,30.322580645161292,0.8709677419354839,0.47257383966244726,0.350210970464135,1.2830957230142566,0.6215267622111729,0.42731417665146854,0
0,1,9.4,1.6571428571428573,2.5142857142857142,0.8571428571428571,0.02857142857142857,1.1714285714285715,29.542857142857144,0.8285714285714286,0.7423728813559322,0.18305084745762712,1.9775280898876402,0.5160622411845903,0.4019277108433735,0
0,1,8.454545454545455,3.121212121212121,1.8484848484848484,0.6666666666666666,0.48484848484848486,1.6363636363636365,26.727272727272727,0.9393939393939394,0.256198347107438,0.2396694214876033,1.0645724258289702,0.5214563397129187,0.3840506043149215,0
0,1,8.258064516129032,3.161290322580645,1.3225806451612903,1.2580645161290323,0.1935483870967742,1.4516129032258065,23.70967741935484,0.5806451612903226,0.3121951219512195,0.3804878048780488,0.8523908523908523,0.5348487380912585,0.4023845007451564,0
1,2,16.413793103448278,9.344827586206897,2.4482758620689653,0.6206896551724138,0.4827586206896552,2.1379310344827585,30.82758620689655,1.0,0.23268698060941828,0.3518005540166205,1.0939907550077042,0.5709076952600268,0.6098784702865425,1
0,3,10.617647058823529,5.088235294117647,2.088235294117647,1.1470588235294117,0.23529411764705882,1.7941176470588236,24.647058823529413,0.5,0.39751552795031053,0.2670807453416149,1.1024844720496894,0.5016118274788794,0.5134299976230092,0
0,2,10.64516129032258,4.419354838709677,4.483870967741935,1.3225806451612903,0.1935483870967742,3.3225806451612905,31.129032258064516,0.967741935483871,0.3460207612456747,0.3217993079584775,1.310084825636192,0.500121241513094,0.48445408532176426,0
0,0,16.11764705882353,5.970588235294118,4.4411764705882355,1.8235294117647058,0.29411764705882354,3.235294117647059,33.5,1.0,0.24279835390946503,0.34156378600823045,1.3315696649029982,0.49012593016599887,0.6118697478991596,1
0,2,10.027777777777779,3.9722222222222223,2.0277777777777777,1.0833333333333333,0.16666666666666666,1.0,32.861111111111114,1.0,0.7158273381294964,0.17985611510791366,1.8434343434343432,0.6016666666666667,0.3657508848811731,0
1,3,8.473684210526315,3.710526315789474,1.631578947368421,1.0789473684210527,0.34210526315789475,1.2894736842105263,30.105263157894736,1.0,0.45089285714285715,0.375,1.174242424242424,0.6169527896995709,0.33455305802404595,0
1,1,9.387096774193548,3.5483870967741935,1.967741935483871,0.6129032258064516,0.45161290322580644,1.8387096774193548,28.322580645161292,1.0,0.3456221198156682,0.31797235023041476,1.0149750415973378,0.5882115135834411,0.3995006242197253,0
0,2,18.228571428571428,2.8857142857142857,2.4,0.6,0.05714285714285714,2.2285714285714286,30.885714285714286,1.0,0.40225563909774437,0.20112781954887218,1.0306748466257667,0.5508737998204047,0.6657445827570307,0
0,3,9.96551724137931,2.4482758620689653,4.310344827586207,0.8620689655172413,0.13793103448275862,1.6206896551724137,27.655172413793103,0.8275862068965517,0.476,0.284,2.50501002004008,0.5137960460816384,0.5143496086470368,0
1,2,9.433333333333334,6.233333333333333,0.9333333333333333,0.9,0.6,1.6,24.033333333333335,0.8333333333333334,0.10887096774193548,0.28225806451612906,0.5490196078431372,0.507532281205165,0.42955801104972374,0
0,3,8.11111111111111,3.4722222222222223,1.3888888888888888,0.6111111111111112,0.2222222222222222,1.0277777777777777,22.77777777777778,0.4166666666666667,0.6309523809523809,0.12301587301587301,1.2315270935960592,0.5496160216834814,0.41525012141816414,0
0,3,20.941176470588236,5.735294117647059,4.852941176470588,1.3823529411764706,0.029411764705882353,2.7941176470588234,33.8235294117647,1.0,0.4164859002169197,0.6963123644251626,1.6768292682926829,0.5911264612114772,0.7603606727934802,0
0,0,11.303030303030303,3.606060606060606,2.242424242424242,0.6363636363636364,0.3333333333333333,1.1515151515151516,30.09090909090909,0.7878787878787878,0.5774193548387097,0.2161290322580645,1.7917675544794185,0.5493696241310239,0.4486600421559771,0
0,0,10.13888888888889,3.3333333333333335,4.055555555555555,1.1944444444444444,0.3055555555555556,2.0277777777777777,30.805555555555557,1.0,0.4334470989761092,0.30716723549488056,1.9060052219321149,0.5487071557426337,0.45928455869135354,0
0,3,15.931034482758621,4.793103448275862,4.275862068965517,1.4482758620689655,0.4827586206896552,1.793103448275862,36.3448275862069,0.9655172413793104,0.484593837535014,0.22408963585434175,2.258652094717668,0.5889852116267211,0.5544516983631375,0
0,0,8.727272727272727,3.696969696969697,1.5454545454545454,0.45454545454545453,0.12121212121212122,1.5454545454545454,29.636363636363637,0.9090909090909091,0.3346774193548387,0.3387096774193548,0.9392265193370165,0.5053340819764178,0.34546010394374804,0
0,2,9.838709677419354,4.032258064516129,6.32258064516129,1.064516129032258,0.9032258064516129,2.6774193548387095,36.67741935483871,1.0,0.36162361623616235,0.3247232472324723,2.2764227642276422,0.4923802143871884,0.43943513726866057,0
0,0,16.228571428571428,3.857142857142857,3.0285714285714285,1.2571428571428571,0.05714285714285714,2.4571428571428573,33.51428571428571,1.0,0.4378698224852071,0.7100591715976331,1.1843575418994412,0.6402164111812443,0.5728856778580536,0
1,2,12.88888888888889,6.75,0.8611111111111112,0.3611111111111111,1.1666666666666667,1.5,24.694444444444443,0.9722222222222222,0.11634349030470914,0.3157894736842105,0.5381944444444444,0.5642572234653176,0.5545597131974008,0
0,3,12.5,4.133333333333334,1.7,1.3,0.06666666666666667,1.3333333333333333,30.766666666666666,1.0,0.5660919540229885,0.23275862068965517,1.1860465116279069,0.4887394432280263,0.46004319654427644,0
1,3,15.882352941176471,6.0588235294117645,2.264705882352941,1.2647058823529411,0.7352941176470589,2.676470588235294,30.58823529411765,1.0,0.3394919168591224,0.3371824480369515,0.815677966101695,0.5429973453463116,0.5913360168679318,1
1,3,13.727272727272727,6.181818181818182,1.5757575757575757,0.8787878787878788,0.09090909090909091,1.303030303030303,34.72727272727273,1.0,0.25132275132275134,0.2671957671957672,1.123110151187905,0.5361708171574662,0.4393978943704864,0
0,3,16.4375,2.8125,2.96875,0.8125,0.0,2.4375,34.65625,1.0,0.5261958997722096,0.22323462414578588,1.1699507389162562,0.5455073425703144,0.5583528142420427,0
1,1,8.969696969696969,6.181818181818182,0.42424242424242425,0.42424242424242425,1.7878787878787878,1.6363636363636365,22.21212121212121,1.0,0.0,0.644808743169399,0.24432809773123906,0.6300017027073046,0.4210240391144913,0
1,1,13.176470588235293,8.647058823529411,2.0588235294117645,1.0294117647058822,1.4411764705882353,1.7352941176470589,36.088235294117645,1.0,0.3887147335423197,0.36363636363636365,1.1217948717948716,0.6053399632472165,0.421001300390117,1
0,3,7.142857142857143,2.142857142857143,2.3714285714285714,1.542857142857143,0.02857142857142857,2.3142857142857145,25.114285714285714,0.7714285714285715,0.35175879396984927,0.5577889447236181,0.9822485207100591,0.5043576500968366,0.37733711048158636,0
1,2,8.81081081081081,8.45945945945946,1.3513513513513513,0.7567567567567568,0.6486486486486487,1.5405405405405406,30.81081081081081,1.0,0.007874015748031496,0.4094488188976378,0.8237232289950576,0.5437683480117428,0.32875754131328144,0
0,3,11.0,5.935483870967742,2.161290322580645,1.5806451612903225,1.4516129032258065,2.6774193548387095,26.806451612903224,0.6129032258064516,0.18218623481781376,0.46153846153846156,0.7781649245063879,0.5737649750975905,0.48914998201654475,0
0,3,12.405405405405405,2.6486486486486487,4.621621621621622,2.027027027027027,0.13513513513513514,2.081081081081081,32.486486486486484,1.0,0.42077922077922075,0.1974025974025974,2.1189591078066914,0.5484657298537424,0.522518039313262,0
0,0,16.08823529411765,4.264705882352941,2.323529411764706,1.5294117647058822,0.20588235294117646,2.911764705882353,31.529411764705884,0.9705882352941176,0.40930232558139534,0.4813953488372093,0.7714843750000001,0.5248714208950641,0.5821089827041102,0
1,0,8.0625,3.84375,1.375,0.3125,0.15625,1.3125,26.09375,0.65625,0.6528497409326425,0.38341968911917096,0.9734513274336283,0.5719099131051605,0.36029587210689573,0
0,2,9.758620689655173,3.206896551724138,1.1379310344827587,0.7241379310344828,0.41379310344827586,1.896551724137931,25.448275862068964,0.27586206896551724,0.34763948497854075,0.30472103004291845,0.5699481865284974,0.5354980320920375,0.4265083007153462,0
1,3,10.578947368421053,3.8947368421052633,1.4210526315789473,0.7894736842105263,0.39473684210526316,1.2105263157894737,27.0,0.9473684210526315,0.46394984326018807,0.2445141065830721,1.0843373493975903,0.5688893920525303,0.44280442804428044,0
1,2,9.441176470588236,5.205882352941177,0.17647058823529413,0.17647058823529413,0.6470588235294118,1.0294117647058822,19.147058823529413,0.4117647058823529,0.16883116883116883,0.3333333333333333,0.15625,0.6059347629115072,0.49969437652811727,0
1,1,9.875,7.28125,1.625,0.4375,0.9375,1.21875,28.03125,1.0,0.15476190476190477,0.4444444444444444,1.2322274881516586,0.524429102496017,0.4087980448789158,0
0,0,23.16,5.72,5.92,1.6,1.2,3.2,35.68,1.0,0.2870159453302961,0.3826879271070615,1.7939393939393937,0.5644155033923419,0.8127445500279485,1
1,3,6.552631578947368,3.736842105263158,0.9210526315789473,0.7894736842105263,0.5789473684210527,1.0789473684210527,17.789473684210527,0.05263157894736842,0.06417112299465241,0.42245989304812837,0.7812499999999999,0.561417748917749,0.41776993233303905,0
0,0,13.225806451612904,2.225806451612903,2.2580645161290325,0.8387096774193549,0.06451612903225806,2.032258064516129,21.967741935483872,0.8709677419354839,0.5576208178438662,0.2342007434944238,1.0590015128593042,0.6908870315448907,0.701651805291624,0
1,2,11.89655172413793,7.413793103448276,2.206896551724138,0.7241379310344828,1.4137931034482758,1.5862068965517242,29.75862068965517,0.9310344827586207,0.0,0.4385245901639344,1.3087934560327197,0.592620585406074,0.47234091696500746,0
0,0,16.34285714285714,7.371428571428571,2.9714285714285715,1.6857142857142857,1.0571428571428572,2.7714285714285714,30.771428571428572,1.0,0.2097902097902098,0.40326340326340326,1.0348258706467661,0.5662020905923345,0.6256362795002313,1
1,1,11.24,7.56,0.76,0.8,0.36,2.04,26.16,0.84,0.0,0.457286432160804,0.35514018691588783,0.5877677376171352,0.4569687738004569,0
0,2,9.285714285714286,2.4857142857142858,2.8,1.5142857142857142,0.2571428571428571,2.0285714285714285,22.257142857142856,0.0,0.39461883408071746,0.6547085201793722,1.3154362416107381,0.5657290071020749,0.5405750798722044,0
0,1,9.764705882352942,3.6470588235294117,1.1176470588235294,0.6176470588235294,0.7352941176470589,0.8529411764705882,26.38235294117647,0.5294117647058824,0.5384615384615384,0.23076923076923078,1.1728395061728396,0.5796089385474861,0.4109284762327854,0
0,2,11.771428571428572,3.1142857142857143,2.914285714285714,0.5428571428571428,0.17142857142857143,2.0,30.142857142857142,0.7714285714285715,0.6802325581395349,0.18313953488372092,1.387755102040816,0.5541805660174325,0.48559282002834203,0
1,0,10.384615384615385,3.923076923076923,0.9743589743589743,0.5128205128205128,0.5641025641025641,0.6410256410256411,23.974358974358974,0.6410256410256411,0.5371621621621622,0.17905405405405406,1.314878892733564,0.6341600901916573,0.47182873575460643,1
0,2,11.969696969696969,3.909090909090909,3.393939393939394,1.4848484848484849,0.30303030303030304,2.121212121212121,34.36363636363637,1.0,0.39886039886039887,0.28774928774928776,1.5279672578444747,0.4994436576977544,0.44579266684252167,0
1,1,17.59375,7.21875,3.65625,1.40625,0.5625,2.90625,36.375,1.0,0.36117936117936117,0.3832923832923833,1.2162162162162162,0.5918341602892945,0.5825908156271419,0
0,3,11.15625,2.375,2.28125,0.875,0.1875,1.59375,29.15625,0.96875,0.5708955223880597,0.31343283582089554,1.3468634686346863,0.5853226652675761,0.45930356761375773,0
0,1,11.903225806451612,4.935483870967742,1.2258064516129032,0.6774193548387096,0.1935483870967742,1.5483870967741935,29.032258064516128,0.9354838709677419,0.4208860759493671,0.2563291139240506,0.7436399217221135,0.524684336252986,0.45066991473812423,0
0,3,9.46875,3.0,1.34375,0.5625,0.1875,0.9375,24.0,0.46875,0.6529850746268657,0.17537313432835822,1.2951807228915662,0.5248025495358182,0.44865145228215764,0
0,3,8.0,2.9696969696969697,2.4242424242424243,1.0909090909090908,0.36363636363636365,1.3636363636363635,27.575757575757574,0.3939393939393939,0.2765957446808511,0.3446808510638298,1.6563146997929608,0.487732781554833,0.37665608233877146,0
0,2,9.485714285714286,3.142857142857143,2.2,1.1142857142857143,0.2571428571428571,1.8,25.714285714285715,0.7142857142857143,0.3083832335329341,0.3473053892215569,1.1578947368421053,0.43112403906087676,0.4526840066408412,0
0,1,10.67741935483871,2.967741935483871,3.4516129032258065,1.2258064516129032,0.0967741935483871,2.7096774193548385,34.83870967741935,0.967741935483871,0.3265993265993266,0.37037037037037035,1.2284730195177958,0.479154603358425,0.40439479272458684,0
1,1,8.685714285714285,3.4285714285714284,1.0571428571428572,0.2,1.0857142857142856,1.1714285714285715,21.6,0.4,0.5841121495327103,0.2570093457943925,0.8314606741573033,0.6381192275398825,0.4489795918367346,0
0,3,15.93939393939394,2.3333333333333335,3.242424242424242,0.8787878787878788,0.0,1.6363636363636365,34.39393939393939,1.0,0.4530386740331492,0.6629834254143646,1.8673647469458985,0.5624465355004277,0.5560924185188438,0
0,3,8.0,3.264705882352941,1.6470588235294117,1.0294117647058822,0.23529411764705882,1.8529411764705883,23.58823529411765,0.11764705882352941,0.2231404958677686,0.4297520661157025,0.8433734939759036,0.47261606894634417,0.4072510553762105,0
1,2,12.217391304347826,5.739130434782608,0.6086956521739131,0.6086956521739131,0.43478260869565216,1.3043478260869565,27.391304347826086,0.5652173913043478,0.5194805194805194,0.23809523809523808,0.43343653250773995,0.5505485893416928,0.4665506879645737,0
1,2,9.515151515151516,8.606060606060606,1.7575757575757576,1.1515151515151516,1.393939393939394,1.5454545454545454,27.424242424242426,1.0,0.05017921146953405,0.1935483870967742,1.0681399631675874,0.518562557801559,0.40955631399317405,0
1,1,15.105263157894736,4.526315789473684,1.6842105263157894,0.42105263157894735,0.3684210526315789,1.5789473684210527,27.57894736842105,0.9473684210526315,0.6417910447761194,0.373134328358209,1.0031347962382444,0.6132478632478633,0.6065791975660773,0
0,1,7.583333333333333,3.111111111111111,1.1388888888888888,0.3888888888888889,0.16666666666666666,1.0277777777777777,20.77777777777778,0.5555555555555556,0.47413793103448276,0.3232758620689655,1.0098522167487685,0.5150943396226415,0.4177754124534326,0
1,2,8.575757575757576,5.121212121212121,1.7575757575757576,0.7878787878787878,0.9090909090909091,2.0303030303030303,30.393939393939394,1.0,0.12244897959183673,0.5153061224489796,0.8250355618776671,0.5885044085842622,0.33886514955778596,0
2,3,17.90909090909091,10.93939393939394,2.303030303030303,0.9393939393939394,1.4242424242424243,1.7575757575757576,32.21212121212121,1.0,0.1425438596491228,0.23903508771929824,1.2398042414355628,0.5863560600047623,0.6255275250867487,0
1,2,20.083333333333332,8.25,2.1944444444444446,0.9444444444444444,0.4722222222222222,2.3333333333333335,35.388888888888886,1.0,0.3617391304347826,0.34608695652173915,0.9018264840182648,0.545610963535378,0.6277395115842205,1
1,1,12.175,3.9,2.825,0.625,0.425,1.05,28.375,0.95,0.28846153846153844,0.23076923076923078,2.4565217391304346,0.53138093575419,0.5267778753292361,0
0,2,18.285714285714285,2.9523809523809526,5.285714285714286,0.7619047619047619,0.0,2.9523809523809526,34.333333333333336,1.0,0.60828025477707,0.27070063694267515,1.7316692667706706,0.5463858850313034,0.6845526206610426,0
1,2,8.93939393939394,6.121212121212121,0.8787878787878788,0.6060606060606061,0.6666666666666666,1.4848484848484849,24.575757575757574,0.9696969696969697,0.3936651583710407,0.45701357466063347,0.5544933078393881,0.5556811332127788,0.39788775635515167,0
2,2,14.857142857142858,8.942857142857143,1.2571428571428571,0.34285714285714286,1.3428571428571427,2.0,29.085714285714285,1.0,0.07102272727272728,0.4602272727272727,0.5986394557823129,0.6142506142506143,0.5521292217327459,0
0,3,14.972972972972974,2.8378378378378377,2.27027027027027,1.162162162162162,0.10810810810810811,1.945945945945946,34.972972972972975,1.0,0.5211581291759465,0.2071269487750557,1.1096433289299867,0.5653984323971261,0.4916390537104106,0
0,2,12.575757575757576,2.9393939393939394,2.212121212121212,1.2424242424242424,0.30303030303030304,1.3636363636363635,33.18181818181818,1.0,0.5605633802816902,0.12394366197183099,1.5113871635610765,0.5542793033443744,0.4443230447054539,0
0,2,13.424242424242424,2.5757575757575757,0.9090909090909091,0.36363636363636365,0.12121212121212122,0.7878787878787878,29.87878787878788,0.6363636363636364,0.5290858725761773,0.17174515235457063,1.0238907849829353,0.5704646131657567,0.4781158394824623,0
1,0,10.0,5.0,0.28125,0.59375,2.21875,0.90625,23.34375,0.65625,0.0,0.591715976331361,0.2795031055900621,0.7511737089201878,0.4385497200746467,1
1,2,9.685714285714285,8.228571428571428,1.3142857142857143,0.6857142857142857,1.0857142857142856,1.3142857142857143,31.085714285714285,1.0,0.14102564102564102,0.33760683760683763,0.9292929292929293,0.63067420747135,0.35272560696289507,0
1,2,16.945945945945947,8.567567567567568,1.8918918918918919,1.162162162162162,3.1621621621621623,1.5405405405405406,28.10810810810811,0.972972972972973,0.040106951871657755,0.4197860962566845,1.1532125205930805,0.7075471698113208,0.6678164223435853,1
0,0,7.324324324324325,2.189189189189189,4.054054054054054,0.7837837837837838,0.10810810810810811,1.8108108108108107,23.83783783783784,0.8378378378378378,0.2190082644628099,0.3760330578512397,2.1216407355021216,0.4804283080414125,0.4753302472620526,0
1,1,16.529411764705884,8.029411764705882,0.7941176470588235,0.2647058823529412,1.8235294117647058,2.235294117647059,30.0,1.0,0.0351288056206089,0.38875878220140514,0.3400503778337531,0.5619550435965123,0.5755325385968341,0
0,3,9.333333333333334,4.066666666666666,1.2666666666666666,0.5,0.13333333333333333,1.5,27.966666666666665,0.9666666666666667,0.4831932773109244,0.2184873949579832,0.7916666666666666,0.5366452008586323,0.3776722090261283,0
1,0,17.0,9.727272727272727,1.7878787878787878,0.8484848484848485,1.4848484848484849,2.3636363636363638,33.54545454545455,1.0,0.23908045977011494,0.43908045977011495,0.7257072570725707,0.5404207768187423,0.5584076375754301,1
0,3,10.933333333333334,2.1,3.7666666666666666,0.5,0.0,2.2666666666666666,31.7,0.9,0.506993006993007,0.3181818181818182,1.5915492957746478,0.5030057661636609,0.4622641509433962,0
1,2,12.947368421052632,7.7631578947368425,0.9210526315789473,0.6842105263157895,1.105263157894737,1.5263157894736843,24.736842105263158,0.9736842105263158,0.0,0.31420765027322406,0.5663430420711973,0.5904944791166586,0.5583810129264675,0
1,3,15.735294117647058,8.5,1.7058823529411764,0.6470588235294118,0.6764705882352942,2.411764705882353,27.676470588235293,1.0,0.0,0.7374631268436578,0.6791569086651054,0.5957683741648107,0.6279119017365523,0
0,0,12.863636363636363,4.363636363636363,4.909090909090909,1.1363636363636365,0.18181818181818182,2.5454545454545454,28.863636363636363,0.9090909090909091,0.1941747572815534,0.4077669902912621,1.8556701030927836,0.5824003951267698,0.6136220966729441,0
0,2,15.10344827586207,4.275862068965517,2.1724137931034484,1.1724137931034482,0.13793103448275862,1.6551724137931034,33.62068965517241,0.9655172413793104,0.5314465408805031,0.389937106918239,1.237721021611002,0.587824779901224,0.5123223233459453,0
1,3,13.416666666666666,6.416666666666667,2.7083333333333335,0.875,0.7083333333333334,2.4166666666666665,29.666666666666668,1.0,0.23605150214592274,0.2703862660944206,1.076158940397351,0.6175207118748082,0.5417133258678611,0
1,3,15.0,6.846153846153846,1.0,0.3076923076923077,3.1538461538461537,1.6153846153846154,23.0,0.5769230769230769,0.21311475409836064,0.7008196721311475,0.5829596412556053,0.6108257110637765,0.6926406926406926,0
2,3,11.423076923076923,5.576923076923077,1.3461538461538463,0.19230769230769232,1.3846153846153846,1.1923076923076923,23.96153846153846,0.8076923076923077,0.12217194570135746,0.3755656108597285,1.0416666666666667,0.5766542404473439,0.5306905370843991,0
2,2,12.090909090909092,6.151515151515151,0.9696969696969697,0.42424242424242425,1.4242424242424243,1.7575757575757576,28.242424242424242,1.0,0.0,0.46923076923076923,0.5220228384991843,0.6359984697781178,0.46081471185715817,0
1,1,10.0,6.0625,1.15625,0.3125,1.375,1.5625,23.34375,0.59375,0.004629629629629629,0.5879629629629629,0.6954887218045113,0.5884949242312785,0.4758731005065316,0
0,0,14.027027027027026,4.486486486486487,2.4594594594594597,1.0810810810810811,0.32432432432432434,1.6216216216216217,32.62162162162162,1.0,0.41935483870967744,0.23076923076923078,1.4285714285714286,0.5845647864480086,0.5038407532832245,1
0,2,11.34375,3.90625,2.03125,0.8125,0.46875,1.75,28.0,1.0,0.5674846625766872,0.147239263803681,1.097972972972973,0.522873934086195,0.47597864768683273,0
1,3,14.666666666666666,7.545454545454546,1.4848484848484849,1.0,1.8484848484848484,1.9696969696969697,29.575757575757574,0.9696969696969697,0.03550295857988166,0.6390532544378699,0.7174231332357247,0.5588398300387954,0.544266312672317,0
0,3,15.866666666666667,3.966666666666667,1.6666666666666667,0.8,0.36666666666666664,1.0666666666666667,31.666666666666668,1.0,0.41304347826086957,0.20923913043478262,1.4285714285714286,0.5922165820642978,0.5519412381951732,0
0,2,10.166666666666666,3.25,2.9722222222222223,0.9722222222222222,0.5277777777777778,1.6666666666666667,26.63888888888889,0.9166666666666666,0.2029520295202952,0.2988929889298893,1.6823899371069182,0.5967910253065484,0.4913775192187824,0
1,1,8.777777777777779,4.222222222222222,0.4444444444444444,0.5277777777777778,1.0555555555555556,1.0,19.88888888888889,0.027777777777777776,0.13402061855670103,0.6237113402061856,0.404040404040404,0.6390551690664941,0.4613674263479711,0
0,3,9.486486486486486,2.891891891891892,3.027027027027027,1.7027027027027026,0.3783783783783784,1.5405405405405406,24.324324324324323,0.40540540540540543,0.35185185185185186,0.4777777777777778,1.8451400329489291,0.5370914432611091,0.5123381653203496,0
1,2,15.727272727272727,6.393939393939394,1.4242424242424243,1.1515151515151516,0.8181818181818182,2.4545454545454546,32.78787878787879,1.0,0.35714285714285715,0.3916256157635468,0.5575326215895611,0.5452138835196235,0.5215147885377315,0
0,0,8.588235294117647,1.8529411764705883,2.4411764705882355,1.1764705882352942,0.08823529411764706,1.0294117647058822,24.294117647058822,0.47058823529411764,0.2533783783783784,0.17905405405405406,2.1614583333333335,0.457221595891269,0.452134072823728,0
2,2,9.607142857142858,7.857142857142857,1.5714285714285714,0.6428571428571429,1.2857142857142858,1.5714285714285714,27.642857142857142,0.8928571428571429,0.16494845360824742,0.29381443298969073,0.9401709401709402,0.6139309841153916,0.4029351184346035,0
1,3,9.235294117647058,6.852941176470588,1.5588235294117647,0.5,1.7647058823529411,1.4705882352941178,26.91176470588235,1.0,0.0,0.5023255813953489,0.99250936329588,0.598049672405912,0.3996080139372822,0
0,3,11.097560975609756,2.7804878048780486,1.6341463414634145,1.1219512195121952,0.4634146341463415,0.926829268292683,32.51219512195122,1.0,0.3494897959183674,0.3163265306122449,1.5914489311163895,0.5094500179147259,0.3903971281130805,0
1,0,10.282051282051283,6.6923076923076925,1.1282051282051282,0.46153846153846156,2.2564102564102564,1.358974358974359,21.076923076923077,1.0,0.03125,0.5234375,0.7732864674868188,0.6365887731775464,0.5388061508657223,1
0,1,13.028571428571428,4.942857142857143,4.771428571428571,1.1142857142857143,0.2,3.085714285714286,32.371428571428574,1.0,0.31901840490797545,0.36503067484662577,1.4977578475336322,0.6026006977481764,0.5481742190937087,0
1,2,8.88888888888889,4.611111111111111,1.0833333333333333,0.5833333333333334,0.19444444444444445,1.4166666666666667,21.77777777777778,0.19444444444444445,0.28936170212765955,0.3021276595744681,0.7142857142857142,0.6009615384615384,0.4558151345860843,0
1,2,14.15625,8.34375,3.3125,0.75,0.90625,1.875,34.0625,1.0,0.3370165745856354,0.356353591160221,1.6772151898734176,0.5408826057885185,0.5113428466886205,1
0,3,20.705882352941178,4.705882352941177,3.088235294117647,1.2941176470588236,0.20588235294117646,2.6470588235294117,37.088235294117645,1.0,0.3055555555555556,0.38333333333333336,1.1241970021413277,0.5577739747734043,0.639829167984815,0
0,3,12.571428571428571,2.5428571428571427,4.514285714285714,1.6571428571428573,0.17142857142857143,2.5428571428571427,30.142857142857142,1.0,0.5030674846625767,0.36809815950920244,1.7081081081081082,0.5807814149947201,0.5649504015115729,0
1,1,7.388888888888889,5.694444444444445,0.7777777777777778,0.6388888888888888,1.8888888888888888,1.0555555555555556,25.97222222222222,1.0,0.0,0.6235294117647059,0.673076923076923,0.6139217134416544,0.31323247389729386,0
0,3,18.243243243243242,4.054054054054054,3.108108108108108,0.9459459459459459,0.24324324324324326,1.4054054054054055,34.13513513513514,1.0,0.3817097415506958,0.3101391650099404,2.064631956912028,0.5904065495766566,0.6236677982158364,1
1,2,9.096774193548388,5.161290322580645,1.903225806451613,0.8709677419354839,0.5483870967741935,1.2258064516129032,23.903225806451612,0.3548387096774194,0.2948717948717949,0.34615384615384615,1.4355231143552312,0.522919448153093,0.45827173766966806,0
0,1,19.594594594594593,4.945945945945946,5.027027027027027,0.8108108108108109,0.2972972972972973,2.2972972972972974,35.351351351351354,1.0,0.3383333333333333,0.30666666666666664,2.09695603156708,0.5323367011278195,0.694518563695967,1
1,3,12.619047619047619,5.619047619047619,0.3333333333333333,0.6666666666666666,0.47619047619047616,1.1904761904761905,26.19047619047619,0.6190476190476191,0.09259259259259259,0.6234567901234568,0.2583025830258302,0.6418329781050184,0.492664372396305,0
0,2,15.419354838709678,6.0,2.161290322580645,1.064516129032258,0.16129032258064516,2.7096774193548385,35.32258064516129,1.0,0.23770491803278687,0.45901639344262296,0.7692307692307692,0.5432805964720858,0.4963118113104454,0
1,1,13.03125,7.4375,2.0,1.0,0.46875,2.21875,27.5625,0.875,0.0436241610738255,0.40268456375838924,0.8625336927223719,0.5943557582668186,0.5433800271125169,0
0,2,7.411764705882353,1.9411764705882353,3.9705882352941178,0.9705882352941176,0.14705882352941177,1.7941176470588236,25.470588235294116,1.0,0.25210084033613445,0.25630252100840334,2.0962732919254656,0.4757589487992751,0.4451345755693582,0
0,1,12.264705882352942,2.8529411764705883,1.5588235294117647,1.8823529411764706,0.058823529411764705,1.8235294117647058,27.794117647058822,0.9117647058823529,0.4492753623188406,0.4260869565217391,0.8103975535168195,0.5089338019917985,0.49557148882328134,0
0,1,11.363636363636363,4.136363636363637,2.1363636363636362,1.1818181818181819,0.22727272727272727,2.1818181818181817,30.09090909090909,0.9090909090909091,0.4187192118226601,0.2660098522167488,0.9362549800796812,0.5512436055741754,0.44715447154471544,0
1,1,11.428571428571429,6.828571428571428,0.9714285714285714,0.6857142857142857,1.3428571428571427,1.8,32.82857142857143,1.0,0.308868501529052,0.3241590214067278,0.5112781954887218,0.5352745958676801,0.37657266811279827,0
0,2,15.35483870967742,2.806451612903226,3.032258064516129,1.0,0.1935483870967742,1.6774193548387097,30.419354838709676,0.967741935483871,0.34402332361516036,0.3673469387755102,1.7059891107078038,0.5973295853829936,0.6024733114892717,0
0,1,10.451612903225806,2.2903225806451615,2.4516129032258065,0.8709677419354839,0.16129032258064516,2.129032258064516,22.677419354838708,0.03225806451612903,0.11403508771929824,0.6271929824561403,1.0998552821997105,0.556854117970576,0.566491998300524,0
0,3,10.59375,4.96875,2.9375,2.5,0.96875,2.46875,32.96875,1.0,0.44594594594594594,0.20608108108108109,1.143552311435523,0.5250278775864206,0.4091854091854092,0
1,1,11.236842105263158,6.842105263157895,1.5526315789473684,1.1578947368421053,0.8421052631578947,1.5526315789473684,28.68421052631579,0.6578947368421053,0.10545454545454545,0.7454545454545455,0.9394904458598725,0.5846111719605696,0.444322545255074,1
0,3,8.28125,2.90625,1.84375,0.8125,0.0625,1.5625,24.40625,0.90625,0.4251968503937008,0.27165354330708663,1.1090225563909775,0.4659586439724293,0.413159908186687,0
0,2,14.5,2.2941176470588234,5.147058823529412,1.2647058823529411,0.029411764705882353,2.5588235294117645,34.6764705882353,1.0,0.49865229110512127,0.31536388140161725,1.935840707964602,0.5834595720507479,0.5649526387009471,0
1,3,10.692307692307692,5.5,1.3076923076923077,0.6923076923076923,1.8846153846153846,1.0384615384615385,23.96153846153846,0.8461538461538461,0.015306122448979591,0.30612244897959184,1.1486486486486485,0.625,0.49872122762148335,0
0,2,16.852941176470587,4.529411764705882,4.4411764705882355,1.4411764705882353,0.08823529411764706,1.6176470588235294,32.05882352941177,0.8529411764705882,0.47815533980582525,0.4684466019417476,2.585616438356164,0.5765515575947838,0.6621547466617888,0
0,3,15.15625,3.84375,1.6875,0.46875,0.4375,1.625,32.0625,0.96875,0.5141509433962265,0.19339622641509435,0.9782608695652173,0.5270822465658147,0.5237077341624563,0
1,1,7.243243243243243,3.2432432432432434,1.0,0.5135135135135135,0.40540540540540543,1.054054054054054,18.83783783783784,0.972972972972973,0.4225941422594142,0.23430962343096234,0.8665105386416861,0.5082688514641177,0.435279006707578,0
1,2,11.0,6.125,1.5,0.75,0.9583333333333334,1.4166666666666667,25.875,0.875,0.24056603773584906,0.3490566037735849,0.9890109890109889,0.5397448478900884,0.4812319538017324,0
0,3,9.692307692307692,3.230769230769231,1.0,0.9615384615384616,0.15384615384615385,1.5,29.576923076923077,0.9230769230769231,0.5906976744186047,0.31627906976744186,0.625,0.514453699167075,0.36029030585795746,0
0,3,14.233333333333333,2.6666666666666665,4.633333333333334,1.0666666666666667,0.03333333333333333,2.033333333333333,31.266666666666666,1.0,0.17058823529411765,0.5029411764705882,2.1718750000000004,0.51416048550236,0.6014877789585548,0
0,1,8.545454545454545,2.9393939393939394,1.8484848484848484,0.7878787878787878,0.5151515151515151,1.4545454545454546,28.12121212121212,0.9090909090909091,0.6742424242424242,0.0946969696969697,1.1890838206627679,0.5127272727272727,0.3683023730269515,0
1,0,7.7272727272727275,5.2727272727272725,0.7272727272727273,0.5757575757575758,1.7272727272727273,1.3333333333333333,22.939393939393938,0.9696969696969697,0.0,0.5324675324675324,0.507399577167019,0.6707702020202021,0.3669604103643299,0
0,2,9.125,1.71875,1.46875,0.375,0.03125,1.5625,20.3125,0.125,0.757201646090535,0.24279835390946503,0.8834586466165413,0.5428316478286734,0.5189834660134721,0
0,0,11.5625,2.0,1.46875,0.625,0.0625,2.59375,26.90625,0.28125,0.488135593220339,0.3559322033898305,0.5452436194895591,0.5422039859320047,0.48252719277944917,0
1,2,17.24,6.44,3.92,1.28,0.24,3.12,35.12,1.0,0.12312312312312312,0.4294294294294294,1.217391304347826,0.5443018791675086,0.6007950028392958,0
0,0,9.84,3.04,0.64,0.96,0.12,1.0,22.72,0.84,0.5870646766169154,0.21890547263681592,0.5818181818181818,0.5581775276819749,0.45924627519719546,0
0,3,13.81081081081081,5.945945945945946,3.2162162162162162,1.027027027027027,0.35135135135135137,1.5675675675675675,34.108108108108105,1.0,0.6621621621621622,0.2747747747747748,1.9286871961102106,0.5133820929111075,0.49774828158331363,0
0,0,8.647058823529411,3.0588235294117645,3.588235294117647,1.1176470588235294,0.029411764705882353,1.6470588235294117,30.705882352941178,0.7647058823529411,0.34317343173431736,0.25461254612546125,2.053872053872054,0.4877886912662596,0.397173954554134,0
0,3,8.90625,2.59375,3.75,0.90625,0.0,2.125,30.8125,0.96875,0.47435897435897434,0.36324786324786323,1.6853932584269662,0.5250552689756817,0.40942175495349775,0
1,0,11.758620689655173,7.931034482758621,2.0,0.41379310344827586,0.3103448275862069,1.9310344827586208,28.344827586206897,0.896551724137931,0.43956043956043955,0.4358974358974359,0.9847198641765705,0.5240349151708876,0.48369499333252514,0
2,0,14.125,9.90625,1.90625,0.8125,3.65625,1.90625,26.90625,0.96875,0.375,0.3535714285714286,0.9501557632398754,0.6984794164915317,0.5936125896783152,1
0,2,15.8,4.714285714285714,3.3142857142857145,1.6571428571428573,0.0,2.2857142857142856,34.885714285714286,1.0,0.44366197183098594,0.3333333333333333,1.3892215568862276,0.5660415984277759,0.546345447121274,0
2,3,11.030303030303031,4.787878787878788,0.8181818181818182,0.30303030303030304,0.6363636363636364,1.7575757575757576,23.575757575757574,1.0,0.2641509433962264,0.38113207547169814,0.44045676998368677,0.5881592554291624,0.500447971329835,0
0,1,9.5,3.84375,3.25,1.15625,0.15625,1.5,29.46875,0.5,0.5990566037735849,0.49056603773584906,2.03125,0.5896958410924892,0.43119847812301837,0
1,2,7.435897435897436,3.6153846153846154,0.6410256410256411,0.6923076923076923,0.3076923076923077,1.0256410256410255,21.46153846153846,0.02564102564102564,0.5650406504065041,0.2926829268292683,0.5694760820045559,0.5221838087006626,0.3745986443096682,0
0,3,7.4,1.9142857142857144,1.1142857142857143,0.5142857142857142,0.08571428571428572,0.9428571428571428,24.857142857142858,0.9142857142857143,0.7545454545454545,0.18181818181818182,1.0684931506849316,0.5450336700336701,0.3411562678878076,0
0,2,13.181818181818182,4.909090909090909,2.909090909090909,1.3636363636363635,0.42424242424242425,1.7272727272727273,31.818181818181817,0.9696969696969697,0.37270341207349084,0.3805774278215223,1.5920398009950247,0.4889838129496403,0.5041298775277698,0
1,2,10.0,3.892857142857143,1.0,0.6071428571428571,0.21428571428571427,1.3571428571428572,26.25,0.9642857142857143,0.5794392523364486,0.2570093457943925,0.6862745098039215,0.5877413937867338,0.41745730550284627,0
0,3,11.033333333333333,2.5,0.36666666666666664,0.3333333333333333,0.06666666666666667,0.6666666666666666,25.4,0.4666666666666667,0.8223684210526315,0.06578947368421052,0.4782608695652174,0.5290920716112532,0.4470588235294118,0
0,0,8.225,1.8,2.175,1.175,0.075,1.75,17.475,0.35,0.5080385852090032,0.3022508038585209,1.1756756756756754,0.4668520830968328,0.5917496443812231,0
0,1,12.875,2.21875,3.71875,0.84375,0.0625,1.9375,35.15625,1.0,0.37467700258397935,0.18863049095607234,1.8251533742331287,0.491506012597824,0.4706612302783194,0
0,0,10.805555555555555,2.9166666666666665,2.0833333333333335,0.9166666666666666,0.1388888888888889,1.0555555555555556,28.36111111111111,1.0,0.2861736334405145,0.28938906752411575,1.8028846153846154,0.5547632629777524,0.45285965254733557,0
0,3,14.457142857142857,5.0,3.5714285714285716,1.5714285714285714,0.34285714285714286,1.9428571428571428,34.77142857142857,1.0,0.2814814814814815,0.38271604938271603,1.7482517482517486,0.5346576500422654,0.5170012290045063,0
0,2,9.75,3.0277777777777777,1.2777777777777777,0.8611111111111112,0.25,1.1111111111111112,27.333333333333332,0.6944444444444444,0.6285714285714286,0.16785714285714284,1.055045871559633,0.5836769988027138,0.4019846091535035,0
1,0,10.266666666666667,6.533333333333333,0.7,0.36666666666666664,1.2333333333333334,1.7666666666666666,22.366666666666667,0.6666666666666666,0.014705882352941176,0.47058823529411764,0.37499999999999994,0.6254061078622482,0.48813056379821956,0
0,2,14.166666666666666,3.4444444444444446,5.722222222222222,1.2777777777777777,0.16666666666666666,3.2777777777777777,28.61111111111111,0.8888888888888888,0.4148936170212766,0.4734042553191489,1.694078947368421,0.5612783940834654,0.6927244582043344,0
0,3,14.130434782608695,3.9565217391304346,1.8695652173913044,1.173913043478261,0.21739130434782608,2.5217391304347827,33.0,0.8695652173913043,0.5846774193548387,0.12096774193548387,0.7131011608623549,0.6221286370597243,0.4833836858006042,0
0,0,8.36111111111111,2.4722222222222223,2.0,0.6388888888888888,0.16666666666666666,1.9166666666666667,27.416666666666668,1.0,0.5760869565217391,0.21014492753623187,0.9917355371900827,0.4991377023083046,0.37653947102765994,0
0,1,11.657142857142857,3.2,2.4,2.342857142857143,0.11428571428571428,1.7428571428571429,32.74285714285714,1.0,0.3813559322033898,0.3305084745762712,1.3023255813953487,0.5031074282332051,0.42801217920835144,0
1,0,16.272727272727273,5.363636363636363,1.1515151515151516,0.5454545454545454,0.3939393939393939,2.0303030303030303,24.515151515151516,0.6363636363636364,0.36097560975609755,0.24390243902439024,0.5405405405405406,0.5914096916299559,0.7078665517665887,1
0,0,7.243243243243243,4.378378378378378,1.162162162162162,1.027027027027027,0.08108108108108109,0.918918918918919,19.243243243243242,0.02702702702702703,0.38073394495412843,0.3211009174311927,1.1405835543766576,0.5385852090032154,0.4345396115690932,0
0,1,9.53125,4.625,0.84375,0.40625,0.125,1.34375,24.0,0.5625,0.2894736842105263,0.34210526315789475,0.5844155844155844,0.581351021652943,0.4304979253112033,0
0,2,11.290322580645162,2.4193548387096775,1.1612903225806452,0.5161290322580645,0.16129032258064516,1.3548387096774193,25.64516129032258,0.8064516129032258,0.35494880546075086,0.29692832764505117,0.7982261640798227,0.5282540449166868,0.4836486655807543,0
1,3,11.571428571428571,6.514285714285714,1.457142857142857,0.6285714285714286,1.5142857142857142,1.9428571428571428,29.65714285714286,1.0,0.00974025974025974,0.39935064935064934,0.7132867132867133,0.5592068927427372,0.43783005280844933,0
0,1,18.176470588235293,3.588235294117647,5.088235294117647,1.1764705882352942,1.4411764705882353,3.5,32.294117647058826,0.9705882352941176,0.43359375,0.3828125,1.4133986928104574,0.5165151109922439,0.7181768658071545,1
0,1,12.552631578947368,3.736842105263158,1.4210526315789473,0.7894736842105263,0.18421052631578946,1.763157894736842,28.526315789473685,1.0,0.47435897435897434,0.34615384615384615,0.7627118644067796,0.5307076101468625,0.48814120242691666,0
0,1,15.862068965517242,4.275862068965517,3.8275862068965516,1.4827586206896552,0.1724137931034483,2.5517241379310347,31.82758620689655,0.9655172413793104,0.3358395989974937,0.3283208020050125,1.4434330299089724,0.5036790469516468,0.6166972675234906,0
0,3,14.176470588235293,4.5,2.5294117647058822,0.9705882352941176,0.14705882352941177,1.7941176470588236,33.470588235294116,1.0,0.5635910224438903,0.26433915211970077,1.3354037267080743,0.5383790545974444,0.49763448396705795,0
1,3,13.055555555555555,6.888888888888889,1.0,0.6666666666666666,0.7777777777777778,1.5277777777777777,26.11111111111111,0.6388888888888888,0.30498533724340177,0.44574780058651026,0.6143344709897611,0.5761498479945082,0.536244171259008,0
0,3,10.666666666666666,1.7575757575757576,2.1818181818181817,0.8181818181818182,0.0,1.0909090909090908,26.90909090909091,0.9393939393939394,0.4421768707482993,0.21768707482993196,1.83206106870229,0.5463123913583312,0.4757096376079883,0
0,3,14.066666666666666,5.966666666666667,3.033333333333333,1.6,1.0666666666666667,2.8666666666666667,32.43333333333333,0.9666666666666667,0.5853658536585366,0.3554006968641115,1.0224719101123594,0.6357719657707606,0.5256147540983608,0
0,2,12.947368421052632,3.8684210526315788,4.605263157894737,1.7894736842105263,0.07894736842105263,1.9736842105263157,35.5,1.0,0.495,0.2775,2.2208121827411174,0.5480794938062561,0.4930514488468362,0
1,3,9.24390243902439,2.4390243902439024,1.0731707317073171,0.6585365853658537,0.3902439024390244,0.6097560975609756,25.829268292682926,0.4634146341463415,0.7328519855595668,0.23104693140794225,1.5120274914089349,0.6209857124131603,0.3978929545668328,0
1,3,10.46875,4.59375,1.21875,0.96875,0.46875,1.03125,26.0625,0.84375,0.5470383275261324,0.3310104529616725,1.0773480662983426,0.5094282238442822,0.4467271858576206,0
0,0,9.575757575757576,2.787878787878788,3.303030303030303,0.8484848484848485,0.06060606060606061,1.393939393939394,26.575757575757574,0.5757575757575758,0.3024054982817869,0.23711340206185566,2.2109533468559834,0.4916604431167538,0.48278995796887425,0
0,1,14.441176470588236,6.352941176470588,1.6764705882352942,1.7941176470588236,0.20588235294117646,1.3235294117647058,31.970588235294116,0.9411764705882353,0.3427835051546392,0.17268041237113402,1.177685950413223,0.5880521222573536,0.5025678650036683,0
0,3,18.38235294117647,2.8529411764705883,2.823529411764706,1.8823529411764706,0.11764705882352941,1.3529411764705883,32.970588235294116,1.0,0.32075471698113206,0.21509433962264152,1.94331983805668,0.5386445118587976,0.6412308786908574,0
0,2,15.205882352941176,4.323529411764706,3.1176470588235294,1.2941176470588236,0.2647058823529412,2.235294117647059,33.14705882352941,0.9411764705882353,0.1917808219178082,0.23483365949119372,1.3350125944584381,0.45849592053919835,0.5511323425336164,0
2,2,20.892857142857142,10.571428571428571,0.7857142857142857,0.8214285714285714,0.9642857142857143,2.3214285714285716,30.678571428571427,1.0,0.0,0.5328083989501312,0.3244837758112094,0.6219169926858309,0.704339754003249,0
1,2,15.379310344827585,11.068965517241379,1.5172413793103448,0.6896551724137931,1.0689655172413792,2.0344827586206895,33.3448275862069,0.9655172413793104,0.12460063897763578,0.3738019169329074,0.7108239095315024,0.611830553116769,0.5052067223425094,0
0,3,15.181818181818182,5.787878787878788,3.4545454545454546,1.6363636363636365,0.6363636363636364,2.757575757575758,31.03030303030303,0.9696969696969697,0.43424317617866004,0.2506203473945409,1.2089077412513254,0.5598516002145539,0.5986566728316947,0
0,2,13.741935483870968,6.645161290322581,0.8064516129032258,0.967741935483871,0.5483870967741935,1.4516129032258065,28.774193548387096,1.0,0.12158054711246201,0.49240121580547114,0.5197505197505197,0.5321275107424803,0.5038543179533013,0
0,2,16.424242424242426,5.333333333333333,6.242424242424242,2.484848484848485,0.6060606060606061,3.515151515151515,32.96969696969697,0.9696969696969697,0.2749391727493917,0.46228710462287104,1.7267393126571666,0.5479175090982612,0.6854210574544122,1
1,3,16.457142857142856,8.542857142857143,2.2,0.8857142857142857,2.2285714285714286,1.6,24.8,0.9714285714285714,0.1984924623115578,0.457286432160804,1.2941176470588236,0.6024096385542169,0.7492828456683877,0
0,0,9.827586206896552,2.3793103448275863,4.655172413793103,0.3448275862068966,0.10344827586206896,2.0689655172413794,29.75862068965517,0.9655172413793104,0.4214876033057851,0.29338842975206614,2.146263910969793,0.5215195432586737,0.48504446240905413,0
0,3,16.583333333333332,4.555555555555555,3.3333333333333335,1.5555555555555556,0.19444444444444445,1.6666666666666667,32.888888888888886,1.0,0.42369477911646586,0.3353413654618474,1.8867924528301885,0.5223279904808567,0.6037386325362074,0
0,3,17.161290322580644,3.3225806451612905,3.193548387096774,1.4193548387096775,0.06451612903225806,2.2580645161290325,30.193548387096776,0.9032258064516129,0.37360178970917224,0.3512304250559284,1.3543091655266755,0.5154239652767012,0.6719199233308485,0
0,2,13.272727272727273,3.1515151515151514,3.090909090909091,0.7878787878787878,0.030303030303030304,1.5757575757575757,33.666666666666664,1.0,0.45663265306122447,0.15051020408163265,1.8444846292947559,0.5239735859890899,0.4846091716772862,0
0,3,12.75,3.6666666666666665,5.041666666666667,1.5,0.16666666666666666,2.4166666666666665,35.708333333333336,1.0,0.2509090909090909,0.2872727272727273,2.003311258278146,0.49393078512396693,0.4968582732138701,0
1,2,11.142857142857142,5.942857142857143,0.7714285714285715,0.8571428571428571,0.45714285714285713,1.1142857142857143,25.057142857142857,1.0,0.17343173431734318,0.34317343173431736,0.6352941176470588,0.6251602975121826,0.4735945485519591,0
0,2,11.181818181818182,4.9393939393939394,3.606060606060606,0.6363636363636364,0.12121212121212122,3.212121212121212,30.575757575757574,0.9696969696969697,0.19615384615384615,0.8461538461538461,1.0887465690759377,0.5170964125560538,0.48207053245085446,0
0,3,15.59375,2.40625,4.59375,1.21875,0.0625,1.6875,33.78125,1.0,0.5076142131979695,0.26649746192893403,2.56993006993007,0.5667878237164925,0.5958310274857037,0
0,2,11.027027027027026,2.945945945945946,1.972972972972973,1.4054054054054055,0.08108108108108109,0.8108108108108109,26.864864864864863,0.02702702702702703,0.5793871866295265,0.1894150417827298,2.166172106824926,0.5245294662141314,0.4821088503558184,0
1,1,16.939393939393938,6.606060606060606,1.0,1.9393939393939394,1.0909090909090908,2.212121212121212,24.424242424242426,0.12121212121212122,0.2136986301369863,0.5150684931506849,0.4325032765399738,0.624274099883856,0.7314963548745829,1
1,2,8.64516129032258,5.0,1.1612903225806452,1.6129032258064515,0.967741935483871,1.1290322580645162,29.35483870967742,0.9354838709677419,0.4717741935483871,0.3185483870967742,0.9448818897637794,0.47390012731645215,0.33293177089037346,0
1,1,12.107142857142858,6.107142857142857,1.6071428571428572,0.8571428571428571,0.42857142857142855,2.357142857142857,24.321428571428573,0.9642857142857143,0.29338842975206614,0.384297520661157,0.6540697674418604,0.5991092888449031,0.5615677098566833,0
0,1,10.774193548387096,3.4516129032258065,3.3548387096774195,0.967741935483871,0.45161290322580644,2.774193548387097,32.41935483870968,0.9032258064516129,0.33579335793357934,0.5387453874538746,1.1672278338945006,0.4981505786898938,0.43448070627913893,0
1,0,9.805555555555555,4.611111111111111,0.6666666666666666,0.5277777777777778,0.5277777777777778,1.3333333333333333,18.22222222222222,0.0,0.1897810218978102,0.36496350364963503,0.46511627906976744,0.5550314465408805,0.5715585203153426,1
0,3,10.92,2.84,3.68,0.72,0.28,2.16,33.76,0.96,0.44308943089430897,0.21138211382113822,1.6283185840707963,0.5076614102945552,0.43118724158298877,0
0,1,18.517241379310345,2.5517241379310347,4.241379310344827,1.1724137931034482,0.3793103448275862,3.3793103448275863,34.827586206896555,0.9655172413793104,0.4646017699115044,0.34513274336283184,1.2190287413280474,0.5157114320835895,0.6515944318294007,0
1,0,13.451612903225806,5.516129032258065,1.2903225806451613,0.8709677419354839,0.22580645161290322,2.064516129032258,30.419354838709676,0.9032258064516129,0.45,0.2323529411764706,0.5961251862891207,0.5563560678834454,0.4830356199133284,0
0,3,17.484848484848484,5.484848484848484,1.9393939393939394,1.121212121212121,0.42424242424242425,1.6666666666666667,34.84848484848485,1.0,0.4172494172494173,0.4522144522144522,1.097770154373928,0.5608912046037794,0.5557964103008756,0
1,0,9.878787878787879,6.787878787878788,2.242424242424242,0.8484848484848485,1.6666666666666667,1.9090909090909092,24.484848484848484,0.21212121212121213,0.46218487394957986,0.4369747899159664,1.1161387631975865,0.5744290950098675,0.49303586835942315,0
1,2,8.566666666666666,5.5,0.8333333333333334,0.3,0.3,1.7333333333333334,24.0,0.5333333333333333,0.3005181347150259,0.3471502590673575,0.45454545454545453,0.5775800071916577,0.3900414937759336,0
1,2,10.179487179487179,6.435897435897436,0.7948717948717948,0.6923076923076923,0.9230769230769231,1.358974358974359,24.384615384615383,1.0,0.15267175572519084,0.48091603053435117,0.5448154657293497,0.6253150201612904,0.44821447271965653,0
1,2,19.40625,7.9375,2.5,0.5625,2.59375,2.40625,33.1875,1.0,0.2971014492753623,0.533816425120773,0.997506234413965,0.6073468429700336,0.6580923770184003,1
0,3,15.933333333333334,3.9,1.9666666666666666,1.5333333333333334,0.03333333333333333,1.6666666666666667,33.56666666666667,1.0,0.504225352112676,0.37746478873239436,1.113207547169811,0.5773504686443135,0.5316831683168316,0
0,3,16.526315789473685,3.026315789473684,6.657894736842105,1.6578947368421053,0.5,2.1578947368421053,37.05263157894737,1.0,0.3700234192037471,0.5105386416861827,2.9487179487179485,0.6004742599250363,0.6240260660150163,1
1,2,14.38888888888889,5.444444444444445,1.2777777777777777,1.3333333333333333,0.9444444444444444,2.6666666666666665,27.0,0.4444444444444444,0.13744075829383887,0.3744075829383886,0.4618473895582329,0.5269368489583334,0.5781057810578106,0
0,2,10.352941176470589,1.9705882352941178,1.5294117647058822,1.1764705882352942,0.029411764705882353,0.9705882352941176,25.647058823529413,0.3235294117647059,0.563573883161512,0.13745704467353953,1.4285714285714286,0.5703175631885936,0.4615033127713045,0
2,2,7.970588235294118,5.294117647058823,0.38235294117647056,0.2647058823529412,1.7647058823529411,1.4705882352941178,21.38235294117647,0.9117647058823529,0.0,0.7241379310344828,0.2434456928838951,0.590568340306834,0.3888280394304491,0
0,2,16.3125,4.1875,3.15625,1.59375,0.1875,1.625,34.4375,1.0,0.49865951742627346,0.42359249329758714,1.8297101449275361,0.5898038506734159,0.5636988780311256,0
0,2,17.1875,3.28125,2.5,1.15625,0.25,1.78125,36.3125,1.0,0.30045871559633025,0.3967889908256881,1.3289036544850499,0.5369835194876201,0.5406797116374871,0
1,3,10.228571428571428,3.857142857142857,1.8,1.3142857142857143,0.9428571428571428,1.2571428571428571,32.542857142857144,0.9714285714285714,0.2896551724137931,0.3310344827586207,1.3263157894736841,0.538767156272574,0.3684901531728665,0
1,3,14.03125,5.65625,1.59375,0.90625,0.625,1.5625,29.71875,0.78125,0.006134969325153374,0.558282208588957,0.9586466165413533,0.5528467297084318,0.5239991616013414,0
0,3,9.724137931034482,6.689655172413793,2.1379310344827585,0.7586206896551724,0.27586206896551724,1.4482758620689655,31.20689655172414,0.9310344827586207,0.0782608695652174,0.47391304347826085,1.3808463251670378,0.5072672326953519,0.3788963542240334,0
1,0,8.3125,4.6875,1.4375,0.625,0.53125,1.28125,24.0625,0.78125,0.23958333333333334,0.6145833333333334,1.0407239819004523,0.5452607412266316,0.40351784790481116,1
1,3,10.16,5.0,0.84,1.04,0.84,2.04,23.4,0.56,0.4723618090452261,0.4020100502512563,0.3925233644859813,0.5422715627668659,0.46808510638297873,0
1,0,8.11111111111111,4.361111111111111,1.2222222222222223,0.4722222222222222,0.3333333333333333,1.0555555555555556,21.333333333333332,0.3055555555555556,0.07373271889400922,0.5161290322580645,1.0576923076923077,0.5482950277902959,0.43545878693623635,0
0,3,8.0,3.054054054054054,4.945945945945946,1.2972972972972974,0.08108108108108109,1.7027027027027026,29.91891891891892,1.0,0.3418803418803419,0.3717948717948718,2.7436281859070464,0.5435581019538711,0.43125956603943455,0
1,3,9.324324324324325,4.054054054054054,1.864864864864865,1.162162162162162,0.43243243243243246,0.8108108108108109,27.486486486486488,0.972972972972973,0.5193548387096775,0.24516129032258063,2.0474777448071215,0.5022711390635919,0.40560399725678453,0
0,3,12.514285714285714,4.257142857142857,1.0285714285714285,0.9428571428571428,0.37142857142857144,1.0571428571428572,31.34285714285714,1.0,0.6231454005934718,0.20178041543026706,0.8888888888888887,0.5968603510301973,0.4307133121308496,0
0,2,13.655172413793103,6.103448275862069,1.6551724137931034,1.3448275862068966,0.3793103448275862,1.896551724137931,33.206896551724135,1.0,0.26666666666666666,0.23174603174603176,0.8290155440414507,0.5704079280940308,0.4596749145874314,0
0,1,13.555555555555555,9.86111111111111,0.6388888888888888,0.8333333333333334,1.2222222222222223,1.9722222222222223,26.333333333333332,1.0,0.06470588235294118,0.4323529411764706,0.3083109919571045,0.6029455372145893,0.5369903320722993,0
0,0,12.045454545454545,3.8636363636363638,3.5454545454545454,1.3636363636363635,0.6363636363636364,3.3181818181818183,27.818181818181817,0.8636363636363636,0.41935483870967744,0.2540322580645161,1.0372340425531914,0.48055998839402286,0.5584500162813415,0
1,2,13.514285714285714,6.885714285714286,0.8,1.0857142857142856,0.8285714285714286,1.5714285714285714,25.37142857142857,1.0,0.23411371237458195,0.4916387959866221,0.47863247863247865,0.6502969643642763,0.5619742007851936,0
0,3,12.606060606060606,2.606060606060606,1.6666666666666667,1.0606060606060606,0.12121212121212122,2.0,31.393939393939394,0.8787878787878788,0.5779036827195467,0.21246458923512748,0.7936507936507936,0.538860103626943,0.4531896468777061,0
1,3,9.527777777777779,6.805555555555555,1.8611111111111112,1.25,0.8888888888888888,1.1111111111111112,26.694444444444443,1.0,0.004,0.352,1.5366972477064218,0.5940011083402604,0.4250466514617458,0
1,3,10.162162162162161,9.027027027027026,1.945945945945946,0.43243243243243246,0.5405405405405406,1.6756756756756757,32.891891891891895,1.0,0.3295880149812734,0.3258426966292135,1.095890410958904,0.6158280922431867,0.3670025395265011,0
1,3,9.285714285714286,6.257142857142857,0.2571428571428571,0.9142857142857143,2.2,1.2,18.714285714285715,0.9142857142857143,0.17372881355932204,0.3177966101694915,0.19780219780219777,0.604089219330855,0.507213363705391,0
1,3,7.575757575757576,1.6363636363636365,0.3939393939393939,0.42424242424242425,0.2727272727272727,0.36363636363636365,20.242424242424242,0.030303030303030304,0.7185929648241206,0.2914572864321608,0.8496732026143791,0.5567432745412435,0.39177714881573067,0
0,3,11.545454545454545,3.4545454545454546,3.6666666666666665,0.48484848484848486,0.06060606060606061,2.0303030303030303,33.78787878787879,1.0,0.4588607594936709,0.3987341772151899,1.7211948790896159,0.5128688348050829,0.44889564517571307,0
0,3,13.257142857142858,5.285714285714286,2.4285714285714284,0.8571428571428571,0.2571428571428571,1.8285714285714285,31.114285714285714,1.0,0.37746478873239436,0.523943661971831,1.259259259259259,0.5310868968043219,0.5025171624713959,0
0,1,12.6875,3.34375,3.8125,1.03125,0.15625,2.75,32.5625,1.0,0.2536764705882353,0.7132352941176471,1.337719298245614,0.568054622789344,0.505166475315729,0
0,3,7.935483870967742,2.935483870967742,1.2258064516129032,0.6129032258064516,0.1935483870967742,1.5161290322580645,24.29032258064516,0.6774193548387096,0.5180180180180181,0.26126126126126126,0.7584830339321357,0.49692954104718806,0.3756116915751885,0
0,2,9.67741935483871,3.4516129032258065,1.6774193548387097,0.967741935483871,0.7096774193548387,1.096774193548387,25.741935483870968,0.5806451612903226,0.5141700404858299,0.3117408906882591,1.4016172506738545,0.5340358872116207,0.43939583073274247,0
0,3,12.91891891891892,3.7027027027027026,6.297297297297297,2.1621621621621623,0.4594594594594595,2.027027027027027,31.08108108108108,1.0,0.3210161662817552,0.24018475750577367,2.9606099110546373,0.4992062828974852,0.6162780618878392,1
0,3,8.0,4.575757575757576,1.4545454545454546,0.8787878787878788,0.3939393939393939,0.7272727272727273,26.90909090909091,0.9393939393939394,0.6425339366515838,0.248868778280543,1.7582417582417582,0.5383360522022839,0.35005048805116123,0
1,1,15.0,9.235294117647058,1.3529411764705883,1.1176470588235294,1.2352941176470589,2.1176470588235294,31.58823529411765,1.0,0.35911602209944754,0.39779005524861877,0.610079575596817,0.599492194846718,0.5160571746797846,0
1,1,9.942857142857143,6.171428571428572,1.2857142857142858,0.42857142857142855,0.7714285714285715,1.8857142857142857,26.02857142857143,0.9428571428571428,0.09191176470588236,0.34558823529411764,0.6474820143884893,0.5552718917538932,0.4297430289775834,0
0,3,15.5,4.7894736842105265,4.973684210526316,1.131578947368421,0.02631578947368421,1.736842105263158,34.81578947368421,0.9736842105263158,0.5918367346938775,0.4336734693877551,2.7077363896848134,0.6308911739502999,0.5863732288212239,0
0,2,15.878787878787879,1.9696969696969697,1.6666666666666667,0.9696969696969697,0.21212121212121213,1.303030303030303,31.242424242424242,1.0,0.665083135391924,0.24228028503562946,1.187904967602592,0.5623765776594831,0.5597988978052789,0
1,3,9.176470588235293,5.911764705882353,0.6470588235294118,0.9705882352941176,1.2352941176470589,1.2941176470588236,24.323529411764707,0.5882352941176471,0.0189873417721519,0.9367088607594937,0.4641350210970464,0.6991753316600932,0.4022157996146435,0
